Date,HomeTeam,AwayTeam,FTHG,FTAG,FTR,HS,AS,HST,AST,PSH,PSD,PSA,PSCH,PSCD,PSCA,AvgH,AvgD,AvgA,AvgCH,AvgCD,AvgCA,BbAvH,BbAvD,BbAvA,B365H,B365D,B365A,MaxH,MaxD,MaxA,MaxCH,MaxCD,MaxCA,BbMxH,BbMxD,BbMxA,P>2.5,P<2.5,PC>2.5,PC<2.5,Avg>2.5,Avg<2.5,AvgC>2.5,AvgC<2.5,BbAv>2.5,BbAv<2.5
11/08/2023,Almeria,Vallecano,0,2,A,19,10,5,4,2.62,3.3,2.96,2.66,3.25,2.96,2.54,3.26,2.92,2.64,3.16,2.85,,,,2.45,3.3,2.9,2.63,3.44,3.04,2.8,3.28,3.03,,,,2.19,1.75,2.32,1.67,2.15,1.72,2.27,1.64,,
11/08/2023,Sevilla,Valencia,1,2,A,9,10,3,3,1.95,3.47,4.48,1.94,3.46,4.58,1.93,3.4,4.33,1.93,3.36,4.4,,,,1.91,3.5,4.2,1.98,3.54,4.5,1.96,3.5,4.74,,,,2.35,1.66,2.36,1.65,2.29,1.64,2.34,1.61,,
12/08/2023,Sociedad,Girona,1,1,D,15,6,2,1,1.65,4.05,5.66,1.85,3.6,4.91,1.63,3.97,5.58,1.81,3.56,4.76,,,,1.62,4,5.25,1.68,4.14,6,1.88,3.8,5.3,,,,1.94,1.94,2.2,1.74,1.9,1.92,2.15,1.72,,
12/08/2023,Las Palmas,Mallorca,1,1,D,5,12,2,2,2.45,3.02,3.46,2.64,2.93,3.32,2.44,3,3.31,2.58,2.88,3.22,,,,2.4,3,3.3,2.5,3.15,3.47,2.76,2.98,3.4,,,,2.77,1.49,3.14,1.41,2.7,1.47,2.99,1.4,,
12/08/2023,Ath Bilbao,Real Madrid,0,2,A,7,14,1,8,3.43,3.58,2.19,3.44,3.5,2.24,3.4,3.52,2.15,3.31,3.43,2.23,,,,3.3,3.5,2.15,3.6,3.65,2.22,3.7,3.64,2.29,,,,1.87,2.03,1.95,1.95,1.85,1.99,1.94,1.89,,
13/08/2023,Celta,Osasuna,0,2,A,11,11,1,5,2.15,3.19,3.99,2.16,3.22,4.02,2.12,3.23,3.8,2.11,3.18,3.86,,,,2.05,3.2,3.9,2.2,3.44,3.99,2.19,3.3,4.2,,,,2.41,1.62,2.47,1.6,2.36,1.6,2.42,1.57,,
13/08/2023,Villarreal,Betis,1,2,A,18,12,5,5,1.81,3.98,4.43,1.75,4.1,4.79,1.77,3.93,4.4,1.73,3.95,4.67,,,,1.75,4,4.2,1.83,4.1,4.7,1.8,4.2,4.9,,,,1.75,2.17,1.76,2.16,1.72,2.15,1.73,2.13,,
13/08/2023,Getafe,Barcelona,0,0,D,5,14,2,4,6.69,4.04,1.57,7.46,4.04,1.55,6.35,3.99,1.57,7.01,3.97,1.54,,,,6.5,3.8,1.57,6.7,4.2,1.61,7.5,4.2,1.57,,,,2.09,1.8,2.33,1.68,2.08,1.77,2.23,1.68,,
14/08/2023,Cadiz,Alaves,1,0,H,12,10,3,2,2.25,3.08,3.86,2.33,2.96,3.91,2.19,3.06,3.79,2.27,2.92,3.73,,,,2.2,3,3.75,2.26,3.23,4,2.35,3.1,3.95,,,,2.75,1.49,3.1,1.41,2.63,1.48,2.86,1.41,,
14/08/2023,Ath Madrid,Granada,3,1,H,14,7,6,4,1.31,5.76,10.3,1.31,5.9,10.5,1.3,5.49,10.27,1.32,5.46,9.45,,,,1.3,5.5,9.5,1.33,6,11.2,1.36,6,11,,,,1.7,2.25,1.65,2.35,1.68,2.2,1.64,2.28,,
18/08/2023,Mallorca,Villarreal,0,1,A,8,15,1,3,3.04,3.13,2.68,2.82,3.19,2.82,2.95,3.11,2.63,2.72,3.22,2.72,,,,2.8,3.2,2.6,3.1,3.25,2.71,2.82,3.4,2.85,,,,2.43,1.62,2.31,1.68,2.38,1.6,2.16,1.7,,
18/08/2023,Valencia,Las Palmas,1,0,H,9,7,4,1,1.61,4.02,6.49,1.63,3.95,6.33,1.59,3.94,6.28,1.59,3.89,6.28,,,,1.57,3.9,6,1.65,4.1,6.6,1.65,4.05,7.5,,,,2.19,1.75,2.19,1.75,2.15,1.73,2.15,1.72,,
19/08/2023,Sociedad,Celta,1,1,D,11,17,2,6,1.76,3.54,5.57,1.69,3.62,6.38,1.76,3.5,5.24,1.69,3.49,5.93,,,,1.73,3.4,5.5,1.83,3.64,5.6,1.73,3.75,6.5,,,,2.47,1.59,2.59,1.56,2.4,1.58,2.49,1.54,,
19/08/2023,Almeria,Real Madrid,1,3,A,20,24,8,9,8.15,5.11,1.4,6.87,5.24,1.44,8,5.01,1.39,6.97,5.15,1.42,,,,8,4.75,1.4,8.5,5.3,1.43,7.8,5.5,1.45,,,,1.64,2.36,1.44,2.95,1.63,2.32,1.43,2.82,,
19/08/2023,Osasuna,Ath Bilbao,0,2,A,18,8,7,2,2.89,3.1,2.79,2.96,3.01,2.85,2.83,3.11,2.71,2.89,2.98,2.76,,,,2.9,3,2.63,2.95,3.29,2.8,3.06,3.1,2.85,,,,2.47,1.59,2.69,1.52,2.39,1.59,2.59,1.51,,
20/08/2023,Girona,Getafe,3,0,H,7,9,6,2,2.06,3.22,4.31,1.98,3.21,4.84,2.05,3.18,4.15,1.95,3.18,4.63,,,,2.05,3.1,4,2.1,3.37,4.4,2.02,3.25,5,,,,2.66,1.52,2.8,1.49,2.59,1.5,2.66,1.48,,
20/08/2023,Barcelona,Cadiz,2,0,H,23,10,10,1,1.21,6.9,14.96,1.26,6.32,12.21,1.21,6.7,14.64,1.25,6.03,12.26,,,,1.2,7,13,1.25,7.5,17,1.29,6.5,14,,,,1.6,2.4,1.68,2.28,1.59,2.39,1.65,2.24,,
20/08/2023,Betis,Ath Madrid,0,0,D,14,5,0,1,3.93,3.57,2.02,3.86,3.53,2.08,3.86,3.45,2.03,3.76,3.48,2.05,,,,3.8,3.4,2,4,3.68,2.08,4.19,3.6,2.15,,,,2.15,1.76,1.99,1.92,2.14,1.73,2,1.83,,
21/08/2023,Alaves,Sevilla,4,3,H,14,12,7,2,3.45,3.1,2.41,3.4,3.08,2.48,3.32,3.06,2.4,3.4,3.06,2.37,,,,3.3,3.1,2.35,3.55,3.23,2.45,3.64,3.2,2.56,,,,2.72,1.5,2.69,1.52,2.61,1.49,2.58,1.51,,
21/08/2023,Granada,Vallecano,0,2,A,14,17,7,9,2.68,3.09,3.03,2.94,3.15,2.74,2.65,3.08,2.92,2.82,3.09,2.75,,,,2.75,3,2.8,2.75,3.26,3.1,3.12,3.2,2.94,,,,2.46,1.59,2.46,1.61,2.38,1.58,2.38,1.59,,
25/08/2023,Las Palmas,Sociedad,0,0,D,11,8,5,1,4.23,3.36,2.04,4.74,3.34,1.95,4.1,3.28,2.04,4.5,3.29,1.95,,,,4.33,3.1,2,4.33,3.46,2.1,4.75,3.4,2,,,,2.48,1.6,2.55,1.57,2.44,1.57,2.49,1.55,,
25/08/2023,Celta,Real Madrid,0,1,A,13,10,4,3,4.93,3.97,1.75,4.41,3.72,1.89,4.74,3.94,1.74,4.53,3.84,1.79,,,,4.75,3.9,1.7,5.11,4.12,1.78,5.13,4.1,1.9,,,,1.81,2.1,1.88,2.11,1.78,2.08,1.76,2.09,,
26/08/2023,Cadiz,Almeria,1,1,D,11,5,3,2,2.24,3.44,3.44,2.15,3.49,3.68,2.25,3.36,3.34,2.17,3.37,3.56,,,,2.25,3.2,3.3,2.3,3.52,3.5,2.2,3.52,3.88,,,,2.14,1.76,2.08,1.83,2.1,1.76,2.1,1.77,,
26/08/2023,Granada,Mallorca,3,2,H,10,10,4,5,2.71,3.03,3.05,2.81,3.01,3.03,2.65,3,3.01,2.72,2.97,2.97,,,,2.6,3,3,2.73,3.17,3.15,2.81,3.1,3.1,,,,2.79,1.48,2.88,1.47,2.7,1.47,2.74,1.46,,
26/08/2023,Sevilla,Girona,1,2,A,21,8,4,3,2.1,3.52,3.73,1.98,3.6,4.17,2.08,3.48,3.65,1.95,3.54,4.06,,,,2.05,3.4,3.6,2.16,3.6,3.85,2,3.75,4.29,,,,1.96,1.93,2.02,1.88,1.95,1.89,1.98,1.86,,
27/08/2023,Villarreal,Barcelona,3,4,A,13,21,6,11,3.62,3.76,2.06,3.57,3.75,2.1,3.54,3.7,2.05,3.44,3.68,2.1,,,,3.6,3.5,2,3.78,3.98,2.11,3.84,3.76,2.18,,,,1.72,2.21,1.64,2.39,1.68,2.23,1.64,2.32,,
27/08/2023,Valencia,Osasuna,1,2,A,16,7,4,2,1.89,3.56,4.53,1.76,3.52,5.51,1.9,3.49,4.33,1.78,3.41,5.35,,,,1.91,3.4,4,1.96,3.63,4.6,1.83,3.6,5.9,,,,2.26,1.69,2.68,1.53,2.23,1.68,2.58,1.52,,
27/08/2023,Ath Bilbao,Betis,4,2,H,14,7,6,3,1.96,3.7,4,2,3.43,4.3,1.92,3.66,4.03,1.96,3.43,4.14,,,,1.85,3.5,4.2,1.99,3.75,4.2,2.08,3.6,4.4,,,,2.06,1.84,2.27,1.7,2,1.85,2.18,1.7,,
28/08/2023,Getafe,Alaves,1,0,H,15,16,4,2,2.36,2.89,3.88,2.62,2.71,3.68,2.28,2.93,3.8,2.45,2.71,3.78,,,,2.2,2.88,3.8,2.36,3.06,4,2.62,2.9,4.24,,,,3.32,1.36,4.03,1.27,3.14,1.37,3.78,1.27,,
28/08/2023,Vallecano,Ath Madrid,0,7,A,12,17,3,10,4.16,3.48,2,4.05,3.38,2.08,4.04,3.47,1.97,3.94,3.33,2.05,,,,4.2,3.3,1.95,4.3,3.62,2.04,4.1,3.58,2.1,,,,2.19,1.74,2.32,1.67,2.12,1.74,2.25,1.67,,
01/09/2023,Cadiz,Villarreal,3,1,H,18,7,4,3,3.43,3.59,2.21,3.27,3.66,2.25,3.36,3.53,2.18,3.27,3.53,2.21,,,,3.4,3.4,2.15,3.5,3.72,2.21,3.59,3.66,2.25,,,,1.88,2.03,1.78,2.13,1.87,1.97,1.82,2.02,,
01/09/2023,Almeria,Celta,2,3,A,16,14,5,8,3.04,3.33,2.55,2.95,3.38,2.58,2.97,3.31,2.5,2.87,3.34,2.53,,,,2.8,3.4,2.5,3.09,3.42,2.6,3.06,3.45,2.61,,,,2.09,1.81,2.01,1.9,2.07,1.78,1.99,1.85,,
02/09/2023,Sociedad,Granada,5,3,H,15,8,6,5,1.47,4.63,7.49,1.47,4.54,7.92,1.45,4.59,7.29,1.44,4.52,7.79,,,,1.44,4.5,7,1.5,4.8,7.5,1.5,4.75,8.5,,,,1.85,2.04,1.96,1.94,1.82,2.02,1.9,1.93,,
02/09/2023,Real Madrid,Getafe,2,1,H,26,6,12,2,1.34,5.13,10.76,1.37,4.91,10.26,1.33,5.14,10.55,1.36,4.89,9.9,,,,1.33,5.25,9.5,1.36,5.4,11.5,1.38,5.1,11,,,,1.93,1.95,2.08,1.83,1.88,1.95,1.98,1.86,,
02/09/2023,Alaves,Valencia,1,0,H,7,9,1,4,2.96,2.99,2.82,3.33,2.98,2.59,2.93,2.94,2.77,3.2,2.93,2.58,,,,2.9,2.88,2.75,3.04,3,2.85,3.46,3,2.75,,,,2.89,1.45,2.87,1.46,2.76,1.45,2.77,1.45,,
02/09/2023,Betis,Vallecano,1,0,H,14,15,5,6,1.98,3.55,4.14,2.09,3.35,4.07,1.98,3.5,3.99,2.06,3.35,3.89,,,,1.95,3.4,4,2.05,3.64,4.25,2.14,3.5,4.13,,,,2.13,1.78,2.36,1.65,2.09,1.77,2.24,1.66,,
03/09/2023,Girona,Las Palmas,1,0,H,11,10,6,5,1.69,3.83,5.59,1.74,3.88,5.15,1.68,3.79,5.46,1.71,3.86,5.08,,,,1.67,3.8,5.25,1.72,4,5.6,1.76,4.07,5.6,,,,2.1,1.79,1.95,1.95,2.11,1.75,1.92,1.9,,
03/09/2023,Mallorca,Ath Bilbao,0,0,D,8,11,2,3,3.3,3.11,2.49,3.24,3.02,2.63,3.26,3.09,2.42,3.13,2.98,2.58,,,,3.3,3,2.38,3.4,3.21,2.49,3.36,3.1,2.7,,,,2.65,1.53,2.84,1.48,2.58,1.52,2.72,1.47,,
03/09/2023,Osasuna,Barcelona,1,2,A,11,9,3,4,5.37,4.17,1.65,6.77,4.67,1.5,5.12,4.1,1.66,6.53,4.52,1.5,,,,5.25,4,1.65,5.4,4.33,1.7,7.15,4.75,1.53,,,,1.79,2.1,1.71,2.25,1.78,2.06,1.69,2.2,,
15/09/2023,Vallecano,Alaves,2,0,H,20,9,11,1,2.03,3.23,4.52,2.04,3.27,4.41,2.01,3.2,4.36,2.03,3.2,4.22,,,,2,3.25,4,2.06,3.35,4.6,2.11,3.34,4.58,,,,2.75,1.5,2.68,1.52,2.66,1.49,2.61,1.5,,
16/09/2023,Ath Bilbao,Cadiz,3,0,H,20,5,9,4,1.56,4.17,6.66,1.61,4.01,6.42,1.55,4.08,6.56,1.58,3.92,6.42,,,,1.53,4,7,1.59,4.33,7,1.67,4.1,7,,,,2.08,1.83,2.18,1.76,2.05,1.79,2.16,1.72,,
16/09/2023,Valencia,Ath Madrid,3,0,H,12,11,8,3,3.93,3.41,2.08,3.53,3.22,2.33,3.82,3.38,2.06,3.47,3.24,2.23,,,,3.8,3.3,2.05,4.04,3.5,2.13,3.79,3.35,2.33,,,,2.19,1.74,2.34,1.66,2.16,1.72,2.23,1.67,,
16/09/2023,Celta,Mallorca,0,1,A,16,7,4,4,2.08,3.13,4.4,2.13,3.14,4.29,2.05,3.13,4.25,2.08,3.1,4.21,,,,2,3.1,4.33,2.11,3.25,4.5,2.15,3.2,4.71,,,,2.74,1.5,2.74,1.51,2.64,1.49,2.63,1.49,,
16/09/2023,Barcelona,Betis,5,0,H,17,11,9,2,1.38,5.4,8.04,1.32,6.05,9.44,1.37,5.23,7.99,1.31,5.82,9.36,,,,1.36,5.25,7.5,1.4,5.6,8.5,1.35,6.16,10,,,,1.57,2.52,1.47,2.83,1.56,2.45,1.47,2.7,,
17/09/2023,Getafe,Osasuna,3,2,H,11,8,6,3,2.65,2.93,3.24,2.69,2.95,3.21,2.6,2.93,3.16,2.62,2.84,3.25,,,,2.63,3,3,2.68,3.09,3.26,2.72,2.96,3.4,,,,3.06,1.4,3.09,1.41,2.94,1.41,3.08,1.38,,
17/09/2023,Villarreal,Almeria,2,1,H,10,17,4,7,1.48,4.98,6.38,1.53,4.98,5.73,1.48,4.77,6.36,1.5,4.9,5.78,,,,1.44,4.5,7,1.53,5.1,7,1.53,5.1,6.31,,,,1.57,2.51,1.41,3.07,1.57,2.44,1.38,3.08,,
17/09/2023,Sevilla,Las Palmas,1,0,H,26,12,9,2,1.64,3.93,5.99,1.6,4.15,6.24,1.64,3.92,5.68,1.59,4.08,5.94,,,,1.62,4,5.5,1.68,4.08,6,1.66,4.33,6.5,,,,2.04,1.85,1.9,2.01,2,1.84,1.87,1.96,,
17/09/2023,Real Madrid,Sociedad,2,1,H,17,15,8,5,1.69,3.97,5.31,1.75,3.77,5.23,1.67,3.97,5.2,1.73,3.79,5.03,,,,1.65,4,5,1.73,4.2,5.5,1.78,4,5.4,,,,1.91,1.98,1.93,1.97,1.88,1.96,1.92,1.92,,
18/09/2023,Granada,Girona,2,4,A,12,13,5,7,2.78,3.44,2.65,3.01,3.58,2.43,2.71,3.37,2.64,2.87,3.51,2.41,,,,2.63,3.5,2.6,2.8,3.52,2.7,3.2,3.65,2.5,,,,2.06,1.84,1.69,2.29,2.02,1.8,1.68,2.21,,
22/09/2023,Alaves,Ath Bilbao,0,2,A,15,11,5,3,4.27,3.16,2.12,4.25,3.1,2.16,4.07,3.14,2.09,4.29,3.1,2.06,,,,4.2,3,2.05,4.33,3.24,2.15,4.75,3.21,2.16,,,,2.64,1.54,2.79,1.49,2.57,1.52,2.7,1.48,,
23/09/2023,Girona,Mallorca,5,3,H,23,15,10,5,1.94,3.39,4.54,1.91,3.4,4.88,1.92,3.38,4.42,1.9,3.36,4.58,,,,1.85,3.5,4.2,1.98,3.5,4.8,1.96,3.45,4.95,,,,2.45,1.6,2.52,1.58,2.39,1.59,2.41,1.58,,
23/09/2023,Osasuna,Sevilla,0,0,D,16,15,2,3,2.62,3.22,2.99,2.45,3.24,3.28,2.55,3.21,2.94,2.37,3.24,3.23,,,,2.6,3.1,2.88,2.64,3.36,3.2,2.61,3.33,3.52,,,,2.33,1.65,2.35,1.66,2.26,1.66,2.24,1.68,,
23/09/2023,Barcelona,Celta,3,2,H,15,13,6,7,1.29,6.04,10.38,1.26,6.77,12.3,1.29,5.95,10.23,1.24,6.36,11.36,,,,1.29,6,9,1.32,6.41,11.3,1.3,6.77,12.3,,,,1.53,2.6,1.46,2.83,1.52,2.55,1.44,2.73,,
23/09/2023,Almeria,Valencia,2,2,D,17,7,10,5,3.11,3.53,2.36,2.72,3.43,2.76,3.04,3.48,2.34,2.79,3.35,2.58,,,,3,3.6,2.3,3.19,3.62,2.41,2.95,3.56,2.76,,,,1.94,1.94,2.15,1.78,1.93,1.91,2.03,1.8,,
24/09/2023,Sociedad,Getafe,4,3,H,10,10,6,7,1.56,3.82,7.76,1.71,3.43,6.71,1.55,3.77,7.37,1.68,3.4,6.52,,,,1.53,3.8,7,1.62,3.98,8.3,1.73,3.74,7.5,,,,2.56,1.56,2.92,1.44,2.51,1.54,2.84,1.43,,
24/09/2023,Vallecano,Villarreal,1,1,D,11,13,6,6,2.56,3.54,2.83,2.64,3.53,2.78,2.52,3.54,2.74,2.55,3.46,2.77,,,,2.5,3.5,2.63,2.6,3.73,2.83,2.77,3.55,3,,,,1.78,2.11,1.83,2.07,1.76,2.1,1.81,2.03,,
24/09/2023,Betis,Cadiz,1,1,D,21,5,7,1,1.86,3.62,4.64,1.81,3.66,5.07,1.85,3.56,4.49,1.8,3.57,4.8,,,,1.8,3.5,4.5,1.9,3.73,4.64,1.88,3.66,5.23,,,,2.14,1.77,2.16,1.76,2.14,1.73,2.15,1.73,,
24/09/2023,Las Palmas,Granada,1,0,H,10,2,3,1,2.05,3.56,3.87,1.95,3.73,4.1,2.03,3.49,3.77,1.96,3.63,3.88,,,,1.95,3.5,3.6,2.08,3.64,3.95,2.05,3.77,4.1,,,,2.07,1.83,1.93,1.97,2.05,1.79,1.9,1.93,,
24/09/2023,Ath Madrid,Real Madrid,3,1,H,10,20,4,5,2.88,3.37,2.61,2.87,3.38,2.65,2.83,3.36,2.56,2.81,3.33,2.59,,,,2.7,3.4,2.55,3.02,3.5,2.63,3.15,3.5,2.7,,,,2.08,1.83,1.99,1.92,2.03,1.82,1.99,1.85,,
26/09/2023,Sevilla,Almeria,5,1,H,18,10,9,1,1.7,4.1,5.09,1.71,3.97,5.18,1.67,4.04,5.08,1.69,3.98,5.05,,,,1.67,3.8,5,1.75,4.22,5.75,1.76,4.2,5.77,,,,1.73,2.18,1.79,2.11,1.72,2.16,1.77,2.08,,
26/09/2023,Mallorca,Barcelona,2,2,D,10,10,5,4,6.98,4.53,1.51,7.5,4.4,1.5,6.89,4.38,1.5,7.07,4.44,1.48,,,,7.5,4.2,1.5,7.5,4.68,1.55,8,5.09,1.54,,,,1.89,2.02,1.93,1.97,1.86,1.98,1.88,1.95,,
27/09/2023,Ath Bilbao,Getafe,2,2,D,9,13,4,5,1.64,3.76,6.51,1.53,4.06,7.73,1.64,3.7,6.21,1.53,4,7.29,,,,1.62,3.6,6.5,1.71,3.85,6.51,1.77,4.31,8,,,,2.41,1.62,2.19,1.74,2.4,1.59,2.21,1.69,,
27/09/2023,Real Madrid,Las Palmas,2,0,H,21,16,9,2,1.21,7.24,13.67,1.18,8,16.5,1.22,6.92,13.1,1.17,7.68,15.97,,,,1.2,7,11,1.24,7.5,15,1.23,8.25,18.5,,,,1.43,2.89,1.43,2.75,1.44,2.8,1.45,2.77,,
27/09/2023,Villarreal,Girona,1,2,A,14,17,3,5,2.22,3.72,3.23,2.17,3.72,3.42,2.23,3.66,3.12,2.15,3.68,3.3,,,,2.25,3.5,3.1,2.32,3.8,3.3,2.26,3.78,3.5,,,,1.61,2.42,1.65,2.36,1.6,2.38,1.6,2.36,,
27/09/2023,Cadiz,Vallecano,0,0,D,9,9,2,4,2.64,3.17,3,2.72,3.11,3,2.58,3.17,2.95,2.63,3.08,2.97,,,,2.5,3.2,2.88,2.66,3.31,3.02,2.74,3.18,3.09,,,,2.42,1.61,2.41,1.63,2.36,1.6,2.37,1.6,,
27/09/2023,Valencia,Sociedad,0,1,A,9,2,2,1,2.68,3.18,2.94,2.57,3.02,3.31,2.65,3.14,2.89,2.52,3.03,3.2,,,,2.63,3.1,2.8,2.76,3.3,2.96,2.63,3.2,3.32,,,,2.51,1.57,2.79,1.49,2.45,1.57,2.65,1.49,,
28/09/2023,Celta,Alaves,1,1,D,8,21,0,11,1.71,3.59,5.97,1.59,3.99,6.84,1.71,3.57,5.6,1.61,3.79,6.41,,,,1.7,3.6,5.25,1.75,3.73,6,1.71,4.2,7.5,,,,2.42,1.61,2.21,1.74,2.39,1.59,2.23,1.67,,
28/09/2023,Granada,Betis,1,1,D,19,13,7,3,3.11,3.53,2.36,2.79,3.46,2.68,3.04,3.45,2.36,2.79,3.43,2.57,,,,3,3.3,2.38,3.19,3.64,2.45,3.13,3.6,2.7,,,,1.95,1.93,1.99,1.92,1.94,1.9,1.94,1.89,,
28/09/2023,Osasuna,Ath Madrid,0,2,A,13,4,2,3,3.68,3.47,2.14,4.21,3.48,2.01,3.53,3.43,2.14,4.05,3.45,1.99,,,,3.4,3.4,2.15,3.72,3.58,2.22,4.33,3.55,2.02,,,,2.13,1.77,2.28,1.69,2.09,1.77,2.21,1.69,,
29/09/2023,Barcelona,Sevilla,1,0,H,18,12,5,3,1.39,5.36,7.97,1.35,5.74,8.7,1.38,5.35,7.92,1.36,5.56,8.12,,,,1.36,5.25,8,1.41,5.75,9,1.4,6,9.5,,,,1.51,2.66,1.43,2.97,1.5,2.61,1.43,2.83,,
30/09/2023,Getafe,Villarreal,0,0,D,22,3,9,0,3,3.25,2.59,2.79,3.14,2.86,2.93,3.25,2.56,2.76,3.12,2.8,,,,2.9,3.1,2.6,3.1,3.35,2.65,2.95,3.25,3.07,,,,2.14,1.77,2.36,1.65,2.11,1.75,2.28,1.65,,
30/09/2023,Vallecano,Mallorca,2,2,D,19,9,5,4,2.16,3.16,4.04,2.03,3.26,4.46,2.18,3.15,3.79,2.02,3.22,4.23,,,,2.1,3.1,4,2.25,3.25,4.04,2.19,3.4,4.6,,,,2.5,1.58,2.62,1.54,2.45,1.56,2.51,1.53,,
30/09/2023,Girona,Real Madrid,0,3,A,13,14,3,7,3.56,4.02,2,4.08,4.06,1.88,3.57,3.92,1.98,3.92,4.01,1.87,,,,3.5,4,1.95,3.7,4.1,2.02,4.18,4.2,1.98,,,,1.65,2.35,1.63,2.42,1.62,2.34,1.57,2.43,,
30/09/2023,Sociedad,Ath Bilbao,3,0,H,8,18,5,3,2.26,3.3,3.53,2.32,3.14,3.66,2.24,3.25,3.49,2.28,3.11,3.58,,,,2.2,3.2,3.5,2.28,3.39,3.65,2.35,3.25,4.1,,,,2.4,1.62,2.61,1.55,2.36,1.61,2.52,1.54,,
01/10/2023,Almeria,Granada,3,3,D,17,19,5,4,1.92,3.68,3.96,1.98,3.73,3.99,1.96,3.7,3.79,1.96,3.74,3.82,,,,1.95,3.6,3.75,2.02,3.93,4.1,2.01,3.95,4.25,,,,1.75,2.11,1.76,2.17,1.76,2.09,1.71,2.18,,
01/10/2023,Alaves,Osasuna,0,2,A,17,10,3,3,2.76,2.99,2.89,2.59,3.02,3.32,2.71,3.06,2.87,2.52,3.02,3.2,,,,2.75,3,2.8,2.81,3.21,3,2.69,3.1,3.55,,,,2.6,1.51,2.89,1.45,2.56,1.52,2.68,1.48,,
01/10/2023,Ath Madrid,Cadiz,3,2,H,18,8,9,4,1.35,4.99,8.91,1.34,5.31,10.48,1.36,5.08,9.18,1.33,5.28,9.96,,,,1.33,5,10,1.39,5.34,10,1.37,5.6,11,,,,1.77,2.07,1.81,2.09,1.75,2.11,1.78,2.07,,
01/10/2023,Betis,Valencia,3,0,H,15,9,7,2,2.31,3.29,3.26,2.07,3.41,4.04,2.31,3.32,3.23,2.09,3.3,3.86,,,,2.3,3.25,3.3,2.39,3.44,3.33,2.17,3.45,4.06,,,,2.19,1.69,2.37,1.65,2.16,1.72,2.29,1.65,,
02/10/2023,Las Palmas,Celta,2,1,H,16,11,5,3,2.52,3.15,2.99,3.02,3.09,2.72,2.48,3.21,3.03,2.92,3.13,2.65,,,,2.5,3.2,3,2.58,3.37,3.1,3.11,3.2,2.76,,,,2.29,1.63,2.4,1.64,2.28,1.64,2.32,1.63,,
06/10/2023,Ath Bilbao,Almeria,3,0,H,23,4,9,1,1.38,5.41,8.23,1.32,5.66,9.41,1.38,5.24,8.16,1.32,5.66,9.65,,,,1.36,5,8,1.42,5.6,9,1.39,6.01,11,,,,1.56,2.58,1.57,2.54,1.54,2.49,1.53,2.47,,
07/10/2023,Cadiz,Girona,0,1,A,8,20,2,5,3.28,3.4,2.33,3.39,3.43,2.22,3.25,3.41,2.28,3.29,3.4,2.25,,,,3.25,3.4,2.25,3.35,3.5,2.36,3.58,3.5,2.3,,,,1.98,1.91,2.05,1.86,1.95,1.87,1.99,1.84,,
07/10/2023,Real Madrid,Osasuna,4,0,H,19,7,9,1,1.3,5.95,10.38,1.27,6.43,11.77,1.31,5.7,9.96,1.27,6.09,11.08,,,,1.29,6,9.5,1.33,6,11,1.3,6.64,13,,,,1.6,2.45,1.58,2.51,1.58,2.4,1.55,2.44,,
07/10/2023,Mallorca,Valencia,1,1,D,9,11,5,3,2.54,3.05,3.26,2.57,3,3.35,2.51,3.08,3.16,2.5,2.98,3.22,,,,2.5,3,3.2,2.6,3.18,3.28,2.7,3.1,3.37,,,,2.62,1.53,2.83,1.48,2.53,1.53,2.64,1.47,,
07/10/2023,Sevilla,Vallecano,2,2,D,22,7,6,4,1.91,3.61,4.39,1.83,3.79,4.65,1.89,3.58,4.27,1.84,3.68,4.39,,,,1.85,3.6,4.2,1.93,3.67,4.5,1.9,3.86,4.65,,,,2.08,1.81,2.02,1.89,2.05,1.79,1.97,1.85,,
08/10/2023,Villarreal,Las Palmas,1,2,A,9,8,4,5,1.63,4.21,5.56,1.65,4.12,5.59,1.62,4.17,5.48,1.65,4.09,5.38,,,,1.6,4,5.75,1.65,4.35,6,1.75,4.3,5.75,,,,1.81,2.08,1.81,2.09,1.76,2.08,1.78,2.08,,
08/10/2023,Ath Madrid,Sociedad,2,1,H,14,13,5,4,1.93,3.39,4.59,2.04,3.4,4.39,1.91,3.45,4.42,1.99,3.35,4.2,,,,1.83,3.4,4.5,1.95,3.58,4.85,2.1,3.55,4.8,,,,2.19,1.74,2.21,1.74,2.12,1.72,2.18,1.71,,
08/10/2023,Alaves,Betis,1,1,D,15,6,5,2,2.93,3.2,2.68,2.57,3.25,3.06,2.86,3.18,2.65,2.57,3.24,2.92,,,,2.8,3.25,2.6,2.97,3.3,2.74,2.76,3.37,3.15,,,,2.42,1.61,2.3,1.68,2.38,1.59,2.22,1.68,,
08/10/2023,Celta,Getafe,2,2,D,26,3,11,2,2.07,3.23,4.23,2.04,3.29,4.38,2.06,3.2,4.11,2.03,3.26,4.14,,,,2.05,3.1,4.2,2.1,3.26,4.3,2.09,3.35,4.45,,,,2.62,1.53,2.41,1.63,2.57,1.51,2.37,1.6,,
08/10/2023,Granada,Barcelona,2,2,D,7,22,2,10,6.89,5.36,1.43,6.83,5.19,1.45,6.92,5.18,1.42,6.99,5.13,1.41,,,,6.5,5.25,1.4,7.5,5.5,1.45,7.5,5.47,1.45,,,,1.49,2.73,1.49,2.76,1.47,2.69,1.45,2.73,,
20/10/2023,Osasuna,Granada,2,0,H,12,13,6,3,1.72,3.99,5.13,1.69,3.89,5.67,1.73,3.87,4.89,1.67,3.89,5.39,,,,1.73,3.8,4.75,1.77,4.03,5.2,1.71,4.1,5.8,,,,1.88,2.02,2.09,1.82,1.86,1.97,1.92,1.9,,
21/10/2023,Sociedad,Mallorca,1,0,H,14,18,6,7,1.57,3.91,7.23,1.69,3.59,6.36,1.57,3.84,7.03,1.64,3.62,6.5,,,,1.55,3.8,7,1.61,4,8,1.73,3.9,7.5,,,,2.42,1.61,2.68,1.53,2.38,1.59,2.55,1.53,,
21/10/2023,Getafe,Betis,1,1,D,14,13,4,3,2.51,3.11,3.25,2.49,3.15,3.29,2.49,3.11,3.15,2.39,3.14,3.29,,,,2.5,3,3.1,2.55,3.31,3.3,2.5,3.3,3.6,,,,2.48,1.58,2.43,1.62,2.42,1.57,2.34,1.61,,
21/10/2023,Sevilla,Real Madrid,1,1,D,17,14,7,5,4.18,3.91,1.87,4.8,4.13,1.74,4.08,3.87,1.86,4.61,4.06,1.74,,,,4.2,3.6,1.85,4.2,4.06,1.9,4.83,4.25,1.81,,,,1.67,2.3,1.63,2.42,1.68,2.21,1.6,2.37,,
21/10/2023,Celta,Ath Madrid,0,3,A,16,12,3,7,3.65,3.53,2.12,3.43,3.55,2.23,3.58,3.49,2.11,3.45,3.48,2.14,,,,3.5,3.5,2.1,3.8,3.66,2.15,3.79,3.62,2.25,,,,2.01,1.88,1.97,1.93,2,1.84,1.93,1.9,,
22/10/2023,Las Palmas,Vallecano,0,1,A,12,12,6,4,2.71,3.12,2.96,2.66,3.04,3.15,2.66,3.14,2.87,2.64,3.03,3.02,,,,2.63,3.1,2.8,2.73,3.34,3,2.76,3.1,3.15,,,,2.35,1.65,2.67,1.53,2.29,1.63,2.53,1.53,,
22/10/2023,Girona,Almeria,5,2,H,19,9,8,5,1.47,4.89,6.71,1.39,5.33,8.24,1.47,4.81,6.6,1.39,5.1,7.85,,,,1.45,4.5,7,1.51,5,7,1.43,5.33,8.73,,,,1.54,2.59,1.55,2.6,1.52,2.53,1.54,2.5,,
22/10/2023,Villarreal,Alaves,1,1,D,12,16,3,7,1.74,3.98,4.95,2.09,3.36,4.05,1.73,3.85,4.96,2.02,3.45,3.95,,,,1.7,3.75,5,1.75,4.01,5.25,2.09,3.6,4.2,,,,1.96,1.93,2.12,1.79,1.94,1.89,2.06,1.78,,
22/10/2023,Barcelona,Ath Bilbao,1,0,H,12,10,7,3,1.68,4.14,5.16,1.86,3.79,4.49,1.67,4.09,5.13,1.85,3.78,4.23,,,,1.62,4,5.5,1.71,4.25,5.5,1.92,4,4.7,,,,1.76,2.14,1.76,2.16,1.74,2.12,1.72,2.15,,
23/10/2023,Valencia,Cadiz,2,0,H,12,5,4,4,1.78,3.6,5.29,1.68,3.67,6.07,1.77,3.57,5.03,1.68,3.62,5.78,,,,1.75,3.6,5,1.84,3.75,5.4,1.75,3.76,6.4,,,,2.33,1.66,2.35,1.65,2.26,1.65,2.29,1.63,,
27/10/2023,Girona,Celta,1,0,H,12,4,2,2,1.69,4.27,4.84,1.75,4.12,4.63,1.69,4.2,4.74,1.72,4.09,4.6,,,,1.7,4.2,4.5,1.75,4.37,5.04,1.77,4.32,5.07,,,,1.66,2.35,1.69,2.29,1.64,2.3,1.65,2.26,,
28/10/2023,Almeria,Las Palmas,1,2,A,10,10,4,3,2.37,3.46,3.15,2.31,3.3,3.42,2.33,3.46,3.1,2.31,3.33,3.25,,,,2.25,3.5,3.1,2.43,3.6,3.22,2.48,3.46,3.45,,,,1.99,1.9,2.21,1.74,1.95,1.88,2.14,1.73,,
28/10/2023,Barcelona,Real Madrid,1,2,A,15,13,3,4,2.55,3.66,2.76,2.58,3.49,2.83,2.55,3.66,2.68,2.59,3.53,2.7,,,,2.55,3.6,2.6,2.69,3.78,2.78,2.7,3.68,2.84,,,,1.61,2.41,1.79,2.13,1.6,2.4,1.7,2.16,,
28/10/2023,Mallorca,Getafe,0,0,D,15,8,4,0,2.35,3.03,3.67,2.33,2.96,3.9,2.31,3.03,3.61,2.3,2.99,3.67,,,,2.25,3,3.5,2.37,3.17,3.8,2.41,3.1,4.1,,,,2.92,1.44,3.04,1.4,2.8,1.44,2.88,1.42,,
28/10/2023,Cadiz,Sevilla,2,2,D,10,20,5,10,3.39,3.37,2.29,3.9,3.49,2.08,3.29,3.34,2.29,3.84,3.37,2.07,,,,3.3,3.25,2.25,3.41,3.52,2.33,4.22,3.5,2.2,,,,2.12,1.78,2.19,1.75,2.09,1.77,2.17,1.71,,
29/10/2023,Betis,Osasuna,2,1,H,9,7,2,1,2.1,3.4,3.89,1.99,3.47,4.21,2.08,3.41,3.74,1.99,3.43,4.03,,,,2.05,3.5,3.6,2.12,3.56,3.92,2.07,3.6,4.62,,,,2.18,1.74,2.19,1.75,2.15,1.72,2.16,1.72,,
29/10/2023,Vallecano,Sociedad,2,2,D,16,15,7,3,3.34,3.11,2.46,3.38,3.16,2.42,3.21,3.14,2.43,3.31,3.16,2.36,,,,3.1,3.2,2.38,3.35,3.29,2.49,3.65,3.26,2.44,,,,2.5,1.58,2.5,1.59,2.41,1.59,2.4,1.58,,
29/10/2023,Ath Bilbao,Valencia,2,2,D,12,11,7,5,1.64,3.96,5.95,1.65,3.97,5.83,1.65,3.87,5.72,1.61,3.98,5.95,,,,1.62,3.8,5.75,1.69,4.01,6,1.67,4.2,6.25,,,,2.1,1.79,2.11,1.81,2.08,1.75,2.04,1.8,,
29/10/2023,Ath Madrid,Alaves,2,1,H,11,8,7,1,1.4,4.96,8.74,1.45,4.57,8.2,1.39,4.89,8.71,1.43,4.6,8.11,,,,1.4,4.75,8.5,1.43,5.25,9.5,1.47,5.13,9.7,,,,1.88,2.01,2,1.91,1.83,2,1.92,1.9,,
30/10/2023,Granada,Villarreal,2,3,A,18,6,8,5,3.16,3.62,2.29,2.99,3.64,2.39,3.02,3.6,2.31,2.98,3.58,2.35,,,,3.1,3.5,2.25,3.17,3.8,2.39,3.45,3.65,2.43,,,,1.72,2.2,1.67,2.33,1.71,2.17,1.67,2.24,,
03/11/2023,Las Palmas,Ath Madrid,2,1,H,9,13,3,5,5.74,3.85,1.68,5.56,3.69,1.72,5.7,3.79,1.66,5.52,3.74,1.69,,,,5.75,3.6,1.65,6.15,3.91,1.69,6.12,4.03,1.75,,,,2.18,1.75,2.18,1.75,2.12,1.75,2.12,1.75,,
04/11/2023,Osasuna,Girona,2,4,A,15,11,3,4,2.88,3.47,2.51,2.99,3.31,2.56,2.88,3.45,2.47,2.91,3.33,2.51,,,,2.9,3.4,2.4,2.97,3.58,2.54,3.06,3.5,2.63,,,,1.95,1.93,2.11,1.8,1.94,1.89,1.99,1.85,,
04/11/2023,Betis,Mallorca,2,0,H,22,8,3,1,1.93,3.37,4.52,1.9,3.45,4.68,1.92,3.4,4.42,1.88,3.39,4.63,,,,1.91,3.3,4.5,1.96,3.54,4.7,1.91,3.5,5.25,,,,2.38,1.63,2.35,1.66,2.34,1.62,2.32,1.62,,
04/11/2023,Celta,Sevilla,1,1,D,15,13,3,5,2.58,3.49,2.79,2.41,3.41,3.13,2.57,3.43,2.77,2.4,3.39,3.03,,,,2.6,3.4,2.7,2.63,3.58,2.82,2.49,3.46,3.2,,,,1.95,1.93,2.05,1.86,1.93,1.9,1.98,1.85,,
04/11/2023,Sociedad,Barcelona,0,1,A,13,12,6,4,3.37,3.55,2.2,3.38,3.29,2.33,3.26,3.5,2.23,3.33,3.36,2.26,,,,3.1,3.5,2.25,3.41,3.68,2.29,3.74,3.49,2.35,,,,1.93,1.95,2.13,1.79,1.9,1.93,2.05,1.8,,
05/11/2023,Alaves,Almeria,1,0,H,23,9,3,3,1.78,3.8,4.75,1.77,3.77,4.99,1.79,3.76,4.63,1.75,3.78,4.91,,,,1.75,3.75,4.75,1.82,3.91,5,1.82,4,5.4,,,,1.98,1.91,2,1.91,1.96,1.87,1.96,1.87,,
05/11/2023,Valencia,Granada,1,0,H,11,6,2,1,1.66,4.13,5.24,1.67,4.15,5.29,1.65,4.07,5.23,1.63,4.16,5.36,,,,1.65,4,5,1.69,4.25,5.5,1.67,4.4,6.25,,,,1.93,1.96,1.85,2.06,1.86,1.97,1.81,2.03,,
05/11/2023,Villarreal,Ath Bilbao,2,3,A,17,17,6,7,3.06,3.58,2.34,3.82,3.94,1.95,2.98,3.58,2.36,3.61,3.79,2.01,,,,2.8,3.6,2.4,3.13,3.72,2.42,3.85,3.95,2.25,,,,1.85,2.04,1.67,2.33,1.82,1.99,1.68,2.24,,
05/11/2023,Real Madrid,Vallecano,0,0,D,22,4,5,0,1.27,6.24,10.53,1.22,6.9,13.8,1.28,6.08,10.82,1.22,6.77,13.56,,,,1.29,5.5,12,1.31,6.6,12,1.25,7.2,15,,,,1.53,2.58,1.51,2.63,1.53,2.51,1.49,2.64,,
06/11/2023,Getafe,Cadiz,1,0,H,13,6,3,2,1.93,3.19,4.88,2.08,3.1,4.41,1.93,3.21,4.67,2,3.15,4.47,,,,1.91,3.1,4.75,1.98,3.37,4.9,2.11,3.29,4.9,,,,2.81,1.47,2.82,1.48,2.73,1.46,2.7,1.47,,
10/11/2023,Ath Bilbao,Celta,4,3,H,21,13,12,5,1.69,4.17,5.04,1.71,4.04,5.04,1.68,4.05,5.07,1.68,4.06,4.97,,,,1.67,3.8,5,1.73,4.21,5.95,1.72,4.2,5.29,,,,1.76,2.17,1.74,2.2,1.75,2.12,1.71,2.16,,
11/11/2023,Vallecano,Girona,1,2,A,22,19,9,7,2.92,3.48,2.48,2.99,3.5,2.46,2.88,3.51,2.45,3.01,3.45,2.39,,,,2.88,3.5,2.4,2.97,3.7,2.5,3.15,3.55,2.55,,,,1.84,2.06,1.92,1.99,1.83,2.01,1.88,1.96,,
11/11/2023,Almeria,Sociedad,1,3,A,7,18,2,6,4.83,4.01,1.72,4.38,3.8,1.85,4.71,3.95,1.73,4.33,3.76,1.83,,,,4.75,3.8,1.73,4.9,4.1,1.78,4.8,3.9,1.87,,,,1.87,2.02,1.87,2.04,1.82,2.02,1.85,1.98,,
11/11/2023,Granada,Getafe,1,1,D,12,10,6,6,2.58,3.16,3.04,2.49,3.19,3.19,2.55,3.18,2.98,2.5,3.14,3.11,,,,2.5,3.1,3,2.63,3.33,3.08,2.66,3.25,3.26,,,,2.38,1.63,2.34,1.66,2.34,1.62,2.3,1.63,,
11/11/2023,Osasuna,Las Palmas,1,1,D,11,6,3,1,2,3.25,4.42,1.97,3.36,4.47,1.99,3.32,4.21,1.96,3.3,4.36,,,,1.95,3.4,4,2.05,3.5,4.5,2.09,3.5,4.62,,,,2.41,1.62,2.43,1.62,2.35,1.61,2.39,1.59,,
11/11/2023,Real Madrid,Valencia,5,1,H,16,10,7,4,1.32,5.6,9.7,1.32,5.79,10.11,1.33,5.48,9.41,1.34,5.46,9.08,,,,1.33,5.5,8.5,1.36,5.8,10.25,1.37,6.1,10.75,,,,1.65,2.35,1.62,2.44,1.63,2.31,1.62,2.33,,
12/11/2023,Barcelona,Alaves,2,1,H,11,8,6,1,1.24,6.51,11.82,1.25,6.51,12.09,1.25,6.32,11.97,1.25,6.17,11.78,,,,1.25,6,11,1.29,6.8,13,1.28,6.83,13,,,,1.61,2.4,1.62,2.41,1.57,2.41,1.6,2.34,,
12/11/2023,Sevilla,Betis,1,1,D,13,14,4,6,2.17,3.52,3.46,2.24,3.46,3.42,2.13,3.53,3.47,2.17,3.5,3.31,,,,2.05,3.5,3.6,2.18,3.68,3.6,2.25,3.6,3.56,,,,1.95,1.93,1.94,1.96,1.93,1.91,1.87,1.94,,
12/11/2023,Ath Madrid,Villarreal,3,1,H,25,11,10,7,1.38,5.43,7.71,1.34,5.81,8.91,1.37,5.33,7.92,1.34,5.62,8.41,,,,1.36,5.5,7.5,1.41,5.6,8.5,1.37,5.9,9,,,,1.52,2.63,1.45,2.89,1.5,2.57,1.45,2.77,,
24/11/2023,Alaves,Granada,3,1,H,8,11,5,4,1.76,3.74,5.15,1.74,3.67,5.45,1.74,3.74,5.05,1.71,3.66,5.34,,,,1.7,3.6,5,1.8,3.91,5.3,1.77,3.78,5.8,,,,2.16,1.76,2.35,1.66,2.05,1.79,2.23,1.67,,
25/11/2023,Vallecano,Barcelona,1,1,D,10,15,4,4,5.39,4.09,1.65,5,4.25,1.68,5.13,4.13,1.65,4.89,4.15,1.68,,,,5.25,4,1.65,5.4,4.3,1.68,5.2,4.3,1.71,,,,1.75,2.15,1.67,2.31,1.73,2.14,1.66,2.26,,
25/11/2023,Valencia,Celta,0,0,D,8,13,0,1,2.19,3.43,3.51,2.3,3.32,3.44,2.18,3.39,3.47,2.21,3.34,3.46,,,,2.2,3.25,3.5,2.22,3.5,3.6,2.31,3.56,3.66,,,,2.12,1.78,2.17,1.76,2.11,1.75,2.13,1.74,,
25/11/2023,Getafe,Almeria,2,1,H,18,13,5,4,1.68,3.86,5.46,1.78,3.68,5.06,1.68,3.82,5.41,1.77,3.61,4.85,,,,1.65,3.75,5.5,1.72,3.96,5.7,1.86,3.7,5.13,,,,2.07,1.83,2.12,1.79,2.02,1.8,2.08,1.76,,
25/11/2023,Ath Madrid,Mallorca,1,0,H,20,8,3,1,1.37,4.89,9.37,1.36,5.1,9.85,1.38,4.83,9.17,1.35,5.01,9.36,,,,1.33,5,9.5,1.4,5,10,1.38,5.33,10,,,,1.96,1.93,1.89,2.01,1.94,1.89,1.85,1.98,,
26/11/2023,Villarreal,Osasuna,3,1,H,10,15,3,7,2.17,3.49,3.5,2.2,3.46,3.52,2.17,3.52,3.38,2.16,3.47,3.45,,,,2.15,3.5,3.3,2.22,3.62,3.53,2.21,3.58,3.7,,,,1.88,2.01,2,1.9,1.86,1.97,1.95,1.88,,
26/11/2023,Sociedad,Sevilla,2,1,H,11,8,8,2,1.76,3.76,4.92,1.63,3.95,6.09,1.76,3.71,4.89,1.64,3.85,5.81,,,,1.75,3.6,4.75,1.8,3.88,5.3,1.7,4.05,6.4,,,,2.06,1.84,2.11,1.81,2.04,1.8,2.07,1.79,,
26/11/2023,Cadiz,Real Madrid,0,3,A,13,14,4,5,6.67,4.68,1.48,6.9,4.7,1.48,6.48,4.54,1.5,6.99,4.6,1.47,,,,6,4.5,1.5,6.9,4.8,1.53,7.5,4.86,1.5,,,,1.77,2.13,1.8,2.1,1.74,2.12,1.8,2.05,,
26/11/2023,Betis,Las Palmas,1,0,H,12,15,6,4,1.65,3.91,5.66,1.72,3.74,5.55,1.68,3.8,5.52,1.69,3.74,5.5,,,,1.7,3.75,5.25,1.71,4,6.56,1.72,3.89,6,,,,2.14,1.76,2.19,1.74,2.12,1.74,2.13,1.74,,
27/11/2023,Girona,Ath Bilbao,1,1,D,12,13,2,6,2.32,3.69,3.01,2.27,3.66,3.17,2.28,3.66,3.01,2.23,3.61,3.13,,,,2.25,3.5,3.1,2.35,3.8,3.15,2.35,3.79,3.57,,,,1.68,2.29,1.73,2.2,1.67,2.23,1.67,2.22,,
29/11/2023,Mallorca,Cadiz,1,1,D,16,6,3,3,1.99,3.21,4.56,1.87,3.33,5.15,1.98,3.24,4.38,1.89,3.29,4.78,,,,1.95,3.2,4.33,2.04,3.39,4.75,1.98,3.4,5.15,,,,2.67,1.52,2.63,1.54,2.57,1.52,2.56,1.52,,
01/12/2023,Las Palmas,Getafe,2,0,H,11,12,6,4,2.49,2.95,3.48,2.41,2.98,3.62,2.45,2.95,3.41,2.42,2.94,3.46,,,,2.38,2.9,3.4,2.52,3.13,3.52,2.56,3,3.65,,,,3.07,1.41,3.06,1.41,2.91,1.42,2.94,1.41,,
02/12/2023,Girona,Valencia,2,1,H,9,9,5,3,1.71,3.97,5,1.67,4.02,5.48,1.7,3.99,4.99,1.65,4,5.36,,,,1.7,4,4.75,1.73,4.17,5.3,1.7,4.11,5.84,,,,1.83,2.05,1.91,2,1.82,2.03,1.86,1.98,,
02/12/2023,Ath Bilbao,Vallecano,4,0,H,9,11,4,3,1.57,4.32,5.92,1.48,4.77,6.9,1.59,4.22,5.72,1.46,4.71,7.04,,,,1.57,4.2,5.75,1.65,4.4,6.2,1.49,5,8,,,,1.81,2.07,1.71,2.25,1.81,2.03,1.68,2.21,,
02/12/2023,Real Madrid,Granada,2,0,H,11,1,4,0,1.16,8.84,14.66,1.19,7.75,15,1.16,8.44,15.7,1.17,7.97,15.83,,,,1.17,8,15,1.18,9.4,19,1.2,9,19,,,,1.36,3.27,1.36,3.32,1.36,3.16,1.35,3.21,,
02/12/2023,Osasuna,Sociedad,1,1,D,9,17,3,5,3.75,3.24,2.18,4,3.17,2.16,3.57,3.23,2.23,3.86,3.15,2.13,,,,3.4,3.25,2.2,3.82,3.37,2.3,4.16,3.26,2.22,,,,2.46,1.6,2.65,1.53,2.42,1.58,2.53,1.52,,
03/12/2023,Mallorca,Alaves,0,0,D,7,7,3,4,2.47,2.99,3.41,2.75,2.9,3.13,2.46,3.01,3.32,2.62,2.9,3.11,,,,2.45,3,3.25,2.52,3.17,3.45,2.76,3,3.37,,,,2.89,1.44,3.04,1.42,2.77,1.45,2.86,1.42,,
03/12/2023,Almeria,Betis,0,0,D,20,6,8,2,3.36,3.66,2.16,3.53,3.78,2.06,3.28,3.63,2.18,3.52,3.73,2.04,,,,3.2,3.6,2.2,3.45,3.73,2.23,3.93,3.85,2.08,,,,1.75,2.16,1.73,2.22,1.74,2.12,1.7,2.17,,
03/12/2023,Sevilla,Villarreal,1,1,D,18,5,4,4,2.05,3.73,3.58,1.9,3.95,4.01,2.11,3.69,3.41,1.97,3.76,3.73,,,,2,3.6,3.6,2.2,3.85,3.64,2.1,3.95,4.02,,,,1.72,2.21,1.69,2.28,1.7,2.18,1.68,2.23,,
03/12/2023,Barcelona,Ath Madrid,1,0,H,13,9,2,4,2.05,3.76,3.57,1.95,3.92,3.83,2.03,3.7,3.6,1.94,3.82,3.78,,,,2,3.75,3.5,2.1,3.84,3.78,2.01,4.04,4.1,,,,1.79,2.11,1.68,2.31,1.76,2.1,1.67,2.22,,
04/12/2023,Celta,Cadiz,1,1,D,26,2,7,1,1.61,4.13,5.8,1.55,4.28,6.64,1.6,4.02,5.85,1.54,4.19,6.41,,,,1.57,3.8,6.5,1.65,4.25,6.5,1.63,4.4,7.5,,,,2.05,1.85,1.92,1.99,2,1.84,1.92,1.9,,
08/12/2023,Getafe,Valencia,1,0,H,8,3,6,0,2.76,2.88,3.14,2.67,2.94,3.19,2.69,2.88,3.09,2.63,2.9,3.11,,,,2.6,2.9,3.1,2.77,2.91,3.24,2.79,2.96,3.22,,,,3.05,1.42,2.94,1.44,2.9,1.41,2.82,1.43,,
09/12/2023,Alaves,Las Palmas,0,1,A,19,9,5,2,2.08,3.16,4.2,2.01,3.24,4.4,2.06,3.17,4.1,2.05,3.18,4.17,,,,2.1,3,4.2,2.12,3.33,4.33,2.1,3.25,4.43,,,,2.69,1.51,2.63,1.54,2.59,1.51,2.53,1.53,,
09/12/2023,Betis,Real Madrid,1,1,D,14,12,6,2,4.39,3.92,1.81,4.75,4.19,1.72,4.26,3.85,1.82,4.68,4.07,1.71,,,,4.2,3.8,1.8,4.5,4.03,1.86,4.98,4.3,1.83,,,,1.78,2.12,1.69,2.28,1.76,2.09,1.68,2.21,,
09/12/2023,Villarreal,Sociedad,0,3,A,20,16,4,5,3.45,3.55,2.16,3.52,3.48,2.19,3.42,3.52,2.14,3.37,3.44,2.2,,,,3.4,3.4,2.1,3.6,3.68,2.31,3.53,3.58,2.31,,,,1.96,1.93,2.05,1.87,1.94,1.88,2,1.83,,
09/12/2023,Mallorca,Sevilla,1,0,H,6,19,3,5,2.69,3.16,2.9,2.61,3.07,3.15,2.68,3.16,2.83,2.62,3.01,3.03,,,,2.75,3.1,2.75,2.75,3.29,2.95,2.84,3.1,3.18,,,,2.47,1.59,2.64,1.54,2.38,1.59,2.63,1.5,,
10/12/2023,Ath Madrid,Almeria,2,1,H,13,19,4,5,1.19,7.63,13.51,1.2,7.9,12.92,1.22,7.07,12.5,1.2,7.58,13.66,,,,1.22,6.5,12,1.25,8.1,14,1.25,8.9,17,,,,1.38,3.13,1.38,3.15,1.38,3.06,1.37,3.14,,
10/12/2023,Cadiz,Osasuna,1,1,D,12,13,5,5,2.99,3.14,2.63,2.84,3.07,2.87,2.95,3.14,2.58,2.83,3.07,2.76,,,,2.9,3.1,2.55,3.05,3.27,2.63,3.03,3.18,2.96,,,,2.52,1.57,2.6,1.55,2.43,1.57,2.51,1.53,,
10/12/2023,Barcelona,Girona,2,4,A,31,15,11,7,1.52,4.9,5.7,1.46,5.35,6.27,1.53,4.79,5.6,1.48,5.09,5.93,,,,1.53,5,5.5,1.59,5,6.05,1.59,5.5,6.5,,,,1.49,2.71,1.37,3.25,1.48,2.64,1.37,3.15,,
11/12/2023,Granada,Ath Bilbao,1,1,D,7,19,4,4,4.85,4.16,1.69,4.17,3.69,1.93,4.8,4.12,1.69,4.16,3.75,1.87,,,,5,4,1.67,5.03,4.3,1.78,4.53,4.04,1.98,,,,1.74,2.18,1.88,2.03,1.71,2.16,1.81,2.04,,
11/12/2023,Vallecano,Celta,0,0,D,17,4,4,2,2.51,3.31,3.02,2.75,3.19,2.86,2.44,3.32,3,2.69,3.19,2.81,,,,2.45,3.1,3.1,2.54,3.5,3.11,2.76,3.3,3.1,,,,2.09,1.8,2.2,1.74,2.05,1.79,2.13,1.74,,
15/12/2023,Osasuna,Vallecano,1,0,H,10,9,4,3,2.29,3.16,3.63,2.29,3.18,3.63,2.25,3.19,3.55,2.23,3.2,3.56,,,,2.2,3.2,3.5,2.31,3.33,3.81,2.3,3.3,3.83,,,,2.56,1.57,2.53,1.58,2.47,1.57,2.39,1.59,,
16/12/2023,Celta,Granada,1,0,H,11,7,4,2,1.67,4.1,5.13,1.71,3.82,5.39,1.67,4.09,5.06,1.69,3.88,5.18,,,,1.67,4,5,1.71,4.22,5.3,1.72,4.15,5.5,,,,1.81,2.07,2.01,1.89,1.78,2.07,1.95,1.88,,
16/12/2023,Ath Bilbao,Ath Madrid,2,0,H,16,7,7,3,2.45,3.52,2.94,2.63,3.34,2.88,2.44,3.47,2.92,2.51,3.36,2.85,,,,2.45,3.3,2.9,2.55,3.64,3.01,2.63,3.45,2.98,,,,1.9,1.99,1.92,1.99,1.9,1.94,1.87,1.95,,
16/12/2023,Sevilla,Getafe,0,3,A,12,14,4,7,1.97,3.39,4.32,1.82,3.45,5.24,1.95,3.42,4.25,1.81,3.46,4.97,,,,1.95,3.4,4.2,2,3.6,5,1.89,3.62,5.3,,,,2.32,1.66,2.51,1.59,2.25,1.66,2.37,1.6,,
16/12/2023,Valencia,Barcelona,1,1,D,11,16,4,8,5.2,4.06,1.67,6.04,4.56,1.55,5.12,4.01,1.67,5.7,4.47,1.56,,,,5,3.8,1.67,5.5,4.16,1.71,6.25,4.62,1.65,,,,1.85,2.04,1.61,2.44,1.83,2.01,1.6,2.38,,
17/12/2023,Almeria,Mallorca,0,0,D,7,20,1,2,2.66,3.3,2.83,2.4,3.1,3.47,2.65,3.3,2.78,2.37,3.15,3.32,,,,2.7,3.2,2.7,2.7,3.43,2.89,2.68,3.23,3.53,,,,2.19,1.74,2.52,1.58,2.12,1.75,2.37,1.6,,
17/12/2023,Sociedad,Betis,0,0,D,12,12,4,3,1.7,3.9,5.17,1.59,4.18,6.12,1.71,3.87,5.08,1.59,4.09,5.96,,,,1.7,4,5,1.75,4,5.3,1.69,4.3,6.5,,,,2.07,1.81,1.99,1.92,2.04,1.8,1.97,1.87,,
17/12/2023,Las Palmas,Cadiz,1,1,D,7,13,2,5,1.96,3.31,4.49,2.01,3.3,4.38,1.95,3.35,4.35,1.99,3.27,4.24,,,,1.91,3.3,4.33,2.05,3.49,4.6,2.06,3.4,4.59,,,,2.5,1.58,2.56,1.57,2.41,1.59,2.45,1.56,,
17/12/2023,Real Madrid,Villarreal,4,1,H,22,3,9,1,1.29,6.3,9.21,1.22,7.29,12.24,1.29,6.29,9.4,1.24,6.96,11.49,,,,1.29,6,9,1.32,6.6,10.5,1.29,7.6,13.75,,,,1.4,3.01,1.34,3.37,1.38,3.06,1.35,3.26,,
18/12/2023,Girona,Alaves,3,0,H,9,12,4,2,1.57,4.38,5.79,1.62,4.12,5.75,1.55,4.3,5.95,1.61,4.12,5.53,,,,1.53,4,6.5,1.59,4.5,6.5,1.65,4.33,6.1,,,,1.74,2.17,1.82,2.08,1.75,2.11,1.77,2.08,,
19/12/2023,Vallecano,Valencia,0,1,A,7,8,1,3,2.24,3.18,3.74,2.28,3.17,3.66,2.22,3.2,3.58,2.3,3.19,3.41,,,,2.2,3.2,3.5,2.28,3.4,3.77,2.39,3.3,3.7,,,,2.47,1.61,2.37,1.65,2.4,1.59,2.33,1.62,,
19/12/2023,Ath Madrid,Getafe,3,3,D,8,29,4,9,1.48,4.45,7.67,1.48,4.54,7.35,1.46,4.45,7.72,1.47,4.49,7.29,,,,1.45,4.33,7.5,1.49,5,9,1.5,5,9,,,,2.07,1.85,1.79,2.11,2,1.84,1.81,2,,
19/12/2023,Granada,Sevilla,0,3,A,12,12,3,5,2.96,3.3,2.59,3.12,3.17,2.55,2.88,3.32,2.54,2.99,3.21,2.49,,,,2.8,3.4,2.5,3.05,3.42,2.65,3.3,3.5,2.63,,,,2.11,1.81,2.33,1.67,2.07,1.78,2.21,1.67,,
20/12/2023,Barcelona,Almeria,3,2,H,30,10,11,5,1.13,10.49,16.19,1.14,9,19,1.14,9.55,16.82,1.15,8.76,16.19,,,,1.14,8.5,15,1.16,11,20,1.18,9.72,19,,,,,,1.32,3.52,1.26,3.87,1.28,3.69,,
20/12/2023,Ath Bilbao,Las Palmas,1,0,H,19,5,10,1,1.39,4.99,8.41,1.38,5.19,8.59,1.39,4.88,8.3,1.37,5.11,8.57,,,,1.36,5,7,1.44,5.2,9.5,1.4,5.4,10,,,,1.8,2.08,1.74,2.19,1.79,2.06,1.72,2.15,,
20/12/2023,Villarreal,Celta,3,2,H,12,15,8,5,2.42,3.52,2.98,2.45,3.38,3.09,2.41,3.53,2.9,2.38,3.47,2.99,,,,2.4,3.6,2.88,2.48,3.8,3.02,2.45,3.8,3.11,,,,1.89,2,2.06,1.85,1.85,1.99,1.94,1.89,,
21/12/2023,Betis,Girona,1,1,D,21,12,4,4,2.87,3.69,2.42,2.67,3.55,2.69,2.8,3.61,2.43,2.69,3.55,2.55,,,,2.8,3.5,2.38,2.91,3.75,2.5,2.94,3.71,2.7,,,,1.75,2.16,1.79,2.13,1.74,2.12,1.72,2.15,,
21/12/2023,Cadiz,Sociedad,0,0,D,10,8,2,1,4.8,3.42,1.87,6.27,3.59,1.69,4.61,3.46,1.85,5.92,3.56,1.68,,,,4.75,3.1,1.75,5,3.6,1.92,6.62,3.71,1.83,,,,2.36,1.64,2.51,1.59,2.27,1.65,2.42,1.57,,
21/12/2023,Alaves,Real Madrid,0,1,A,8,9,2,4,5.93,4.26,1.58,6.04,4.13,1.6,5.78,4.27,1.57,5.73,4.12,1.59,,,,5.75,4,1.53,6,4.42,1.65,6.26,4.3,1.65,,,,1.82,2.06,1.88,2.02,1.78,2.07,1.83,2.01,,
21/12/2023,Mallorca,Osasuna,3,2,H,15,12,8,7,2.42,2.98,3.51,2.26,2.92,4.11,2.37,3,3.45,2.27,2.91,3.86,,,,2.3,2.9,3.3,2.45,3.17,3.6,2.45,3.05,4.11,,,,2.91,1.44,3.22,1.38,2.78,1.45,3.03,1.39,,
23/12/2023,Ath Madrid,Sevilla,1,0,H,12,8,4,2,1.54,4.51,6.05,1.59,4.27,5.99,1.53,4.46,6.04,1.58,4.22,5.73,,,,1.53,4.33,5.75,1.56,4.63,6.5,1.6,4.35,6.22,,,,1.73,2.18,1.81,2.08,1.71,2.18,1.77,2.08,,
02/01/2024,Getafe,Vallecano,0,2,A,5,12,0,8,2.42,3,3.5,2.4,2.95,3.57,2.42,3,3.39,2.38,2.98,3.46,,,,2.38,3,3.3,2.53,3.11,3.75,2.48,3.07,3.93,,,,2.67,1.52,2.89,1.46,2.63,1.5,2.69,1.47,,
02/01/2024,Sociedad,Alaves,1,1,D,16,7,6,2,1.59,3.9,6.58,1.53,3.87,8.34,1.59,3.84,6.63,1.54,3.9,7.48,,,,1.6,3.75,6.5,1.64,3.99,7,1.58,4,8.4,,,,2.37,1.63,2.39,1.63,2.34,1.62,2.32,1.63,,
02/01/2024,Valencia,Villarreal,3,1,H,11,8,8,4,2.04,3.49,3.9,2.23,3.43,3.49,2.05,3.5,3.72,2.19,3.41,3.38,,,,2.05,3.5,3.6,2.12,3.68,4,2.25,3.54,3.64,,,,2.01,1.88,2.04,1.87,1.99,1.85,1.99,1.84,,
03/01/2024,Granada,Cadiz,2,0,H,15,15,8,2,2.26,3.19,3.59,2.25,3.12,3.82,2.26,3.19,3.49,2.25,3.08,3.64,,,,2.25,3.1,3.5,2.31,3.31,3.65,2.33,3.15,3.85,,,,2.39,1.63,2.53,1.58,2.33,1.61,2.46,1.56,,
03/01/2024,Celta,Betis,2,1,H,19,14,6,3,2.47,3.33,3.05,2.21,3.31,3.67,2.43,3.37,2.98,2.21,3.3,3.45,,,,2.4,3.3,3,2.49,3.55,3.08,2.33,3.4,3.67,,,,2.05,1.85,2.12,1.8,1.99,1.84,2.03,1.79,,
03/01/2024,Real Madrid,Mallorca,1,0,H,17,7,5,0,1.23,6.68,12.58,1.22,6.75,13.93,1.24,6.4,12.86,1.23,6.46,13.63,,,,1.2,6.5,15,1.28,7.1,15,1.25,6.9,16.7,,,,1.66,2.28,1.62,2.39,1.66,2.26,1.63,2.31,,
03/01/2024,Girona,Ath Madrid,4,3,H,17,18,9,12,2.61,3.55,2.71,2.7,3.71,2.6,2.57,3.61,2.66,2.63,3.63,2.58,,,,2.55,3.6,2.63,2.64,3.76,2.76,2.7,3.85,2.68,,,,1.68,2.27,1.62,2.43,1.68,2.22,1.61,2.35,,
04/01/2024,Osasuna,Almeria,1,0,H,14,4,2,0,1.71,3.94,5.03,1.74,3.82,5.21,1.71,3.92,4.89,1.72,3.82,5.01,,,,1.7,4,4.75,1.76,4.05,5.1,1.78,4,5.48,,,,1.94,1.94,1.98,1.93,1.88,1.95,1.92,1.91,,
04/01/2024,Sevilla,Ath Bilbao,0,2,A,11,15,2,6,3.17,3.24,2.45,3.09,3.26,2.52,3.08,3.33,2.39,3.01,3.24,2.46,,,,3,3.3,2.38,3.2,3.54,2.47,3.15,3.38,2.53,,,,2.09,1.8,2.11,1.8,2.04,1.8,2.05,1.78,,
04/01/2024,Las Palmas,Barcelona,1,2,A,12,15,3,5,5.82,4.39,1.57,6.35,4.68,1.51,5.68,4.33,1.57,6.25,4.68,1.49,,,,5.5,4.33,1.57,6,4.5,1.61,6.7,4.81,1.52,,,,1.73,2.18,1.61,2.44,1.71,2.12,1.6,2.37,,
12/01/2024,Sevilla,Alaves,2,3,A,19,16,4,8,1.95,3.4,4.52,2.07,3.23,4.23,1.94,3.35,4.42,2.02,3.27,4.12,,,,1.91,3.4,4.2,1.97,3.43,4.68,2.11,3.42,4.5,,,,2.47,1.6,2.48,1.59,2.4,1.59,2.38,1.59,,
13/01/2024,Las Palmas,Villarreal,3,0,H,8,17,3,3,2.52,3.39,2.94,2.69,3.51,2.72,2.52,3.36,2.87,2.63,3.44,2.7,,,,2.5,3.3,2.8,2.61,3.45,2.97,2.7,3.55,2.87,,,,2,1.89,1.83,2.1,1.96,1.87,1.81,2.03,,
13/01/2024,Mallorca,Celta,1,1,D,17,6,6,2,2.57,3.02,3.2,2.41,2.95,3.66,2.57,3.02,3.1,2.38,2.99,3.48,,,,2.5,3.1,3,2.67,3.15,3.25,2.44,3.08,3.66,,,,2.7,1.51,2.92,1.45,2.6,1.5,2.69,1.48,,
13/01/2024,Ath Bilbao,Sociedad,2,1,H,10,9,3,1,2.02,3.47,4,2.14,3.08,4.17,2.04,3.42,3.88,2.11,3.14,3.99,,,,2,3.4,3.8,2.1,3.52,4.1,2.17,3.2,4.2,,,,2.2,1.72,2.69,1.56,2.17,1.7,2.54,1.53,,
13/01/2024,Betis,Granada,1,0,H,25,6,6,2,1.65,4.04,5.49,1.76,3.8,5.04,1.63,4.1,5.45,1.72,3.8,5.09,,,,1.62,4.2,4.75,1.68,4.22,5.7,1.76,3.94,5.5,,,,1.91,1.98,1.96,1.94,1.86,1.97,1.93,1.9,,
14/01/2024,Almeria,Girona,0,0,D,20,5,3,1,4.71,4.42,1.67,3.84,3.76,1.99,4.61,4.32,1.68,3.72,3.77,1.96,,,,4.5,4,1.7,4.8,4.53,1.73,4.12,4,2.02,,,,1.51,2.65,1.64,2.37,1.5,2.59,1.62,2.33,,
14/01/2024,Cadiz,Valencia,1,4,A,10,9,2,5,3.02,2.96,2.75,3.15,2.85,2.78,2.93,3.02,2.7,3.05,2.88,2.72,,,,2.88,3,2.7,3.05,3.15,2.79,3.29,2.98,2.86,,,,2.61,1.54,3.05,1.42,2.5,1.55,2.84,1.43,,
19/01/2024,Alaves,Cadiz,1,0,H,13,9,3,1,1.73,3.51,6,1.68,3.57,6.43,1.73,3.45,5.83,1.64,3.59,6.51,,,,1.7,3.5,5.75,1.77,3.61,6,1.68,3.78,7,,,,2.66,1.53,2.69,1.53,2.61,1.51,2.57,1.52,,
20/01/2024,Vallecano,Las Palmas,0,2,A,16,10,3,5,1.93,3.42,4.5,1.72,3.7,5.49,1.92,3.43,4.37,1.74,3.62,5.23,,,,1.85,3.3,4.5,1.99,3.54,4.6,1.79,3.75,5.5,,,,2.35,1.65,2.18,1.76,2.33,1.62,2.14,1.73,,
20/01/2024,Villarreal,Mallorca,1,1,D,18,8,5,2,2.1,3.5,3.68,2.12,3.41,3.79,2.09,3.48,3.59,2.11,3.39,3.62,,,,2.05,3.5,3.6,2.14,3.62,3.78,2.17,3.57,3.95,,,,2.11,1.79,2.16,1.77,2.05,1.78,2.12,1.74,,
20/01/2024,Valencia,Ath Bilbao,1,0,H,6,6,1,3,3.47,3.46,2.19,3.55,3.22,2.29,3.38,3.39,2.21,3.47,3.22,2.25,,,,3.3,3.3,2.25,3.52,3.5,2.29,3.71,3.3,2.3,,,,2.22,1.71,2.43,1.62,2.17,1.71,2.35,1.61,,
20/01/2024,Celta,Sociedad,0,1,A,6,6,2,2,3.21,3.08,2.52,2.52,2.97,3.4,3.23,3.07,2.46,2.59,2.92,3.2,,,,3.25,3,2.4,3.4,3.17,2.55,3.07,3.01,3.4,,,,2.52,1.57,2.9,1.46,2.47,1.56,2.78,1.45,,
21/01/2024,Osasuna,Getafe,3,2,H,13,10,7,7,2.21,3.11,3.87,2.5,2.93,3.59,2.18,3.09,3.81,2.44,2.9,3.5,,,,2.15,3,4,2.23,3.29,4,2.58,3,3.75,,,,2.72,1.5,3,1.39,2.64,1.49,2.9,1.42,,
21/01/2024,Real Madrid,Almeria,3,2,H,18,10,6,2,1.15,9.58,15.8,1.13,9.75,23,1.15,9.07,16.19,1.12,9.66,21.1,,,,1.13,10,17,1.17,10,19,1.14,10.24,26,,,,1.31,3.46,1.31,3.55,1.29,3.54,1.3,3.59,,
21/01/2024,Betis,Barcelona,2,4,A,14,11,5,4,4.29,4.01,1.81,4.1,4.12,1.84,4.24,3.92,1.81,3.94,4,1.85,,,,4.33,3.8,1.8,4.5,4.1,1.84,4.55,4.12,1.91,,,,1.7,2.24,1.58,2.52,1.7,2.18,1.56,2.47,,
21/01/2024,Girona,Sevilla,5,1,H,12,9,8,3,1.74,3.93,4.81,1.83,3.99,4.29,1.73,4,4.6,1.78,4,4.31,,,,1.73,4,4.5,1.79,4.16,5,1.84,4.2,4.75,,,,1.69,2.24,1.67,2.32,1.67,2.22,1.66,2.25,,
22/01/2024,Granada,Ath Madrid,0,1,A,17,10,2,5,5.03,4,1.7,5.3,4,1.7,4.79,3.97,1.71,5.07,4.09,1.66,,,,4.75,3.8,1.7,5.2,4.1,1.77,5.63,4.39,1.7,,,,1.8,2.08,1.77,2.15,1.78,2.05,1.74,2.13,,
26/01/2024,Almeria,Alaves,0,3,A,19,11,7,3,2.64,3.24,2.9,2.87,3.1,2.8,2.61,3.23,2.86,2.78,3.09,2.74,,,,2.6,3.2,2.8,2.66,3.39,2.96,2.87,3.2,2.92,,,,2.28,1.68,2.43,1.62,2.23,1.68,2.34,1.6,,
27/01/2024,Sociedad,Vallecano,0,0,D,6,5,3,0,1.67,3.73,5.86,1.82,3.3,5.63,1.67,3.72,5.69,1.8,3.28,5.48,,,,1.67,3.75,5.5,1.75,3.87,6.25,1.85,3.4,5.74,,,,2.3,1.67,2.87,1.47,2.27,1.65,2.74,1.46,,
27/01/2024,Las Palmas,Real Madrid,1,2,A,7,13,2,5,7.18,4.74,1.45,6.81,4.86,1.47,6.81,4.71,1.46,6.82,4.78,1.46,,,,6.5,4.75,1.45,7.3,4.9,1.5,7.5,5,1.5,,,,1.69,2.25,1.64,2.38,1.67,2.23,1.63,2.32,,
27/01/2024,Barcelona,Villarreal,3,5,A,22,9,10,6,1.35,5.9,7.75,1.36,6.03,7.62,1.34,5.91,7.85,1.39,5.6,6.97,,,,1.36,5.5,8,1.39,6.2,8.5,1.44,6.03,8.05,,,,1.38,3.14,1.34,3.42,1.35,3.23,1.33,3.37,,
27/01/2024,Mallorca,Betis,0,1,A,14,8,1,2,2.39,3.13,3.37,2.27,3.14,3.71,2.4,3.14,3.25,2.23,3.14,3.6,,,,2.3,3.2,3.2,2.44,3.31,3.45,2.4,3.23,4.19,,,,2.51,1.57,2.53,1.58,2.48,1.55,2.46,1.55,,
28/01/2024,Celta,Girona,0,1,A,10,15,5,6,2.8,3.52,2.55,2.77,3.55,2.6,2.77,3.52,2.49,2.74,3.51,2.54,,,,2.8,3.4,2.5,2.95,3.72,2.57,3.11,3.61,2.65,,,,1.78,2.13,1.72,2.23,1.74,2.09,1.7,2.19,,
28/01/2024,Cadiz,Ath Bilbao,0,0,D,9,8,2,0,5.11,3.68,1.76,5.13,3.36,1.86,5.14,3.62,1.74,4.79,3.37,1.86,,,,5.5,3.4,1.73,6,3.8,1.8,5.17,3.55,1.93,,,,2.26,1.69,2.47,1.6,2.21,1.68,2.35,1.61,,
28/01/2024,Sevilla,Osasuna,1,1,D,10,11,5,4,2.1,3.37,3.84,2.13,3.23,4.03,2.06,3.36,3.79,2.11,3.21,3.86,,,,2,3.4,3.75,2.11,3.53,3.95,2.2,3.31,4.06,,,,2.28,1.68,2.49,1.58,2.22,1.67,2.4,1.58,,
28/01/2024,Ath Madrid,Valencia,2,0,H,12,10,8,3,1.51,4.47,6.63,1.6,4.04,6.33,1.5,4.42,6.51,1.57,4.07,6.24,,,,1.45,4.33,7,1.53,4.6,7,1.61,4.35,7,,,,1.85,2.05,2.02,1.89,1.81,2.02,1.95,1.88,,
29/01/2024,Getafe,Granada,2,0,H,7,16,4,3,1.82,3.5,5.01,1.87,3.44,4.92,1.82,3.49,4.73,1.85,3.45,4.74,,,,1.8,3.4,4.75,1.88,3.64,5.1,1.9,3.66,5,,,,2.35,1.65,2.44,1.62,2.3,1.62,2.31,1.63,,
31/01/2024,Barcelona,Osasuna,1,0,H,16,9,4,1,1.32,5.82,9.33,1.34,5.77,8.84,1.32,5.57,9.5,1.34,5.38,8.7,,,,1.33,5,10,1.37,6,10.5,1.38,5.77,10.3,,,,1.62,2.39,1.53,2.65,1.62,2.34,1.5,2.58,,
31/01/2024,Ath Madrid,Vallecano,2,1,H,8,10,3,2,1.5,4.48,6.83,1.64,3.83,6.3,1.5,4.47,6.58,1.61,3.88,6.02,,,,1.5,4.2,6.5,1.53,4.7,7.5,1.65,4.31,6.85,,,,1.81,2.07,2.03,1.88,1.77,2.08,2,1.85,,
01/02/2024,Getafe,Real Madrid,0,2,A,10,16,2,9,6.44,4.18,1.56,6.62,3.81,1.62,6.23,4.19,1.55,6.09,3.98,1.59,,,,6,4.2,1.55,6.6,4.33,1.6,6.7,4.33,1.63,,,,1.96,1.93,2.09,1.81,1.92,1.91,2,1.84,,
02/02/2024,Ath Bilbao,Mallorca,4,0,H,13,6,6,2,1.56,4,7.13,1.53,3.9,8.32,1.55,3.96,6.95,1.52,3.92,7.7,,,,1.53,3.9,7,1.59,4.1,7.4,1.55,4.1,8.4,,,,2.27,1.69,2.56,1.56,2.24,1.67,2.39,1.59,,
03/02/2024,Valencia,Almeria,2,1,H,7,15,2,5,1.67,3.97,5.35,1.74,3.82,5.23,1.67,3.93,5.26,1.71,3.81,5.14,,,,1.65,3.75,5.5,1.7,4.1,5.54,1.75,3.99,5.49,,,,2,1.89,2.07,1.85,1.95,1.88,2.01,1.83,,
03/02/2024,Granada,Las Palmas,1,1,D,3,16,1,6,2.32,3.23,3.41,2.21,3.32,3.64,2.3,3.25,3.32,2.17,3.3,3.61,,,,2.3,3.2,3.3,2.35,3.43,3.45,2.23,3.37,4.05,,,,2.28,1.68,2.2,1.74,2.25,1.66,2.16,1.72,,
03/02/2024,Alaves,Barcelona,1,3,A,13,8,2,5,4.31,3.71,1.87,4.3,3.6,1.93,4.18,3.71,1.87,4.11,3.62,1.91,,,,4.33,3.6,1.85,4.6,3.88,1.91,4.33,3.72,1.97,,,,1.9,1.99,1.97,1.93,1.87,1.97,1.92,1.92,,
03/02/2024,Girona,Sociedad,0,0,D,11,11,3,2,2.19,3.42,3.52,2.06,3.48,3.91,2.15,3.46,3.48,2.03,3.48,3.81,,,,2.1,3.4,3.5,2.2,3.63,3.63,2.1,3.7,4.1,,,,2.02,1.87,2.04,1.88,2,1.85,1.99,1.85,,
04/02/2024,Villarreal,Cadiz,0,0,D,19,8,4,2,1.66,4.02,5.4,1.61,4.15,5.84,1.65,4.04,5.23,1.62,4.09,5.56,,,,1.62,4,5.5,1.71,4.2,5.6,1.66,4.2,6,,,,1.89,1.99,1.82,2.08,1.86,1.98,1.81,2.02,,
04/02/2024,Osasuna,Celta,0,3,A,18,6,1,5,2.38,3.16,3.36,2.18,3.12,4.02,2.35,3.17,3.31,2.19,3.09,3.82,,,,2.38,3.1,3.3,2.4,3.31,3.41,2.31,3.17,4.11,,,,2.52,1.57,2.73,1.51,2.45,1.56,2.65,1.49,,
04/02/2024,Betis,Getafe,1,1,D,9,11,3,2,1.9,3.45,4.57,2.11,3.2,4.13,1.91,3.43,4.39,2.01,3.28,4.21,,,,1.91,3.4,4.2,1.95,3.59,4.6,2.13,3.4,4.71,,,,2.32,1.66,2.41,1.63,2.28,1.64,2.31,1.63,,
04/02/2024,Real Madrid,Ath Madrid,1,1,D,17,10,4,5,1.78,4.06,4.36,1.72,4.15,4.81,1.76,4.04,4.39,1.69,4.19,4.69,,,,1.73,4,4.5,1.81,4.2,4.84,1.79,4.39,5.1,,,,1.68,2.26,1.65,2.35,1.67,2.24,1.61,2.35,,
05/02/2024,Vallecano,Sevilla,1,2,A,22,10,5,6,2.18,3.36,3.61,2.15,3.26,3.91,2.19,3.34,3.45,2.14,3.29,3.72,,,,2.15,3.3,3.5,2.25,3.5,3.66,2.21,3.46,3.91,,,,2.24,1.7,2.41,1.63,2.18,1.69,2.31,1.64,,
09/02/2024,Cadiz,Betis,0,2,A,14,13,5,5,3.12,2.97,2.7,3.06,3.03,2.71,3.03,2.99,2.65,3.05,2.98,2.61,,,,3,3,2.6,3.12,3.05,2.74,3.28,3.1,2.71,,,,2.83,1.48,2.74,1.51,2.67,1.49,2.62,1.5,,
10/02/2024,Alaves,Villarreal,1,1,D,17,12,4,4,2.24,3.42,3.4,2.22,3.48,3.44,2.21,3.41,3.35,2.21,3.42,3.35,,,,2.2,3.4,3.3,2.27,3.58,3.45,2.29,3.5,3.47,,,,2.07,1.83,2,1.91,2.01,1.82,1.99,1.85,,
10/02/2024,Sociedad,Osasuna,0,1,A,21,9,3,2,1.89,3.21,5.12,1.76,3.33,6.18,1.87,3.23,5.01,1.76,3.31,5.66,,,,1.85,3.2,5,1.97,3.33,5.4,1.96,3.5,6.18,,,,2.87,1.45,2.9,1.45,2.79,1.44,2.79,1.44,,
10/02/2024,Real Madrid,Girona,4,0,H,16,5,6,0,1.45,5.12,6.54,1.43,5.48,6.55,1.45,5.04,6.42,1.42,5.3,6.39,,,,1.45,5,6,1.51,5.3,7.21,1.46,5.68,7,,,,1.45,2.86,1.34,3.48,1.44,2.8,1.34,3.3,,
10/02/2024,Las Palmas,Valencia,2,0,H,8,7,3,1,2.84,2.91,2.97,2.6,3,3.23,2.72,2.99,2.93,2.58,2.98,3.13,,,,2.75,3,2.9,2.86,3.1,3.05,2.67,3.1,3.25,,,,2.7,1.51,2.71,1.52,2.57,1.52,2.62,1.5,,
11/02/2024,Getafe,Celta,3,2,H,11,9,4,4,2.24,3.14,3.71,2.22,3.08,3.97,2.24,3.14,3.59,2.18,3.08,3.81,,,,2.2,3.1,3.6,2.31,3.21,3.72,2.23,3.21,4.05,,,,2.59,1.55,2.86,1.47,2.54,1.53,2.75,1.46,,
11/02/2024,Mallorca,Vallecano,2,1,H,8,11,5,4,2.42,2.97,3.54,2.51,2.81,3.65,2.38,2.98,3.46,2.49,2.8,3.5,,,,2.3,3,3.4,2.44,3.07,3.61,2.55,2.89,3.65,,,,2.86,1.46,3.45,1.34,2.72,1.46,3.32,1.33,,
11/02/2024,Sevilla,Ath Madrid,1,0,H,10,16,6,5,3.6,3.64,2.08,3.78,3.62,2.05,3.5,3.55,2.09,3.65,3.58,2.04,,,,3.5,3.5,2.05,3.68,3.67,2.15,3.92,3.68,2.1,,,,1.86,2.03,1.87,2.05,1.84,1.99,1.84,2,,
11/02/2024,Barcelona,Granada,3,3,D,11,11,6,5,1.2,7.83,12.33,1.19,8.06,14.16,1.21,7.23,12.32,1.18,7.74,14.19,,,,1.22,7.5,10,1.24,8.3,13,1.2,8.53,17.95,,,,1.41,2.99,1.4,3.08,1.4,2.91,1.38,3.06,,
12/02/2024,Almeria,Ath Bilbao,0,0,D,10,12,4,4,4.64,3.99,1.76,4.72,3.65,1.84,4.65,3.92,1.73,4.6,3.62,1.82,,,,4.33,4,1.73,5,4.09,1.77,5.09,3.81,1.87,,,,1.88,2.01,2.15,1.77,1.81,2.01,2.07,1.78,,
16/02/2024,Villarreal,Getafe,1,1,D,20,11,7,2,2.02,3.58,3.93,2.08,3.6,3.71,2,3.56,3.81,2.05,3.55,3.63,,,,1.95,3.5,3.8,2.12,3.65,4.02,2.11,3.8,3.88,,,,2,1.91,1.9,2.01,1.95,1.89,1.89,1.94,,
17/02/2024,Ath Madrid,Las Palmas,5,0,H,13,11,7,2,1.48,4.58,6.96,1.48,4.45,7.75,1.47,4.59,7.09,1.46,4.43,7.36,,,,1.5,4.75,6.5,1.5,4.82,7.5,1.5,4.7,8,,,,1.86,2.03,2.03,1.88,1.81,2.04,1.94,1.88,,
17/02/2024,Osasuna,Cadiz,2,0,H,11,5,4,1,1.8,3.41,5.36,1.81,3.42,5.43,1.79,3.41,5.27,1.8,3.34,5.24,,,,1.75,3.3,5.5,1.88,3.5,5.54,1.88,3.44,5.6,,,,2.65,1.52,2.67,1.52,2.55,1.52,2.61,1.5,,
17/02/2024,Celta,Barcelona,1,2,A,13,14,4,4,4.09,3.88,1.88,3.93,3.75,1.93,3.96,3.85,1.88,3.77,3.78,1.95,,,,3.8,3.8,1.85,4.2,4.05,1.91,4.03,3.95,2,,,,1.71,2.23,1.77,2.15,1.68,2.22,1.7,2.19,,
17/02/2024,Valencia,Sevilla,0,0,D,14,1,4,1,2.29,3.28,3.44,2.31,3.17,3.58,2.26,3.31,3.34,2.28,3.16,3.47,,,,2.25,3.3,3.3,2.3,3.44,3.47,2.36,3.26,3.68,,,,2.29,1.68,2.53,1.58,2.21,1.69,2.44,1.57,,
18/02/2024,Vallecano,Real Madrid,1,1,D,8,11,3,4,5.43,4.12,1.64,5.37,3.92,1.69,5.49,4.07,1.63,5.15,3.97,1.67,,,,6,3.75,1.62,6,4.27,1.67,5.5,4.1,1.7,,,,1.87,2.03,1.82,2.09,1.84,2,1.77,2.09,,
18/02/2024,Granada,Almeria,1,1,D,19,13,7,3,2.19,3.51,3.43,2.29,3.42,3.35,2.14,3.51,3.41,2.22,3.37,3.37,,,,2.1,3.5,3.4,2.2,3.65,3.55,2.34,3.5,3.62,,,,1.97,1.92,2.09,1.81,1.93,1.88,2.07,1.78,,
18/02/2024,Mallorca,Sociedad,1,2,A,4,19,1,5,3.4,2.83,2.6,3.89,2.81,2.41,3.34,2.83,2.55,3.77,2.78,2.39,,,,3.4,2.8,2.5,3.45,2.99,2.64,3.99,2.96,2.59,,,,3.37,1.35,3.69,1.31,3.25,1.33,3.58,1.3,,
18/02/2024,Betis,Alaves,0,0,D,13,13,2,4,2.15,3.31,3.75,2.45,3.09,3.37,2.1,3.34,3.7,2.35,3.14,3.34,,,,2.1,3.3,3.75,2.16,3.54,3.82,2.49,3.28,3.64,,,,2.25,1.7,2.61,1.55,2.19,1.69,2.45,1.56,,
19/02/2024,Ath Bilbao,Girona,3,2,H,14,12,7,6,1.94,3.79,3.88,1.87,3.66,4.5,1.98,3.72,3.68,1.86,3.69,4.25,,,,1.91,3.6,4,2.02,3.9,4,1.91,3.86,4.5,,,,1.72,2.21,1.93,1.97,1.71,2.15,1.86,1.98,,
23/02/2024,Sociedad,Villarreal,1,3,A,21,6,8,4,1.72,3.84,5.25,1.65,4.05,5.57,1.73,3.78,5.06,1.63,4.01,5.43,,,,1.73,3.6,5,1.76,4,5.4,1.66,4.2,5.6,,,,2.02,1.89,1.88,2.02,1.96,1.85,1.85,1.98,,
24/02/2024,Barcelona,Getafe,4,0,H,17,10,9,4,1.42,5.11,7.29,1.42,5.06,7.76,1.42,4.97,7.2,1.42,4.9,7.51,,,,1.4,5,7,1.47,5.2,8,1.45,5.2,8,,,,1.64,2.34,1.67,2.31,1.63,2.3,1.68,2.22,,
24/02/2024,Alaves,Mallorca,1,1,D,9,15,1,8,1.96,3.09,4.98,1.88,3.09,5.36,1.94,3.11,4.8,1.91,3.09,5.09,,,,1.91,3,5,2,3.2,5.08,1.96,3.25,5.4,,,,3.07,1.4,3.23,1.38,2.93,1.41,3.01,1.4,,
24/02/2024,Almeria,Ath Madrid,2,2,D,9,18,4,9,4.55,4.02,1.76,5.46,3.99,1.71,4.54,3.95,1.75,5.02,3.92,1.7,,,,4.75,4,1.7,4.82,4.1,1.81,5.46,4.07,1.75,,,,1.79,2.1,1.83,2.06,1.74,2.08,1.82,2.02,,
25/02/2024,Cadiz,Celta,2,2,D,19,7,6,3,3.15,3.04,2.58,3.41,3.02,2.48,3.08,3.03,2.57,3.26,2.99,2.49,,,,3.1,3,2.5,3.21,3.1,2.63,3.42,3.05,2.55,,,,2.72,1.5,2.82,1.48,2.62,1.5,2.71,1.47,,
25/02/2024,Betis,Ath Bilbao,3,1,H,13,3,5,1,3.63,3.27,2.21,4.03,3.32,2.09,3.5,3.26,2.21,3.77,3.3,2.1,,,,3.6,3.1,2.2,3.63,3.41,2.26,4.03,3.4,2.17,,,,2.22,1.71,2.24,1.71,2.16,1.7,2.18,1.71,,
25/02/2024,Las Palmas,Osasuna,1,1,D,9,6,3,2,2.44,3.03,3.42,2.47,3.11,3.32,2.41,3.03,3.33,2.46,3.01,3.26,,,,2.38,2.9,3.5,2.48,3.17,3.5,2.58,3.11,3.41,,,,2.62,1.53,2.59,1.56,2.52,1.53,2.49,1.54,,
25/02/2024,Real Madrid,Sevilla,1,0,H,16,4,6,1,1.32,6.02,8.92,1.29,6.17,10.02,1.3,5.85,9.43,1.28,6,10.15,,,,1.29,6,9,1.33,6.2,10.1,1.3,6.32,11.5,,,,1.53,2.6,1.5,2.69,1.51,2.55,1.48,2.64,,
26/02/2024,Girona,Vallecano,3,0,H,14,7,8,1,1.68,4.15,5.01,1.66,4.08,5.42,1.66,4.11,4.96,1.65,4.08,5.22,,,,1.65,4.2,4.75,1.7,4.3,5.25,1.69,4.2,5.62,,,,1.75,2.16,1.8,2.11,1.74,2.11,1.76,2.09,,
01/03/2024,Celta,Almeria,1,0,H,15,3,6,0,1.88,3.78,4.29,1.83,3.85,4.51,1.86,3.68,4.3,1.81,3.77,4.43,,,,1.85,3.6,4.2,1.9,3.85,4.5,1.84,3.89,4.6,,,,1.97,1.93,1.93,1.98,1.96,1.88,1.87,1.97,,
02/03/2024,Sevilla,Sociedad,3,2,H,12,13,5,4,2.64,3.02,3.09,2.82,2.84,3.07,2.6,3.02,3.05,2.73,2.89,3.01,,,,2.6,3,3,2.68,3.1,3.17,2.82,3,3.12,,,,2.73,1.5,3.01,1.43,2.63,1.49,2.89,1.42,,
02/03/2024,Vallecano,Cadiz,1,1,D,9,16,5,5,1.84,3.32,5.25,1.76,3.51,5.63,1.83,3.34,5.09,1.76,3.43,5.48,,,,1.8,3.3,5.25,1.87,3.43,5.4,1.8,3.55,5.9,,,,2.68,1.51,2.51,1.58,2.6,1.5,2.43,1.56,,
02/03/2024,Getafe,Las Palmas,3,3,D,16,14,5,5,2.05,3.2,4.27,2.07,3.26,4.18,2.05,3.18,4.15,2.04,3.24,4.06,,,,2,3.1,4.33,2.12,3.26,4.33,2.1,3.3,4.4,,,,2.59,1.54,2.4,1.63,2.53,1.53,2.36,1.6,,
02/03/2024,Valencia,Real Madrid,2,2,D,12,10,5,5,5.48,3.96,1.66,5.72,4.01,1.65,5.32,3.91,1.67,5.53,3.97,1.64,,,,5.25,3.8,1.67,5.7,4.03,1.72,5.91,4.1,1.67,,,,2.02,1.87,1.98,1.93,1.97,1.86,1.93,1.9,,
03/03/2024,Villarreal,Granada,5,1,H,16,9,10,3,1.65,4.33,5.04,1.78,3.96,4.62,1.65,4.21,4.99,1.75,3.94,4.56,,,,1.65,4,5,1.68,4.42,5.25,1.8,4.1,5,,,,1.64,2.35,1.7,2.27,1.64,2.3,1.67,2.23,,
03/03/2024,Ath Madrid,Betis,2,1,H,17,12,12,6,1.58,4.36,5.73,1.53,4.35,6.72,1.56,4.34,5.73,1.53,4.29,6.4,,,,1.57,4.2,5.75,1.59,4.5,6.11,1.58,4.41,6.82,,,,1.78,2.1,1.87,2.05,1.74,2.11,1.8,2.05,,
03/03/2024,Mallorca,Girona,1,0,H,16,15,2,4,3.27,3.3,2.35,3.74,3.32,2.17,3.23,3.3,2.3,3.59,3.28,2.18,,,,3.25,3.2,2.3,3.35,3.5,2.38,3.75,3.37,2.23,,,,2.21,1.72,2.21,1.73,2.15,1.71,2.14,1.73,,
03/03/2024,Ath Bilbao,Barcelona,0,0,D,8,8,2,2,2.94,3.54,2.43,3.31,3.57,2.28,2.86,3.54,2.42,3.2,3.5,2.26,,,,2.88,3.5,2.4,2.97,3.75,2.5,3.41,3.7,2.31,,,,1.78,2.12,1.83,2.06,1.74,2.12,1.84,2,,
04/03/2024,Osasuna,Alaves,1,0,H,15,10,4,4,2.44,3.05,3.38,2.46,3.07,3.38,2.39,3.08,3.27,2.37,3.05,3.42,,,,2.38,3.1,3.25,2.47,3.24,3.41,2.46,3.13,3.69,,,,2.73,1.5,2.8,1.49,2.58,1.5,2.68,1.48,,
08/03/2024,Barcelona,Mallorca,1,0,H,20,9,6,3,1.47,4.68,7.38,1.45,4.67,7.71,1.46,4.58,7.23,1.45,4.5,7.29,,,,1.44,4.75,6.5,1.5,4.8,7.6,1.48,4.67,7.71,,,,1.85,2.07,1.89,2.02,1.81,2.03,1.84,1.99,,
09/03/2024,Valencia,Getafe,1,0,H,10,15,3,5,2,3.15,4.62,1.88,3.25,5.26,2,3.18,4.38,1.88,3.24,4.98,,,,2,3.2,4.2,2.05,3.33,4.62,2.05,3.37,5.3,,,,2.76,1.49,2.86,1.47,2.69,1.48,2.74,1.47,,
09/03/2024,Cadiz,Ath Madrid,2,0,H,7,8,3,4,4.96,3.76,1.76,4.97,3.69,1.79,4.93,3.71,1.75,4.74,3.65,1.79,,,,4.75,3.6,1.73,5.13,3.82,1.79,4.97,3.74,1.84,,,,2.16,1.75,2.09,1.81,2.13,1.74,2.05,1.79,,
09/03/2024,Granada,Sociedad,2,3,A,13,11,6,8,4.45,3.5,1.91,4.75,3.35,1.93,4.43,3.44,1.89,4.6,3.31,1.91,,,,4.5,3.3,1.85,4.75,3.6,1.95,4.97,3.4,1.98,,,,2.28,1.68,2.61,1.55,2.27,1.65,2.51,1.54,,
09/03/2024,Girona,Osasuna,2,0,H,11,7,6,1,1.62,4.2,5.54,1.53,4.49,6.43,1.62,4.2,5.41,1.52,4.45,6.14,,,,1.62,4.2,5.25,1.65,4.37,5.75,1.63,4.62,6.5,,,,1.77,2.12,1.78,2.13,1.72,2.14,1.7,2.16,,
10/03/2024,Alaves,Vallecano,1,0,H,12,9,4,3,2.2,3.1,3.89,2.11,3.12,4.26,2.17,3.15,3.77,2.11,3.1,4.05,,,,2.15,3.1,3.75,2.22,3.33,3.97,2.19,3.2,4.3,,,,2.66,1.52,2.7,1.52,2.57,1.52,2.6,1.51,,
10/03/2024,Las Palmas,Ath Bilbao,0,2,A,14,7,2,2,4.14,3.38,2.01,4.83,3.49,1.86,3.97,3.37,2.01,4.67,3.53,1.84,,,,4,3.3,2,4.2,3.53,2.11,5,3.6,1.87,,,,2.25,1.69,2.19,1.75,2.19,1.69,2.14,1.73,,
10/03/2024,Real Madrid,Celta,4,0,H,24,11,13,1,1.29,6.13,10.04,1.3,6.04,10.24,1.3,5.94,9.62,1.32,5.66,9.44,,,,1.3,6,8,1.33,6.4,10.5,1.36,6.2,11,,,,1.56,2.55,1.57,2.52,1.52,2.52,1.55,2.47,,
10/03/2024,Betis,Villarreal,2,3,A,13,6,4,4,2.08,3.66,3.59,2.15,3.6,3.45,2.08,3.62,3.48,2.14,3.57,3.38,,,,2.05,3.5,3.4,2.16,3.75,3.66,2.23,3.68,3.47,,,,1.79,2.11,1.81,2.09,1.76,2.09,1.79,2.05,,
11/03/2024,Almeria,Sevilla,2,2,D,14,19,4,6,3.11,3.36,2.42,3.51,3.45,2.21,3.06,3.34,2.38,3.43,3.38,2.19,,,,3.1,3.3,2.38,3.16,3.41,2.48,3.68,3.5,2.28,,,,1.94,1.94,2.05,1.87,1.93,1.89,2,1.84,,
15/03/2024,Sociedad,Cadiz,2,0,H,14,13,6,2,1.48,4.15,8.55,1.44,4.28,9.45,1.48,4.03,8.4,1.43,4.21,9.3,,,,1.5,4,8.5,1.52,4.21,9,1.46,4.4,11,,,,2.44,1.61,2.42,1.62,2.43,1.58,2.36,1.6,,
16/03/2024,Mallorca,Granada,1,0,H,18,8,8,3,1.84,3.43,5,1.86,3.35,5.16,1.84,3.4,4.85,1.83,3.35,5.03,,,,1.83,3.3,5,1.88,3.58,5.09,1.88,3.49,5.4,,,,2.43,1.61,2.61,1.55,2.41,1.59,2.53,1.54,,
16/03/2024,Osasuna,Real Madrid,2,4,A,9,17,4,9,6.12,4.36,1.55,7.29,4.46,1.49,5.97,4.25,1.56,6.95,4.45,1.48,,,,5.75,4.2,1.55,6.5,4.42,1.59,7.5,4.65,1.52,,,,1.85,2.04,1.88,2.03,1.83,2.01,1.79,2.06,,
16/03/2024,Getafe,Girona,1,0,H,11,13,3,3,3.13,3.56,2.31,3.73,3.43,2.13,3.13,3.49,2.29,3.61,3.42,2.11,,,,3.1,3.5,2.25,3.29,3.61,2.33,3.87,3.5,2.16,,,,1.85,2.05,2.05,1.87,1.85,1.99,2.02,1.82,,
16/03/2024,Ath Bilbao,Alaves,2,0,H,16,7,4,3,1.55,4.08,6.75,1.61,3.77,6.95,1.55,3.97,6.69,1.6,3.76,6.53,,,,1.55,3.75,7,1.6,4.2,7,1.63,3.9,7.01,,,,2.22,1.71,2.37,1.65,2.19,1.69,2.29,1.64,,
17/03/2024,Sevilla,Celta,1,2,A,11,18,4,5,2.03,3.45,4.05,2.01,3.57,3.99,2.01,3.42,3.92,1.96,3.52,3.92,,,,2,3.4,3.75,2.09,3.5,4.1,2.02,3.6,4.22,,,,2.14,1.78,1.95,1.95,2.07,1.78,1.92,1.9,,
17/03/2024,Las Palmas,Almeria,0,1,A,21,3,6,2,1.92,3.65,4.18,1.76,3.95,4.75,1.91,3.59,4.1,1.78,3.84,4.49,,,,1.95,3.5,4,1.96,3.72,4.31,1.83,4.05,4.8,,,,1.99,1.9,1.75,2.18,1.93,1.88,1.75,2.08,,
17/03/2024,Villarreal,Valencia,1,0,H,13,14,7,7,2.13,3.49,3.61,2.24,3.42,3.41,2.1,3.46,3.56,2.21,3.38,3.37,,,,2.05,3.5,3.6,2.17,3.55,3.7,2.27,3.47,3.55,,,,2.03,1.87,2.05,1.86,1.98,1.85,1.98,1.85,,
17/03/2024,Vallecano,Betis,2,0,H,8,11,4,1,2.51,3.31,3,2.59,3.12,3.11,2.49,3.23,2.98,2.57,3.08,3.02,,,,2.5,3.25,3,2.59,3.37,3.1,2.66,3.16,3.15,,,,2.34,1.65,2.47,1.6,2.25,1.66,2.4,1.59,,
17/03/2024,Ath Madrid,Barcelona,0,3,A,12,9,3,5,2.42,3.66,2.89,2.28,3.59,3.3,2.39,3.63,2.84,2.24,3.56,3.11,,,,2.38,3.6,2.8,2.47,3.83,2.98,2.32,3.82,3.3,,,,1.68,2.28,1.74,2.22,1.65,2.26,1.68,2.2,,
29/03/2024,Cadiz,Granada,1,0,H,13,10,5,2,2.02,3.37,4.23,1.86,3.36,5.12,2.02,3.34,4.1,1.9,3.25,4.79,,,,2,3.3,4.2,2.05,3.5,4.3,1.96,3.36,5.12,,,,2.4,1.63,2.69,1.52,2.33,1.61,2.64,1.5,,
30/03/2024,Getafe,Sevilla,0,1,A,18,10,5,3,2.54,3.19,3.07,2.71,3,3.08,2.53,3.15,3.02,2.66,3.02,2.98,,,,2.55,3.1,3,2.6,3.25,3.13,2.75,3.1,3.09,,,,2.25,1.69,2.54,1.57,2.24,1.67,2.43,1.57,,
30/03/2024,Almeria,Osasuna,0,3,A,12,6,5,4,2.63,3.25,2.89,2.53,3.27,3.07,2.62,3.25,2.83,2.51,3.23,2.96,,,,2.63,3.2,2.8,2.66,3.35,2.93,2.57,3.31,3.1,,,,2.13,1.78,2.11,1.8,2.12,1.75,2.05,1.78,,
30/03/2024,Valencia,Mallorca,0,0,D,14,11,5,3,2.09,2.99,4.52,2.17,3.02,4.23,2.1,2.96,4.35,2.15,2.99,4.07,,,,2.05,3,4.2,2.15,3.07,4.6,2.21,3.09,4.25,,,,3.11,1.4,3,1.43,2.99,1.4,2.9,1.42,,
30/03/2024,Barcelona,Las Palmas,1,0,H,14,8,2,0,1.27,6.49,10.02,1.26,6.67,10.65,1.27,6.34,10.15,1.26,6.44,10.51,,,,1.25,6.5,10,1.31,6.8,11.5,1.29,6.9,11,,,,1.47,2.76,1.43,2.92,1.46,2.74,1.43,2.88,,
31/03/2024,Celta,Vallecano,0,0,D,13,8,0,2,1.97,3.4,4.29,1.92,3.56,4.42,1.96,3.39,4.16,1.93,3.49,4.22,,,,1.95,3.3,4,2,3.59,4.4,2,3.57,4.5,,,,2.24,1.7,2.01,1.9,2.2,1.69,2.03,1.81,,
31/03/2024,Girona,Betis,3,2,H,9,7,5,4,1.79,3.98,4.4,1.73,4.07,4.84,1.78,3.96,4.37,1.72,4.04,4.66,,,,1.75,3.8,4.75,1.83,4.11,4.75,1.76,4.2,4.9,,,,1.75,2.15,1.69,2.28,1.72,2.15,1.65,2.27,,
31/03/2024,Alaves,Sociedad,0,1,A,3,12,0,3,3.48,2.98,2.44,4.16,3.03,2.22,3.41,2.96,2.42,3.97,3,2.16,,,,3.5,2.9,2.38,3.6,3.06,2.48,4.24,3.1,2.22,,,,2.91,1.45,2.9,1.46,2.75,1.45,2.76,1.45,,
31/03/2024,Real Madrid,Ath Bilbao,2,0,H,9,7,4,3,1.57,4.36,5.87,1.58,4.29,6.08,1.55,4.29,5.87,1.58,4.22,5.73,,,,1.53,4.33,6,1.59,4.47,6.11,1.6,4.38,6.08,,,,1.79,2.09,1.78,2.13,1.76,2.09,1.76,2.08,,
01/04/2024,Villarreal,Ath Madrid,1,2,A,11,14,2,8,2.99,3.72,2.32,3.36,3.63,2.21,3,3.71,2.27,3.33,3.61,2.13,,,,2.9,3.75,2.25,3.1,3.83,2.34,3.64,3.72,2.25,,,,1.61,2.42,1.78,2.13,1.59,2.36,1.72,2.15,,
04/04/2024,Granada,Valencia,0,1,A,13,6,3,2,3.37,3.23,2.34,3.13,3.15,2.52,3.32,3.19,2.3,3.11,3.13,2.49,,,,3.4,3.1,2.3,3.41,3.33,2.37,3.41,3.25,2.61,,,,2.39,1.63,2.29,1.69,2.33,1.6,2.25,1.66,,
12/04/2024,Betis,Celta,2,1,H,15,12,3,5,2.12,3.5,3.7,1.88,3.65,4.47,2.06,3.47,3.71,1.93,3.53,4.14,,,,2.1,3.4,3.5,2.13,3.6,3.9,1.98,3.65,4.47,,,,2.09,1.83,2.06,1.85,2.03,1.81,2.04,1.81,,
13/04/2024,Ath Madrid,Girona,3,1,H,17,12,4,5,1.97,3.88,3.71,1.9,3.9,4.06,1.97,3.78,3.67,1.88,3.81,4,,,,1.91,3.6,3.8,2,3.94,3.9,1.92,3.95,4.2,,,,1.64,2.37,1.69,2.29,1.64,2.29,1.66,2.26,,
13/04/2024,Vallecano,Getafe,0,0,D,11,7,2,0,2.26,3.07,3.77,2.55,2.99,3.32,2.23,3.05,3.73,2.44,2.99,3.33,,,,2.2,3,3.7,2.31,3.12,3.9,2.55,3.06,3.5,,,,2.7,1.51,2.8,1.49,2.6,1.5,2.66,1.49,,
13/04/2024,Mallorca,Real Madrid,0,1,A,6,16,2,9,5.09,3.68,1.76,5.2,3.56,1.79,4.92,3.66,1.77,5.01,3.56,1.76,,,,5,3.6,1.75,5.2,3.75,1.82,5.36,3.66,1.8,,,,2.08,1.8,2.23,1.71,2.08,1.77,2.16,1.71,,
13/04/2024,Cadiz,Barcelona,0,1,A,14,12,3,2,4.43,3.5,1.91,3.76,3.44,2.12,4.33,3.57,1.88,3.65,3.41,2.1,,,,4.33,3.6,1.83,4.5,3.8,1.93,3.89,3.51,2.15,,,,2.02,1.88,2.09,1.82,1.97,1.86,2.02,1.82,,
14/04/2024,Las Palmas,Sevilla,0,2,A,5,10,2,3,2.8,3.11,2.83,2.82,3.23,2.75,2.74,3.18,2.75,2.78,3.21,2.67,,,,2.7,3.2,2.7,2.84,3.41,2.86,2.88,3.38,2.78,,,,2.21,1.72,2.06,1.83,2.17,1.7,2.03,1.81,,
14/04/2024,Granada,Alaves,2,0,H,9,8,3,3,3.12,3.14,2.54,2.71,3.04,3.03,3.1,3.1,2.51,2.71,3.06,2.88,,,,3,3,2.55,3.21,3.23,2.64,2.88,3.15,3.03,,,,2.38,1.63,2.48,1.6,2.34,1.61,2.38,1.59,,
14/04/2024,Ath Bilbao,Villarreal,1,1,D,13,10,6,2,1.78,4.02,4.47,1.62,4.27,5.58,1.77,3.97,4.4,1.61,4.16,5.38,,,,1.75,4,4.33,1.83,4.11,4.55,1.65,4.34,5.79,,,,1.74,2.18,1.7,2.25,1.7,2.17,1.66,2.23,,
14/04/2024,Sociedad,Almeria,2,2,D,17,7,4,3,1.34,5.32,9.55,1.3,5.64,12.57,1.33,5.2,9.97,1.3,5.4,10.82,,,,1.33,5,10,1.36,5.5,11,1.34,5.67,12.57,,,,1.78,2.1,1.7,2.25,1.76,2.08,1.68,2.2,,
15/04/2024,Osasuna,Valencia,0,1,A,13,4,2,3,2.2,3.14,3.68,2.44,3.04,3.46,2.22,3.1,3.65,2.4,3.02,3.37,,,,2.2,3.1,3.75,2.27,3.29,3.77,2.45,3.1,3.51,,,,2.67,1.5,2.77,1.49,2.61,1.49,2.65,1.49,,
19/04/2024,Ath Bilbao,Granada,1,1,D,17,5,6,0,1.28,6.09,12.01,1.28,6,11.82,1.28,5.86,11.69,1.29,5.64,10.91,,,,1.25,6,11,1.3,6.2,14,1.32,6.2,12,,,,1.72,2.23,1.69,2.27,1.7,2.2,1.7,2.18,,
20/04/2024,Celta,Las Palmas,4,1,H,21,9,13,4,1.76,3.72,4.99,1.69,3.93,5.42,1.76,3.71,4.9,1.67,3.91,5.25,,,,1.73,3.75,5,1.8,3.84,5.1,1.72,4.1,5.6,,,,2.08,1.81,1.95,1.95,2.05,1.8,1.92,1.91,,
20/04/2024,Vallecano,Osasuna,2,1,H,17,6,6,2,2.24,3.12,3.73,2.13,3.07,4.27,2.22,3.13,3.63,2.12,3.08,4.07,,,,2.2,3.1,3.6,2.28,3.29,3.79,2.25,3.2,4.4,,,,2.7,1.51,2.86,1.47,2.61,1.5,2.74,1.46,,
20/04/2024,Valencia,Betis,1,2,A,8,12,5,6,2.25,3.28,3.52,2.82,3.15,2.87,2.21,3.28,3.51,2.72,3.08,2.85,,,,2.2,3.2,3.5,2.27,3.47,3.75,2.85,3.18,3,,,,2.28,1.68,2.56,1.57,2.23,1.67,2.56,1.53,,
20/04/2024,Girona,Cadiz,4,1,H,10,12,5,5,1.43,4.89,7.51,1.4,5,8.54,1.42,4.81,7.59,1.4,4.88,8.03,,,,1.4,4.75,8,1.46,5.1,8,1.44,5.1,8.9,,,,1.73,2.18,1.71,2.24,1.71,2.17,1.69,2.2,,
21/04/2024,Getafe,Sociedad,1,1,D,6,7,4,3,3.88,3.07,2.22,3.91,3.08,2.24,3.8,3.1,2.18,3.77,3.04,2.23,,,,3.8,3.1,2.15,3.95,3.29,2.24,4.1,3.13,2.3,,,,2.77,1.49,2.85,1.47,2.66,1.48,2.72,1.47,,
21/04/2024,Almeria,Villarreal,1,2,A,24,11,5,3,3.32,3.81,2.05,3.56,4.06,1.99,3.4,3.75,2.06,3.47,4,1.98,,,,3.4,3.8,2.05,3.6,3.94,2.1,3.59,4.29,2.02,,,,1.61,2.35,1.48,2.78,1.63,2.32,1.45,2.76,,
21/04/2024,Alaves,Ath Madrid,2,0,H,8,15,3,4,4.21,3.4,1.99,5.39,3.45,1.8,4.08,3.43,1.97,4.88,3.44,1.82,,,,4,3.5,1.95,4.33,3.6,2.01,5.4,3.65,1.9,,,,2.26,1.69,2.38,1.65,2.2,1.69,2.29,1.64,,
21/04/2024,Real Madrid,Barcelona,3,2,H,14,14,8,6,1.88,3.96,3.99,1.73,4.4,4.51,1.87,3.96,3.89,1.75,4.3,4.23,,,,1.85,3.8,4,1.93,4.16,4.1,1.8,4.6,4.51,,,,1.58,2.49,1.49,2.76,1.54,2.48,1.46,2.77,,
22/04/2024,Sevilla,Mallorca,2,1,H,11,8,4,6,2.02,3.02,4.81,2.12,3.14,4.18,1.98,3.14,4.52,2.1,3.11,4.05,,,,1.95,3.1,4.5,2.04,3.34,5,2.15,3.2,4.33,,,,2.76,1.49,2.59,1.56,2.63,1.49,2.49,1.55,,
26/04/2024,Sociedad,Real Madrid,0,1,A,9,5,3,3,2.51,3.23,3.14,2.37,3.21,3.4,2.5,3.2,3.03,2.36,3.19,3.23,,,,2.45,3.25,2.9,2.7,3.39,3.19,2.7,3.3,3.4,,,,2.31,1.68,2.47,1.6,2.23,1.68,2.32,1.63,,
27/04/2024,Las Palmas,Girona,0,2,A,10,6,5,3,4.49,4.04,1.77,5.27,4.1,1.68,4.36,3.94,1.78,4.93,4.07,1.68,,,,4.5,3.8,1.75,4.6,4.11,1.83,5.3,4.2,1.8,,,,1.72,2.21,1.74,2.21,1.71,2.18,1.69,2.2,,
27/04/2024,Almeria,Getafe,1,3,A,21,8,11,5,2.69,3.3,2.67,2.59,3.24,3,2.72,3.31,2.66,2.58,3.25,2.85,,,,2.7,3.4,2.63,2.85,3.41,2.75,2.75,3.4,3,,,,2.08,1.77,2.21,1.74,2.1,1.76,2.15,1.72,,
27/04/2024,Alaves,Celta,3,0,H,16,4,8,0,2.7,3.09,2.95,2.66,3.1,3.02,2.66,3.1,2.9,2.67,3.08,2.88,,,,2.75,3.1,2.7,2.75,3.21,3,2.81,3.2,3.03,,,,2.45,1.6,2.37,1.65,2.41,1.59,2.34,1.62,,
27/04/2024,Ath Madrid,Ath Bilbao,3,1,H,8,7,3,1,1.97,3.57,4.05,1.97,3.49,4.25,1.98,3.54,3.9,1.96,3.46,4.05,,,,1.95,3.5,4,2.03,3.72,4.1,2.01,3.58,4.41,,,,2.01,1.88,2.12,1.79,1.96,1.87,2.07,1.78,,
28/04/2024,Cadiz,Mallorca,1,1,D,10,9,2,2,2.69,2.85,3.23,2.86,2.78,3.14,2.6,2.86,3.22,2.81,2.78,3.03,,,,2.5,2.9,3.2,2.7,2.95,3.31,2.96,2.88,3.15,,,,3.16,1.38,3.55,1.33,3.04,1.38,3.35,1.34,,
28/04/2024,Granada,Osasuna,3,0,H,12,11,4,2,2.64,3.15,2.97,2.39,3.12,3.46,2.6,3.13,2.93,2.4,3.06,3.27,,,,2.55,3.1,3,2.67,3.24,3.02,2.56,3.12,3.46,,,,2.38,1.63,2.5,1.59,2.3,1.64,2.4,1.58,,
28/04/2024,Villarreal,Vallecano,3,0,H,15,20,7,4,1.74,3.93,4.84,1.79,3.79,4.82,1.73,3.91,4.74,1.8,3.74,4.53,,,,1.65,4,5,1.77,4.09,5,1.85,3.89,4.82,,,,1.85,2.05,2.02,1.89,1.8,2.03,1.92,1.91,,
28/04/2024,Betis,Sevilla,1,1,D,15,10,5,1,2.08,3.42,3.84,1.98,3.51,4.19,2.08,3.39,3.7,1.99,3.43,3.97,,,,2.05,3.4,3.6,2.15,3.52,3.89,2.04,3.52,4.19,,,,2.08,1.82,2.14,1.78,2.05,1.78,2.11,1.76,,
29/04/2024,Barcelona,Valencia,4,2,H,27,5,13,3,1.36,5.49,8.18,1.33,5.86,9.06,1.36,5.26,8.27,1.33,5.59,8.83,,,,1.36,5,7.5,1.4,5.7,9,1.38,5.9,9.5,,,,1.67,2.29,1.46,2.84,1.64,2.28,1.47,2.73,,
03/05/2024,Getafe,Ath Bilbao,0,2,A,34,7,9,2,4.08,3.3,2.08,3.93,3.12,2.2,3.93,3.24,2.07,3.8,3.16,2.15,,,,4,3.2,2.05,4.1,3.37,2.15,4,3.29,2.2,,,,2.51,1.58,2.65,1.53,2.43,1.58,2.48,1.55,,
04/05/2024,Sociedad,Las Palmas,2,0,H,9,7,4,1,1.36,5.08,9.57,1.35,5.09,10.7,1.35,4.99,9.5,1.33,5.03,10.64,,,,1.33,5,10,1.4,5.2,10,1.36,5.25,11,,,,1.9,1.99,1.97,1.93,1.88,1.95,1.89,1.93,,
04/05/2024,Real Madrid,Cadiz,3,0,H,19,7,9,2,1.35,5.53,8.54,1.36,5.03,9.97,1.34,5.33,8.92,1.36,4.93,9.46,,,,1.33,5.25,8.5,1.39,5.7,11,1.4,5.1,10.5,,,,1.7,2.23,1.94,1.96,1.67,2.22,1.88,1.94,,
04/05/2024,Girona,Barcelona,4,2,H,9,16,7,7,2.75,3.87,2.43,2.93,3.89,2.33,2.73,3.81,2.41,2.83,3.77,2.35,,,,2.7,3.75,2.4,2.85,3.92,2.47,3.07,3.89,2.44,,,,1.46,2.82,1.49,2.75,1.45,2.77,1.47,2.71,,
04/05/2024,Mallorca,Ath Madrid,0,1,A,7,9,4,4,3.82,3.16,2.19,3.9,3.06,2.25,3.75,3.2,2.15,3.89,3.07,2.16,,,,3.75,3.2,2.15,3.91,3.31,2.21,4.12,3.15,2.25,,,,2.46,1.6,2.8,1.49,2.39,1.59,2.61,1.51,,
05/05/2024,Osasuna,Betis,0,2,A,12,10,2,4,3.22,3.29,2.39,3.42,3.24,2.34,3.16,3.27,2.36,3.3,3.2,2.33,,,,3.2,3.25,2.38,3.33,3.35,2.43,3.43,3.31,2.4,,,,2.22,1.71,2.37,1.64,2.16,1.71,2.31,1.63,,
05/05/2024,Celta,Villarreal,3,2,H,23,11,7,3,2.44,3.69,2.84,2.84,3.65,2.49,2.37,3.64,2.87,2.7,3.62,2.51,,,,2.3,3.6,2.88,2.48,3.75,2.93,2.84,3.72,2.75,,,,1.68,2.27,1.65,2.36,1.66,2.25,1.62,2.32,,
05/05/2024,Valencia,Alaves,0,1,A,13,14,1,4,2.15,2.93,4.37,2.23,3.11,3.87,2.13,3,4.13,2.25,3.06,3.66,,,,2.1,3,4,2.19,3.15,4.45,2.31,3.25,3.87,,,,2.78,1.49,2.62,1.54,2.67,1.46,2.55,1.52,,
05/05/2024,Sevilla,Granada,3,0,H,11,8,5,3,1.67,4.08,5.18,1.72,3.94,5.1,1.65,4.07,5.18,1.69,3.91,4.96,,,,1.65,4,5.25,1.71,4.2,5.5,1.72,4.07,5.5,,,,1.85,2.05,1.95,1.95,1.83,2.01,1.89,1.92,,
05/05/2024,Vallecano,Almeria,0,1,A,27,7,10,2,1.6,4.2,5.76,1.67,3.97,5.6,1.58,4.15,5.8,1.66,3.89,5.45,,,,1.57,4,5.75,1.63,4.31,6,1.7,4.1,5.75,,,,1.85,2.05,2.03,1.88,1.83,2,1.98,1.85,,
10/05/2024,Alaves,Girona,2,2,D,14,15,8,5,3.57,3.63,2.12,3.19,3.65,2.27,3.48,3.57,2.11,3.16,3.58,2.25,,,,3.5,3.6,2.05,3.62,3.7,2.15,3.35,3.7,2.31,,,,1.83,2.08,1.76,2.17,1.8,2.04,1.74,2.13,,
11/05/2024,Mallorca,Las Palmas,1,0,H,7,7,2,1,1.62,3.32,7.34,1.64,3.53,7.2,1.66,3.46,6.65,1.65,3.53,6.57,,,,1.65,3.5,6.5,1.73,3.6,7.8,1.7,3.67,7.2,,,,2.53,1.53,2.55,1.56,2.53,1.53,2.49,1.55,,
11/05/2024,Villarreal,Sevilla,3,2,H,25,8,7,4,1.84,3.94,3.91,2.02,3.88,3.64,1.87,3.94,3.9,2.01,3.8,3.55,,,,1.83,4,3.8,1.91,4.16,4,2.09,4.05,3.98,,,,1.58,2.4,1.65,2.37,1.59,2.4,1.61,2.35,,
11/05/2024,Granada,Real Madrid,0,4,A,12,13,1,7,5.32,4.58,1.54,5.77,4.6,1.56,5.8,4.57,1.53,5.6,4.48,1.56,,,,5.5,4.6,1.53,6.27,4.8,1.58,6,4.82,1.67,,,,1.65,2.25,1.65,2.34,1.63,2.26,1.63,2.3,,
11/05/2024,Ath Bilbao,Osasuna,2,2,D,15,13,6,3,1.45,4.29,7.49,1.41,4.57,9.39,1.47,4.38,7.53,1.41,4.55,8.57,,,,1.44,4.33,7.5,1.51,4.6,8.1,1.46,4.75,9.39,,,,1.96,1.88,2.01,1.9,1.94,1.88,1.92,1.91,,
12/05/2024,Cadiz,Getafe,1,0,H,13,10,6,4,2.1,3.28,3.71,2.13,3.22,4.03,2.11,3.21,3.86,2.11,3.19,3.85,,,,2.1,3.2,3.8,2.19,3.4,4,2.21,3.34,4.03,,,,2.58,1.51,2.61,1.55,2.56,1.52,2.47,1.55,,
12/05/2024,Ath Madrid,Celta,1,0,H,21,6,8,2,1.43,4.22,8.29,1.39,5.09,8.63,1.44,4.64,7.42,1.4,4.92,7.92,,,,1.42,4.75,7,1.49,5,8.8,1.43,5.1,8.7,,,,1.61,2.33,1.6,2.46,1.59,2.37,1.57,2.43,,
12/05/2024,Valencia,Vallecano,0,0,D,13,12,5,1,2.27,3,3.63,2.28,3.11,3.73,2.28,3.08,3.55,2.27,3.09,3.58,,,,2.25,3.1,3.5,2.33,3.18,3.75,2.31,3.17,3.8,,,,2.59,1.51,2.65,1.53,2.54,1.52,2.57,1.52,,
12/05/2024,Betis,Almeria,3,2,H,14,14,7,7,1.35,5.27,8.02,1.37,5.5,8.25,1.35,5.39,8.26,1.39,5.2,7.53,,,,1.33,5.5,8.5,1.4,5.7,9,1.44,5.7,8.5,,,,1.52,2.54,1.54,2.62,1.52,2.52,1.52,2.53,,
13/05/2024,Barcelona,Sociedad,2,0,H,14,10,5,3,1.79,3.74,4.39,1.73,3.97,4.98,1.82,3.72,4.35,1.71,3.88,4.88,,,,1.8,3.6,4.5,1.85,3.91,4.6,1.78,4,5.37,,,,1.9,1.93,1.82,2.07,1.91,1.9,1.77,2.06,,
14/05/2024,Osasuna,Mallorca,1,1,D,10,10,4,4,2.88,2.92,2.96,2.77,2.9,3.12,2.81,2.92,2.91,2.75,2.87,3.02,,,,2.8,2.9,2.88,2.91,3,3,2.88,2.95,3.16,,,,3.08,1.41,3.13,1.4,2.91,1.42,2.99,1.4,,
14/05/2024,Real Madrid,Alaves,5,0,H,22,18,11,10,1.21,7.35,14.08,1.2,7.43,14.07,1.21,7.03,14.07,1.21,7.08,13.26,,,,1.22,7.5,11,1.24,7.8,15,1.24,7.7,15,,,,1.51,2.66,1.47,2.79,1.49,2.63,1.46,2.73,,
14/05/2024,Girona,Villarreal,0,1,A,22,11,5,3,1.72,4.58,4.36,1.72,4.48,4.41,1.7,4.53,4.31,1.66,4.59,4.52,,,,1.7,4.5,4.2,1.73,4.72,4.5,1.73,4.75,4.81,,,,1.34,3.44,1.37,3.26,1.33,3.36,1.34,3.32,,
15/05/2024,Sevilla,Cadiz,0,1,A,14,19,3,7,1.92,3.69,4.13,2.19,3.42,3.58,1.91,3.61,4.12,2.14,3.42,3.52,,,,1.9,3.6,4,1.95,3.73,4.27,2.23,3.57,3.73,,,,2.08,1.83,2.18,1.75,2.05,1.8,2.08,1.78,,
15/05/2024,Vallecano,Granada,2,1,H,18,10,9,1,1.68,3.79,5.66,1.55,4.21,6.65,1.67,3.77,5.54,1.53,4.15,6.83,,,,1.65,3.8,5.5,1.74,3.91,6,1.55,4.4,7.1,,,,2.22,1.71,2.05,1.87,2.18,1.71,1.99,1.85,,
15/05/2024,Celta,Ath Bilbao,2,1,H,10,7,4,2,2.6,3.35,2.73,2.3,3.24,3.53,2.61,3.37,2.74,2.3,3.29,3.29,,,,2.63,3.3,2.7,2.69,3.45,2.83,2.41,3.4,3.53,,,,1.96,1.88,2.23,1.71,1.96,1.88,2.12,1.75,,
15/05/2024,Getafe,Ath Madrid,0,3,A,8,7,3,3,4.78,3.53,1.78,5.1,3.75,1.76,4.7,3.54,1.82,5.03,3.73,1.74,,,,4.75,3.4,1.83,5,3.7,1.88,5.52,4,1.79,,,,2.18,1.7,2.03,1.88,2.18,1.71,2.01,1.84,,
16/05/2024,Las Palmas,Betis,2,2,D,16,6,9,4,4.14,3.67,1.92,3.24,3.24,2.44,4.04,3.57,1.94,3.14,3.28,2.36,,,,4,3.5,1.91,4.2,3.71,2.01,3.4,3.4,2.45,,,,2.02,1.88,2.21,1.79,2,1.85,2.12,1.74,,
16/05/2024,Almeria,Barcelona,0,2,A,12,16,3,7,6.79,5.43,1.41,7.15,5.47,1.41,6.62,5.32,1.42,7.12,5.39,1.39,,,,6.5,5,1.44,7.2,5.6,1.46,7.56,5.7,1.42,,,,1.36,3.25,1.37,3.25,1.36,3.18,1.35,3.24,,
16/05/2024,Sociedad,Valencia,1,0,H,10,7,5,3,1.66,3.75,6,1.47,4.29,8.43,1.65,3.76,5.85,1.48,4.19,7.81,,,,1.6,3.9,5.75,1.71,3.9,6.3,1.54,4.34,9,,,,2.31,1.66,2.27,1.69,2.26,1.66,2.2,1.7,,
18/05/2024,Alaves,Getafe,1,0,H,9,10,2,4,2.07,3.18,4.21,1.99,3.39,4.31,2.07,3.19,4.04,1.95,3.36,4.22,,,,2,3.2,4.1,2.11,3.34,4.3,2.03,3.46,4.5,,,,2.58,1.55,2.29,1.68,2.51,1.54,2.23,1.66,,
19/05/2024,Ath Bilbao,Sevilla,2,0,H,15,9,6,4,1.7,3.79,4.92,1.56,4.31,6.26,1.73,3.84,4.81,1.57,4.24,5.89,,,,1.7,3.9,4.75,1.79,4.03,5.2,1.61,4.33,6.3,,,,1.86,1.97,1.74,2.18,1.87,1.96,1.73,2.14,,
19/05/2024,Ath Madrid,Osasuna,1,4,A,15,15,2,6,1.39,4.87,7.58,1.31,5.76,10.56,1.4,4.91,7.75,1.31,5.47,10.07,,,,1.4,4.5,8,1.46,5.2,8.1,1.35,6.13,11,,,,1.74,2.11,1.71,2.23,1.74,2.12,1.69,2.2,,
19/05/2024,Barcelona,Vallecano,3,0,H,14,15,6,4,1.26,5.94,9.7,1.3,6.06,9.93,1.27,6.12,10.63,1.32,5.7,8.99,,,,1.25,6,12,1.31,6.5,12,1.36,6.06,9.93,,,,1.5,2.58,1.47,2.83,1.49,2.63,1.48,2.69,,
19/05/2024,Betis,Sociedad,0,2,A,18,5,9,2,2.66,3.06,2.89,3.47,3.05,2.43,2.61,3.14,2.92,3.36,3,2.43,,,,2.55,3.2,2.88,2.74,3.25,3,3.5,3.1,2.51,,,,2.32,1.62,2.64,1.54,2.3,1.63,2.6,1.51,,
19/05/2024,Cadiz,Las Palmas,0,0,D,10,9,3,1,1.85,3.43,4.55,1.93,3.43,4.57,1.84,3.47,4.64,1.91,3.4,4.45,,,,1.8,3.5,4.75,1.91,3.58,5,1.98,3.47,4.75,,,,2.38,1.6,2.4,1.63,2.37,1.6,2.33,1.62,,
19/05/2024,Granada,Celta,1,2,A,11,8,3,5,3.81,3.53,1.98,4.03,3.32,2.09,3.62,3.61,2.04,3.83,3.41,2.05,,,,3.7,3.6,2,3.84,3.85,2.12,4.1,3.61,2.11,,,,1.76,2.08,1.95,1.95,1.78,2.07,1.91,1.93,,
19/05/2024,Mallorca,Almeria,2,2,D,29,7,8,3,1.48,4.23,6.88,1.39,4.73,10.06,1.51,4.18,6.92,1.39,4.54,9.36,,,,1.5,4.1,7,1.54,4.4,7.3,1.44,4.9,10.06,,,,2.01,1.83,2.11,1.77,2.05,1.8,2.09,1.75,,
19/05/2024,Valencia,Girona,1,3,A,20,18,6,5,3.05,3.58,2.25,3.98,3.76,1.95,2.92,3.62,2.35,3.77,3.73,1.96,,,,3,3.5,2.3,3.19,3.75,2.44,3.99,3.82,2.02,,,,1.75,2.11,1.76,2.17,1.71,2.13,1.72,2.16,,
19/05/2024,Villarreal,Real Madrid,4,4,D,21,12,7,6,3.2,3.85,2.09,3.02,3.96,2.25,3.24,3.93,2.07,3.02,3.92,2.19,,,,3.2,3.75,2.05,3.4,4.16,2.18,3.22,4,2.25,,,,1.45,2.77,1.43,2.99,1.43,2.82,1.41,2.94,,
24/05/2024,Girona,Granada,7,0,H,16,10,9,2,1.22,7.22,10.68,1.22,7.58,11.77,1.22,7.13,11.24,1.22,7.18,11.79,,,,1.22,6.5,12,1.25,7.7,13,1.25,7.8,13,,,,1.31,3.3,1.31,3.3,1.28,3.66,1.29,3.56,,
25/05/2024,Osasuna,Villarreal,1,1,D,12,11,6,3,2.9,3.78,2.33,2.58,3.85,2.63,2.9,3.72,2.3,2.54,3.69,2.6,,,,2.9,3.6,2.3,3,3.86,2.37,2.67,3.85,2.7,,,,1.57,2.47,1.51,2.68,1.56,2.47,1.51,2.55,,
25/05/2024,Sociedad,Ath Madrid,0,2,A,14,10,4,4,2.42,3.49,2.96,2.69,3.35,2.8,2.4,3.45,2.93,2.65,3.3,2.73,,,,2.4,3.3,3,2.47,3.6,3.02,2.75,3.4,2.82,,,,1.96,1.91,1.94,1.96,1.93,1.9,1.89,1.93,,
25/05/2024,Almeria,Cadiz,6,1,H,27,12,12,4,2.08,3.63,3.52,2.22,3.75,3.21,2.1,3.59,3.43,2.12,3.76,3.3,,,,2.05,3.6,3.5,2.19,3.74,3.59,2.22,3.88,3.5,,,,1.86,2.01,1.72,2.21,1.84,1.99,1.68,2.22,,
25/05/2024,Vallecano,Ath Bilbao,0,1,A,17,7,4,1,2.87,3.54,2.45,3.29,3.24,2.41,2.88,3.51,2.41,3.19,3.25,2.37,,,,2.88,3.5,2.38,2.97,3.62,2.49,3.37,3.3,2.43,,,,1.76,2.12,2.2,1.73,1.76,2.08,2.16,1.72,,
25/05/2024,Real Madrid,Betis,0,0,D,13,11,5,3,1.35,5.67,7.79,1.2,8.04,12.13,1.37,5.56,7.31,1.22,7.18,11.6,,,,1.33,6,7.5,1.42,6,8,1.31,8.04,13,,,,1.38,3.14,1.32,3.52,1.37,3.08,1.32,3.43,,
26/05/2024,Getafe,Mallorca,1,2,A,16,9,6,4,2.35,3.21,3.31,2.41,3.13,3.41,2.33,3.22,3.25,2.33,3.19,3.31,,,,2.3,3.25,3.2,2.4,3.39,3.36,2.41,3.31,3.45,,,,2.33,1.63,2.62,1.54,2.29,1.64,2.43,1.58,,
26/05/2024,Celta,Valencia,2,2,D,9,12,4,1,1.96,3.57,3.99,1.91,3.78,4.15,1.96,3.55,3.89,1.94,3.66,3.87,,,,1.95,3.5,3.8,2.02,3.66,4.1,1.98,3.8,4.15,,,,1.95,1.92,1.8,2.1,1.94,1.89,1.79,2.04,,
26/05/2024,Las Palmas,Alaves,1,1,D,10,14,4,4,2.53,3.34,2.91,2.38,3.5,3.12,2.47,3.34,2.91,2.35,3.46,3.05,,,,2.4,3.3,3,2.56,3.45,3,2.4,3.58,3.17,,,,2.15,1.74,1.85,2.06,2.12,1.74,1.88,1.96,,
26/05/2024,Sevilla,Barcelona,1,2,A,15,11,6,6,3.98,4.11,1.83,4.73,4.39,1.69,3.89,4.11,1.83,4.43,4.26,1.71,,,,4,4,1.8,4.13,4.33,1.87,5.03,4.4,1.79,,,,1.51,2.6,1.49,2.74,1.5,2.57,1.47,2.71,,
