status,league,season,date,kickoff,home,away,hg,ag,res,hs,as,hst,ast,xg_h,xg_a,xg_src,referee,hc,ac,hf,af,hy,ay,hr,ar,open_h,open_d,open_a,close_h,close_d,close_a,pin_close,best_open_h,best_open_d,best_open_a,best_close_h,best_close_d,best_close_a,over25_open,over25_close,luck,gap,mres,rest,h2h_n,h2h_pts,h2h_res,h2h_draw,promo,releg,miss_h,miss_a,steam,book,pre_first_at,pre_first_h,pre_first_d,pre_first_a,pre_last_at,pre_last_h,pre_last_d,pre_last_a,pre_best_h,pre_best_d,pre_best_a,pre_inj_at,pre_inj_h,pre_inj_a,pre_injv_h,pre_injv_a
kommande,CL,,2026-10-13,2026-10-13T19:00Z,Arsenal,Lille,,,,,,,,,,,,,,,,,,,,,,,,,,,,,,,,,,,,,,,,,,,,,,,,,2026-10-04T09:27:32.472Z,0.7477,0.167,0.0853,2026-10-05T17:29:42.899Z,0.7477,0.167,0.0853,1.3,6.8,13.8,2026-10-04T09:27:34.347Z,7,3,0.3423,0.1182
kommande,CL,,2026-10-13,2026-10-13T19:00Z,Atlético Madrid,Manchester United,,,,,,,,,,,,,,,,,,,,,,,,,,,,,,,,,,,,,,,,,,,,,,,,,2026-10-04T09:27:32.472Z,0.4287,0.2489,0.3224,2026-10-05T17:29:42.899Z,0.4287,0.2489,0.3224,2.31,4,3.1,2026-10-04T09:27:34.347Z,2,10,0.0527,0.3923
kommande,CL,,2026-10-13,2026-10-13T19:00Z,Galatasaray,Barcelona,,,,,,,,,,,,,,,,,,,,,,,,,,,,,,,,,,,,,,,,,,,,,,,,,2026-10-04T09:27:32.472Z,0.1202,0.1551,0.7247,2026-10-05T17:29:42.899Z,0.1202,0.1551,0.7247,9.3,6.8,1.34,2026-10-04T09:27:34.347Z,5,6,0.2776,0.1592
kommande,CL,,2026-10-13,2026-10-13T19:00Z,Internazionale,Club Brugge,,,,,,,,,,,,,,,,,,,,,,,,,,,,,,,,,,,,,,,,,,,,,,,,,,,,,,,,,,,,2026-10-04T09:27:34.347Z,3,2,0.0759,0.2035
kommande,CL,,2026-10-13,2026-10-13T16:45Z,Lens,Sporting CP,,,,,,,,,,,,,,,,,,,,,,,,,,,,,,,,,,,,,,,,,,,,,,,,,2026-10-04T09:27:32.472Z,0.3853,0.2552,0.3595,2026-10-05T17:29:42.899Z,0.3853,0.2552,0.3595,2.55,3.95,2.78,2026-10-04T09:27:34.347Z,5,3,0.2533,0.0319
kommande,CL,,2026-10-13,2026-10-13T19:00Z,RB Leipzig,PSV Eindhoven,,,,,,,,,,,,,,,,,,,,,,,,,,,,,,,,,,,,,,,,,,,,,,,,,2026-10-04T09:27:32.472Z,0.4688,0.2366,0.2946,2026-10-05T17:29:42.899Z,0.4688,0.2366,0.2946,2.08,4.3,3.38,2026-10-04T09:27:34.347Z,5,6,0.2535,0.1475
kommande,CL,,2026-10-13,2026-10-13T16:45Z,Sabah FK,Slavia Prague,,,,,,,,,,,,,,,,,,,,,,,,,,,,,,,,,,,,,,,,,,,,,,,,,2026-10-04T09:27:32.472Z,0.2669,0.2524,0.4807,2026-10-05T17:29:42.899Z,0.2669,0.2524,0.4807,3.74,4,2.04,2026-10-04T09:27:34.347Z,0,7,0,0.2668
kommande,CL,,2026-10-13,2026-10-13T19:00Z,Viking FK,Bayern Munich,,,,,,,,,,,,,,,,,,,,,,,,,,,,,,,,,,,,,,,,,,,,,,,,,2026-10-04T09:27:32.472Z,0.0542,0.0858,0.86,2026-10-05T17:29:42.899Z,0.0542,0.0858,0.86,25,14,1.11,2026-10-04T09:27:34.347Z,5,1,0.0667,0.124
kommande,CL,,2026-10-13,2026-10-13T19:00Z,Villarreal,Napoli,,,,,,,,,,,,,,,,,,,,,,,,,,,,,,,,,,,,,,,,,,,,,,,,,2026-10-04T09:27:32.472Z,0.4221,0.2685,0.3094,2026-10-05T17:29:42.899Z,0.4221,0.2685,0.3094,2.33,3.75,3.23,2026-10-04T09:27:34.347Z,1,8,0.0187,0.2527
kommande,CL,,2026-10-14,2026-10-14T19:00Z,AS Roma,Real Madrid,,,,,,,,,,,,,,,,,,,,,,,,,,,,,,,,,,,,,,,,,,,,,,,,,2026-10-04T09:27:32.472Z,0.272,0.2451,0.483,2026-10-05T17:29:42.899Z,0.272,0.2451,0.483,3.9,4.2,2.04,2026-10-04T09:27:34.347Z,4,6,0.2601,0.2761
kommande,CL,,2026-10-14,2026-10-14T19:00Z,Aston Villa,Fenerbahce,,,,,,,,,,,,,,,,,,,,,,,,,,,,,,,,,,,,,,,,,,,,,,,,,2026-10-04T09:27:32.472Z,0.5497,0.2423,0.2079,2026-10-05T17:29:42.899Z,0.5497,0.2423,0.2079,1.8,4.2,4.88,2026-10-04T09:27:34.347Z,7,4,0.2282,0.1046
kommande,CL,,2026-10-14,2026-10-14T19:00Z,Bodo/Glimt,Borussia Dortmund,,,,,,,,,,,,,,,,,,,,,,,,,,,,,,,,,,,,,,,,,,,,,,,,,2026-10-04T09:27:32.472Z,0.3005,0.2385,0.461,2026-10-05T17:29:42.899Z,0.3005,0.2385,0.461,3.35,4.3,2.14,2026-10-04T09:27:34.347Z,5,6,0.1649,0.1888
kommande,CL,,2026-10-14,2026-10-14T16:45Z,Feyenoord Rotterdam,Como,,,,,,,,,,,,,,,,,,,,,,,,,,,,,,,,,,,,,,,,,,,,,,,,,2026-10-04T09:27:32.472Z,0.2669,0.2327,0.5004,2026-10-05T17:29:42.899Z,0.2669,0.2327,0.5004,3.77,4.4,1.96,2026-10-04T09:27:34.347Z,5,0,0.1522,0
kommande,CL,,2026-10-14,2026-10-14T16:45Z,LASK Linz,Liverpool,,,,,,,,,,,,,,,,,,,,,,,,,,,,,,,,,,,,,,,,,,,,,,,,,2026-10-04T09:27:32.472Z,0.1013,0.1561,0.7426,2026-10-05T17:29:42.899Z,0.1013,0.1561,0.7426,11,6.53,1.31,2026-10-04T09:27:34.347Z,2,6,0.0698,0.2624
kommande,CL,,2026-10-14,2026-10-14T19:00Z,Manchester City,Paris Saint-Germain,,,,,,,,,,,,,,,,,,,,,,,,,,,,,,,,,,,,,,,,,,,,,,,,,2026-10-04T09:27:32.472Z,0.415,0.245,0.3401,2026-10-05T17:29:42.899Z,0.415,0.245,0.3401,2.36,4.2,2.97,2026-10-04T09:27:34.347Z,2,3,0.1149,0.1369
kommande,CL,,2026-10-14,2026-10-14T19:00Z,Real Betis,FC Porto,,,,,,,,,,,,,,,,,,,,,,,,,,,,,,,,,,,,,,,,,,,,,,,,,2026-10-04T09:27:32.472Z,0.4383,0.2618,0.2999,2026-10-05T17:29:42.899Z,0.4383,0.2618,0.2999,2.27,3.85,3.28,2026-10-04T09:27:34.347Z,6,5,0.0625,0.0526
kommande,CL,,2026-10-14,2026-10-14T19:00Z,Shakhtar Donetsk,AEK Athens,,,,,,,,,,,,,,,,,,,,,,,,,,,,,,,,,,,,,,,,,,,,,,,,,2026-10-04T09:27:32.472Z,0.3537,0.2729,0.3734,2026-10-05T17:29:42.899Z,0.3537,0.2729,0.3734,2.81,3.6,2.63,2026-10-04T09:27:34.347Z,0,1,0,0.0337
kommande,CL,,2026-10-14,2026-10-14T19:00Z,Slovan Bratislava,VfB Stuttgart,,,,,,,,,,,,,,,,,,,,,,,,,,,,,,,,,,,,,,,,,,,,,,,,,2026-10-04T09:27:32.472Z,0.1166,0.1705,0.7129,2026-10-05T17:29:42.899Z,0.1166,0.1705,0.7129,9.7,6.06,1.36,2026-10-04T09:27:34.347Z,0,6,0,0.1219
kommande,CL,,2026-10-20,2026-10-20T19:00Z,AS Roma,Slovan Bratislava,,,,,,,,,,,,,,,,,,,,,,,,,,,,,,,,,,,,,,,,,,,,,,,,,,,,,,,,,,,,2026-10-04T09:27:34.347Z,4,0,0.2601,0
kommande,CL,,2026-10-20,2026-10-20T19:00Z,FC Porto,PSV Eindhoven,,,,,,,,,,,,,,,,,,,,,,,,,,,,,,,,,,,,,,,,,,,,,,,,,,,,,,,,,,,,2026-10-04T09:27:34.347Z,5,6,0.0526,0.1475
kommande,CL,,2026-10-20,2026-10-20T16:45Z,Fenerbahce,Slavia Prague,,,,,,,,,,,,,,,,,,,,,,,,,,,,,,,,,,,,,,,,,,,,,,,,,,,,,,,,,,,,2026-10-04T09:27:34.347Z,4,7,0.1046,0.2668
kommande,CL,,2026-10-20,2026-10-20T19:00Z,Liverpool,Villarreal,,,,,,,,,,,,,,,,,,,,,,,,,,,,,,,,,,,,,,,,,,,,,,,,,,,,,,,,,,,,2026-10-04T09:27:34.347Z,6,1,0.2624,0.0187
kommande,CL,,2026-10-20,2026-10-20T19:00Z,Manchester City,AEK Athens,,,,,,,,,,,,,,,,,,,,,,,,,,,,,,,,,,,,,,,,,,,,,,,,,,,,,,,,,,,,2026-10-04T09:27:34.347Z,2,1,0.1149,0.0337
kommande,CL,,2026-10-20,2026-10-20T19:00Z,Napoli,Bodo/Glimt,,,,,,,,,,,,,,,,,,,,,,,,,,,,,,,,,,,,,,,,,,,,,,,,,,,,,,,,,,,,2026-10-04T09:27:34.347Z,8,5,0.2527,0.1649
kommande,CL,,2026-10-20,2026-10-20T19:00Z,Paris Saint-Germain,Barcelona,,,,,,,,,,,,,,,,,,,,,,,,,,,,,,,,,,,,,,,,,,,,,,,,,,,,,,,,,,,,2026-10-04T09:27:34.347Z,3,6,0.1369,0.1592
kommande,CL,,2026-10-20,2026-10-20T16:45Z,Sabah FK,Borussia Dortmund,,,,,,,,,,,,,,,,,,,,,,,,,,,,,,,,,,,,,,,,,,,,,,,,,,,,,,,,,,,,2026-10-04T09:27:34.347Z,0,6,0,0.1888
kommande,CL,,2026-10-20,2026-10-20T19:00Z,VfB Stuttgart,Atlético Madrid,,,,,,,,,,,,,,,,,,,,,,,,,,,,,,,,,,,,,,,,,,,,,,,,,,,,,,,,,,,,2026-10-04T09:27:34.347Z,6,2,0.1219,0.0527
kommande,CL,,2026-10-21,2026-10-21T19:00Z,Aston Villa,Viking FK,,,,,,,,,,,,,,,,,,,,,,,,,,,,,,,,,,,,,,,,,,,,,,,,,,,,,,,,,,,,2026-10-04T09:27:34.347Z,7,5,0.2282,0.0667
kommande,CL,,2026-10-21,2026-10-21T19:00Z,Bayern Munich,Arsenal,,,,,,,,,,,,,,,,,,,,,,,,,,,,,,,,,,,,,,,,,,,,,,,,,,,,,,,,,,,,2026-10-04T09:27:34.347Z,1,7,0.124,0.3423
kommande,CL,,2026-10-21,2026-10-21T19:00Z,Club Brugge,Lens,,,,,,,,,,,,,,,,,,,,,,,,,,,,,,,,,,,,,,,,,,,,,,,,,,,,,,,,,,,,2026-10-04T09:27:34.347Z,2,5,0.2035,0.2533
kommande,CL,,2026-10-21,2026-10-21T16:45Z,Como,Manchester United,,,,,,,,,,,,,,,,,,,,,,,,,,,,,,,,,,,,,,,,,,,,,,,,,,,,,,,,,,,,2026-10-04T09:27:34.347Z,0,10,0,0.3923
kommande,CL,,2026-10-21,2026-10-21T19:00Z,Internazionale,Shakhtar Donetsk,,,,,,,,,,,,,,,,,,,,,,,,,,,,,,,,,,,,,,,,,,,,,,,,,,,,,,,,,,,,2026-10-04T09:27:34.347Z,3,0,0.0759,0
kommande,CL,,2026-10-21,2026-10-21T16:45Z,Lille,Galatasaray,,,,,,,,,,,,,,,,,,,,,,,,,,,,,,,,,,,,,,,,,,,,,,,,,,,,,,,,,,,,2026-10-04T09:27:34.347Z,3,5,0.1182,0.2776
kommande,CL,,2026-10-21,2026-10-21T19:00Z,Real Betis,Feyenoord Rotterdam,,,,,,,,,,,,,,,,,,,,,,,,,,,,,,,,,,,,,,,,,,,,,,,,,,,,,,,,,,,,2026-10-04T09:27:34.347Z,6,5,0.0625,0.1522
kommande,CL,,2026-10-21,2026-10-21T19:00Z,Real Madrid,RB Leipzig,,,,,,,,,,,,,,,,,,,,,,,,,,,,,,,,,,,,,,,,,,,,,,,,,,,,,,,,,,,,2026-10-04T09:27:34.347Z,6,5,0.2761,0.2535
kommande,CL,,2026-10-21,2026-10-21T19:00Z,Sporting CP,LASK Linz,,,,,,,,,,,,,,,,,,,,,,,,,,,,,,,,,,,,,,,,,,,,,,,,,,,,,,,,,,,,2026-10-04T09:27:34.347Z,3,2,0.0319,0.0698
