status,league,season,date,kickoff,home,away,hg,ag,res,hs,as,hst,ast,xg_h,xg_a,xg_src,open_h,open_d,open_a,close_h,close_d,close_a,pin_close,best_open_h,best_open_d,best_open_a,best_close_h,best_close_d,best_close_a,over25_open,over25_close,luck,gap,mres,rest,h2h_n,h2h_pts,h2h_res,h2h_draw,promo,releg,miss_h,miss_a,steam,book,pre_first_at,pre_first_h,pre_first_d,pre_first_a,pre_last_at,pre_last_h,pre_last_d,pre_last_a,pre_best_h,pre_best_d,pre_best_a
spelad,JP2,2025/26,2025-02-15,,Fujieda MYFC,Tokushima Vortis,0,2,A,,,,,,,,,,,,,,,,,,,,,,,,,,,,,,,,,,,,,,,,,,,,,,,
spelad,JP2,2025/26,2025-02-15,,Iwaki,JEF United Chiba,0,2,A,,,,,,,,,,,,,,,,,,,,,,,,,,,,,,,,,,,,,,,,,,,,,,,
spelad,JP2,2025/26,2025-02-15,,Júbilo Iwata,Mito HollyHock,3,2,H,,,,,,,,,,,,,,,,,,,,,,,,,,,,,,,,,,,,,,,,,,,,,,,
spelad,JP2,2025/26,2025-02-15,,RB Omiya Ardija,Montedio Yamagata,2,1,H,,,,,,,,,,,,,,,,,,,,,,,,,,,,,,,,,,,,,,,,,,,,,,,
spelad,JP2,2025/26,2025-02-15,,Sagan Tosu,Vegalta Sendai,0,1,A,,,,,,,,,,,,,,,,,,,,,,,,,,,,,,,,,,,,,,,,,,,,,,,
spelad,JP2,2025/26,2025-02-15,,V-Varen Nagasaki,Roasso Kumamoto,3,2,H,,,,,,,,,,,,,,,,,,,,,,,,,,,,,,,,,,,,,,,,,,,,,,,
spelad,JP2,2025/26,2025-02-15,,Ventforet Kofu,Renofa Yamaguchi,1,0,H,,,,,,,,,,,,,,,,,,,,,,,,,,,,,,,,,,,,,,,,,,,,,,,
spelad,JP2,2025/26,2025-02-16,,Ehime FC,Kataller Toyama,0,1,A,,,,,,,,,,,,,,,,,,,,,,,,,,,,,,,,,,,,,,,,,,,,,,,
spelad,JP2,2025/26,2025-02-16,,Imabari,Blaublitz Akita,0,1,A,,,,,,,,,,,,,,,,,,,,,,,,,,,,,,,,,,,,,,,,,,,,,,,
spelad,JP2,2025/26,2025-02-16,,Oita Trinita,Hokkaido Consadole Sapporo,2,0,H,,,,,,,,,,,,,,,,,,,,,,,,,,,,,,,,,,,,,,,,,,,,,,,
spelad,JP2,2025/26,2025-02-22,,JEF United Chiba,Kataller Toyama,2,0,H,,,,,,,,,,,,,,,,,,,,,,,,,,,,,,,,,,,,,,,,,,,,,,,
spelad,JP2,2025/26,2025-02-22,,Júbilo Iwata,Sagan Tosu,1,0,H,,,,,,,,,,,,,,,,,,,,,,,,,,,,,,,,,,,,,,,,,,,,,,,
spelad,JP2,2025/26,2025-02-22,,RB Omiya Ardija,Ventforet Kofu,1,0,H,,,,,,,,,,,,,,,,,,,,,,,,,,,,,,,,,,,,,,,,,,,,,,,
spelad,JP2,2025/26,2025-02-23,,Ehime FC,Blaublitz Akita,1,2,A,,,,,,,,,,,,,,,,,,,,,,,,,,,,,,,,,,,,,,,,,,,,,,,
spelad,JP2,2025/26,2025-02-23,,Imabari,Fujieda MYFC,0,0,D,,,,,,,,,,,,,,,,,,,,,,,,,,,,,,,,,,,,,,,,,,,,,,,
spelad,JP2,2025/26,2025-02-23,,Mito HollyHock,Montedio Yamagata,1,0,H,,,,,,,,,,,,,,,,,,,,,,,,,,,,,,,,,,,,,,,,,,,,,,,
spelad,JP2,2025/26,2025-02-23,,Oita Trinita,Iwaki,0,0,D,,,,,,,,,,,,,,,,,,,,,,,,,,,,,,,,,,,,,,,,,,,,,,,
spelad,JP2,2025/26,2025-02-23,,Renofa Yamaguchi,V-Varen Nagasaki,2,2,D,,,,,,,,,,,,,,,,,,,,,,,,,,,,,,,,,,,,,,,,,,,,,,,
spelad,JP2,2025/26,2025-02-23,,Roasso Kumamoto,Hokkaido Consadole Sapporo,3,0,H,,,,,,,,,,,,,,,,,,,,,,,,,,,,,,,,,,,,,,,,,,,,,,,
spelad,JP2,2025/26,2025-02-23,,Tokushima Vortis,Vegalta Sendai,1,0,H,,,,,,,,,,,,,,,,,,,,,,,,,,,,,,,,,,,,,,,,,,,,,,,
spelad,JP2,2025/26,2025-03-01,,Fujieda MYFC,Blaublitz Akita,2,1,H,,,,,,,,,,,,,,,,,,,,,,,,,,,,,,,,,,,,,,,,,,,,,,,
spelad,JP2,2025/26,2025-03-01,,JEF United Chiba,Montedio Yamagata,3,2,H,,,,,,,,,,,,,,,,,,,,,,,,,,,,,,,,,,,,,,,,,,,,,,,
spelad,JP2,2025/26,2025-03-01,,Sagan Tosu,Imabari,1,4,A,,,,,,,,,,,,,,,,,,,,,,,,,,,,,,,,,,,,,,,,,,,,,,,
spelad,JP2,2025/26,2025-03-01,,V-Varen Nagasaki,Júbilo Iwata,1,0,H,,,,,,,,,,,,,,,,,,,,,,,,,,,,,,,,,,,,,,,,,,,,,,,
spelad,JP2,2025/26,2025-03-01,,Vegalta Sendai,Oita Trinita,2,0,H,,,,,,,,,,,,,,,,,,,,,,,,,,,,,,,,,,,,,,,,,,,,,,,
spelad,JP2,2025/26,2025-03-02,,Iwaki,Tokushima Vortis,1,1,D,,,,,,,,,,,,,,,,,,,,,,,,,,,,,,,,,,,,,,,,,,,,,,,
spelad,JP2,2025/26,2025-03-02,,Kataller Toyama,Ventforet Kofu,2,0,H,,,,,,,,,,,,,,,,,,,,,,,,,,,,,,,,,,,,,,,,,,,,,,,
spelad,JP2,2025/26,2025-03-02,,Mito HollyHock,Ehime FC,1,1,D,,,,,,,,,,,,,,,,,,,,,,,,,,,,,,,,,,,,,,,,,,,,,,,
spelad,JP2,2025/26,2025-03-02,,Renofa Yamaguchi,Hokkaido Consadole Sapporo,2,0,H,,,,,,,,,,,,,,,,,,,,,,,,,,,,,,,,,,,,,,,,,,,,,,,
spelad,JP2,2025/26,2025-03-02,,Roasso Kumamoto,RB Omiya Ardija,0,4,A,,,,,,,,,,,,,,,,,,,,,,,,,,,,,,,,,,,,,,,,,,,,,,,
spelad,JP2,2025/26,2025-03-08,,Ehime FC,Imabari,2,3,A,,,,,,,,,,,,,,,,,,,,,,,,,,,,,,,,,,,,,,,,,,,,,,,
spelad,JP2,2025/26,2025-03-08,,RB Omiya Ardija,Renofa Yamaguchi,2,1,H,,,,,,,,,,,,,,,,,,,,,,,,,,,,,,,,,,,,,,,,,,,,,,,
spelad,JP2,2025/26,2025-03-08,,Vegalta Sendai,V-Varen Nagasaki,1,1,D,,,,,,,,,,,,,,,,,,,,,,,,,,,,,,,,,,,,,,,,,,,,,,,
spelad,JP2,2025/26,2025-03-09,,Hokkaido Consadole Sapporo,JEF United Chiba,1,3,A,,,,,,,,,,,,,,,,,,,,,,,,,,,,,,,,,,,,,,,,,,,,,,,
spelad,JP2,2025/26,2025-03-09,,Iwaki,Sagan Tosu,1,1,D,,,,,,,,,,,,,,,,,,,,,,,,,,,,,,,,,,,,,,,,,,,,,,,
spelad,JP2,2025/26,2025-03-09,,Kataller Toyama,Júbilo Iwata,3,1,H,,,,,,,,,,,,,,,,,,,,,,,,,,,,,,,,,,,,,,,,,,,,,,,
spelad,JP2,2025/26,2025-03-09,,Montedio Yamagata,Blaublitz Akita,4,2,H,,,,,,,,,,,,,,,,,,,,,,,,,,,,,,,,,,,,,,,,,,,,,,,
spelad,JP2,2025/26,2025-03-09,,Oita Trinita,Mito HollyHock,0,0,D,,,,,,,,,,,,,,,,,,,,,,,,,,,,,,,,,,,,,,,,,,,,,,,
spelad,JP2,2025/26,2025-03-09,,Tokushima Vortis,Roasso Kumamoto,0,0,D,,,,,,,,,,,,,,,,,,,,,,,,,,,,,,,,,,,,,,,,,,,,,,,
spelad,JP2,2025/26,2025-03-09,,Ventforet Kofu,Fujieda MYFC,3,3,D,,,,,,,,,,,,,,,,,,,,,,,,,,,,,,,,,,,,,,,,,,,,,,,
spelad,JP2,2025/26,2025-03-15,,Blaublitz Akita,Hokkaido Consadole Sapporo,1,3,A,,,,,,,,,,,,,,,,,,,,,,,,,,,,,,,,,,,,,,,,,,,,,,,
spelad,JP2,2025/26,2025-03-15,,Fujieda MYFC,Iwaki,2,0,H,,,,,,,,,,,,,,,,,,,,,,,,,,,,,,,,,,,,,,,,,,,,,,,
spelad,JP2,2025/26,2025-03-15,,Júbilo Iwata,Ventforet Kofu,2,1,H,,,,,,,,,,,,,,,,,,,,,,,,,,,,,,,,,,,,,,,,,,,,,,,
spelad,JP2,2025/26,2025-03-15,,Sagan Tosu,RB Omiya Ardija,1,0,H,,,,,,,,,,,,,,,,,,,,,,,,,,,,,,,,,,,,,,,,,,,,,,,
spelad,JP2,2025/26,2025-03-15,,V-Varen Nagasaki,Tokushima Vortis,1,0,H,,,,,,,,,,,,,,,,,,,,,,,,,,,,,,,,,,,,,,,,,,,,,,,
spelad,JP2,2025/26,2025-03-16,,Imabari,Kataller Toyama,0,0,D,,,,,,,,,,,,,,,,,,,,,,,,,,,,,,,,,,,,,,,,,,,,,,,
spelad,JP2,2025/26,2025-03-16,,JEF United Chiba,Ehime FC,5,1,H,,,,,,,,,,,,,,,,,,,,,,,,,,,,,,,,,,,,,,,,,,,,,,,
spelad,JP2,2025/26,2025-03-16,,Mito HollyHock,Vegalta Sendai,2,2,D,,,,,,,,,,,,,,,,,,,,,,,,,,,,,,,,,,,,,,,,,,,,,,,
spelad,JP2,2025/26,2025-03-16,,Renofa Yamaguchi,Oita Trinita,1,1,D,,,,,,,,,,,,,,,,,,,,,,,,,,,,,,,,,,,,,,,,,,,,,,,
spelad,JP2,2025/26,2025-03-16,,Roasso Kumamoto,Montedio Yamagata,1,3,A,,,,,,,,,,,,,,,,,,,,,,,,,,,,,,,,,,,,,,,,,,,,,,,
spelad,JP2,2025/26,2025-03-23,,Ehime FC,Hokkaido Consadole Sapporo,1,2,A,,,,,,,,,,,,,,,,,,,,,,,,,,,,,,,,,,,,,,,,,,,,,,,
spelad,JP2,2025/26,2025-03-23,,Iwaki,Imabari,0,1,A,,,,,,,,,,,,,,,,,,,,,,,,,,,,,,,,,,,,,,,,,,,,,,,
spelad,JP2,2025/26,2025-03-23,,Montedio Yamagata,Tokushima Vortis,0,0,D,,,,,,,,,,,,,,,,,,,,,,,,,,,,,,,,,,,,,,,,,,,,,,,
spelad,JP2,2025/26,2025-03-23,,Oita Trinita,Fujieda MYFC,1,1,D,,,,,,,,,,,,,,,,,,,,,,,,,,,,,,,,,,,,,,,,,,,,,,,
spelad,JP2,2025/26,2025-03-23,,RB Omiya Ardija,Mito HollyHock,2,0,H,,,,,,,,,,,,,,,,,,,,,,,,,,,,,,,,,,,,,,,,,,,,,,,
spelad,JP2,2025/26,2025-03-23,,Renofa Yamaguchi,Roasso Kumamoto,0,1,A,,,,,,,,,,,,,,,,,,,,,,,,,,,,,,,,,,,,,,,,,,,,,,,
spelad,JP2,2025/26,2025-03-23,,Sagan Tosu,Kataller Toyama,1,0,H,,,,,,,,,,,,,,,,,,,,,,,,,,,,,,,,,,,,,,,,,,,,,,,
spelad,JP2,2025/26,2025-03-23,,V-Varen Nagasaki,Blaublitz Akita,5,1,H,,,,,,,,,,,,,,,,,,,,,,,,,,,,,,,,,,,,,,,,,,,,,,,
spelad,JP2,2025/26,2025-03-23,,Vegalta Sendai,Júbilo Iwata,2,3,A,,,,,,,,,,,,,,,,,,,,,,,,,,,,,,,,,,,,,,,,,,,,,,,
spelad,JP2,2025/26,2025-03-23,,Ventforet Kofu,JEF United Chiba,1,2,A,,,,,,,,,,,,,,,,,,,,,,,,,,,,,,,,,,,,,,,,,,,,,,,
spelad,JP2,2025/26,2025-03-29,,Hokkaido Consadole Sapporo,Ventforet Kofu,0,1,A,,,,,,,,,,,,,,,,,,,,,,,,,,,,,,,,,,,,,,,,,,,,,,,
spelad,JP2,2025/26,2025-03-30,,Blaublitz Akita,Renofa Yamaguchi,1,0,H,,,,,,,,,,,,,,,,,,,,,,,,,,,,,,,,,,,,,,,,,,,,,,,
spelad,JP2,2025/26,2025-03-30,,Ehime FC,Oita Trinita,0,1,A,,,,,,,,,,,,,,,,,,,,,,,,,,,,,,,,,,,,,,,,,,,,,,,
spelad,JP2,2025/26,2025-03-30,,Fujieda MYFC,V-Varen Nagasaki,3,2,H,,,,,,,,,,,,,,,,,,,,,,,,,,,,,,,,,,,,,,,,,,,,,,,
spelad,JP2,2025/26,2025-03-30,,Imabari,Montedio Yamagata,2,2,D,,,,,,,,,,,,,,,,,,,,,,,,,,,,,,,,,,,,,,,,,,,,,,,
spelad,JP2,2025/26,2025-03-30,,Júbilo Iwata,JEF United Chiba,1,0,H,,,,,,,,,,,,,,,,,,,,,,,,,,,,,,,,,,,,,,,,,,,,,,,
spelad,JP2,2025/26,2025-03-30,,Kataller Toyama,Vegalta Sendai,0,1,A,,,,,,,,,,,,,,,,,,,,,,,,,,,,,,,,,,,,,,,,,,,,,,,
spelad,JP2,2025/26,2025-03-30,,Mito HollyHock,Iwaki,4,1,H,,,,,,,,,,,,,,,,,,,,,,,,,,,,,,,,,,,,,,,,,,,,,,,
spelad,JP2,2025/26,2025-03-30,,Roasso Kumamoto,Sagan Tosu,3,1,H,,,,,,,,,,,,,,,,,,,,,,,,,,,,,,,,,,,,,,,,,,,,,,,
spelad,JP2,2025/26,2025-03-30,,Tokushima Vortis,RB Omiya Ardija,1,0,H,,,,,,,,,,,,,,,,,,,,,,,,,,,,,,,,,,,,,,,,,,,,,,,
spelad,JP2,2025/26,2025-04-05,,Hokkaido Consadole Sapporo,Tokushima Vortis,1,0,H,,,,,,,,,,,,,,,,,,,,,,,,,,,,,,,,,,,,,,,,,,,,,,,
spelad,JP2,2025/26,2025-04-05,,JEF United Chiba,Mito HollyHock,2,1,H,,,,,,,,,,,,,,,,,,,,,,,,,,,,,,,,,,,,,,,,,,,,,,,
spelad,JP2,2025/26,2025-04-05,,Montedio Yamagata,Júbilo Iwata,0,0,D,,,,,,,,,,,,,,,,,,,,,,,,,,,,,,,,,,,,,,,,,,,,,,,
spelad,JP2,2025/26,2025-04-05,,RB Omiya Ardija,Oita Trinita,2,2,D,,,,,,,,,,,,,,,,,,,,,,,,,,,,,,,,,,,,,,,,,,,,,,,
spelad,JP2,2025/26,2025-04-05,,Renofa Yamaguchi,Ehime FC,1,1,D,,,,,,,,,,,,,,,,,,,,,,,,,,,,,,,,,,,,,,,,,,,,,,,
spelad,JP2,2025/26,2025-04-05,,Sagan Tosu,Fujieda MYFC,1,0,H,,,,,,,,,,,,,,,,,,,,,,,,,,,,,,,,,,,,,,,,,,,,,,,
spelad,JP2,2025/26,2025-04-05,,Vegalta Sendai,Blaublitz Akita,1,0,H,,,,,,,,,,,,,,,,,,,,,,,,,,,,,,,,,,,,,,,,,,,,,,,
spelad,JP2,2025/26,2025-04-05,,Ventforet Kofu,Iwaki,1,0,H,,,,,,,,,,,,,,,,,,,,,,,,,,,,,,,,,,,,,,,,,,,,,,,
spelad,JP2,2025/26,2025-04-06,,Imabari,V-Varen Nagasaki,4,1,H,,,,,,,,,,,,,,,,,,,,,,,,,,,,,,,,,,,,,,,,,,,,,,,
spelad,JP2,2025/26,2025-04-06,,Roasso Kumamoto,Kataller Toyama,0,0,D,,,,,,,,,,,,,,,,,,,,,,,,,,,,,,,,,,,,,,,,,,,,,,,
spelad,JP2,2025/26,2025-04-12,,Iwaki,Montedio Yamagata,0,1,A,,,,,,,,,,,,,,,,,,,,,,,,,,,,,,,,,,,,,,,,,,,,,,,
spelad,JP2,2025/26,2025-04-12,,Mito HollyHock,Hokkaido Consadole Sapporo,3,1,H,,,,,,,,,,,,,,,,,,,,,,,,,,,,,,,,,,,,,,,,,,,,,,,
spelad,JP2,2025/26,2025-04-12,,Vegalta Sendai,Imabari,0,0,D,,,,,,,,,,,,,,,,,,,,,,,,,,,,,,,,,,,,,,,,,,,,,,,
spelad,JP2,2025/26,2025-04-13,,Blaublitz Akita,RB Omiya Ardija,1,2,A,,,,,,,,,,,,,,,,,,,,,,,,,,,,,,,,,,,,,,,,,,,,,,,
spelad,JP2,2025/26,2025-04-13,,Ehime FC,Ventforet Kofu,0,0,D,,,,,,,,,,,,,,,,,,,,,,,,,,,,,,,,,,,,,,,,,,,,,,,
spelad,JP2,2025/26,2025-04-13,,Fujieda MYFC,JEF United Chiba,2,3,A,,,,,,,,,,,,,,,,,,,,,,,,,,,,,,,,,,,,,,,,,,,,,,,
spelad,JP2,2025/26,2025-04-13,,Júbilo Iwata,Roasso Kumamoto,1,1,D,,,,,,,,,,,,,,,,,,,,,,,,,,,,,,,,,,,,,,,,,,,,,,,
spelad,JP2,2025/26,2025-04-13,,Kataller Toyama,Renofa Yamaguchi,2,2,D,,,,,,,,,,,,,,,,,,,,,,,,,,,,,,,,,,,,,,,,,,,,,,,
spelad,JP2,2025/26,2025-04-13,,Oita Trinita,Tokushima Vortis,1,1,D,,,,,,,,,,,,,,,,,,,,,,,,,,,,,,,,,,,,,,,,,,,,,,,
spelad,JP2,2025/26,2025-04-13,,V-Varen Nagasaki,Sagan Tosu,0,2,A,,,,,,,,,,,,,,,,,,,,,,,,,,,,,,,,,,,,,,,,,,,,,,,
spelad,JP2,2025/26,2025-04-19,,Montedio Yamagata,Ehime FC,2,3,A,,,,,,,,,,,,,,,,,,,,,,,,,,,,,,,,,,,,,,,,,,,,,,,
spelad,JP2,2025/26,2025-04-19,,Sagan Tosu,Renofa Yamaguchi,2,2,D,,,,,,,,,,,,,,,,,,,,,,,,,,,,,,,,,,,,,,,,,,,,,,,
spelad,JP2,2025/26,2025-04-19,,Ventforet Kofu,V-Varen Nagasaki,1,1,D,,,,,,,,,,,,,,,,,,,,,,,,,,,,,,,,,,,,,,,,,,,,,,,
spelad,JP2,2025/26,2025-04-20,,Blaublitz Akita,Júbilo Iwata,2,1,H,,,,,,,,,,,,,,,,,,,,,,,,,,,,,,,,,,,,,,,,,,,,,,,
spelad,JP2,2025/26,2025-04-20,,Hokkaido Consadole Sapporo,Fujieda MYFC,2,1,H,,,,,,,,,,,,,,,,,,,,,,,,,,,,,,,,,,,,,,,,,,,,,,,
spelad,JP2,2025/26,2025-04-20,,Imabari,RB Omiya Ardija,0,0,D,,,,,,,,,,,,,,,,,,,,,,,,,,,,,,,,,,,,,,,,,,,,,,,
spelad,JP2,2025/26,2025-04-20,,JEF United Chiba,Oita Trinita,1,0,H,,,,,,,,,,,,,,,,,,,,,,,,,,,,,,,,,,,,,,,,,,,,,,,
spelad,JP2,2025/26,2025-04-20,,Kataller Toyama,Iwaki,1,2,A,,,,,,,,,,,,,,,,,,,,,,,,,,,,,,,,,,,,,,,,,,,,,,,
spelad,JP2,2025/26,2025-04-20,,Roasso Kumamoto,Vegalta Sendai,0,1,A,,,,,,,,,,,,,,,,,,,,,,,,,,,,,,,,,,,,,,,,,,,,,,,
spelad,JP2,2025/26,2025-04-20,,Tokushima Vortis,Mito HollyHock,0,1,A,,,,,,,,,,,,,,,,,,,,,,,,,,,,,,,,,,,,,,,,,,,,,,,
spelad,JP2,2025/26,2025-04-25,,Fujieda MYFC,Roasso Kumamoto,0,2,A,,,,,,,,,,,,,,,,,,,,,,,,,,,,,,,,,,,,,,,,,,,,,,,
spelad,JP2,2025/26,2025-04-25,,JEF United Chiba,Blaublitz Akita,3,1,H,,,,,,,,,,,,,,,,,,,,,,,,,,,,,,,,,,,,,,,,,,,,,,,
spelad,JP2,2025/26,2025-04-25,,Júbilo Iwata,Oita Trinita,0,3,A,,,,,,,,,,,,,,,,,,,,,,,,,,,,,,,,,,,,,,,,,,,,,,,
spelad,JP2,2025/26,2025-04-25,,Mito HollyHock,Ventforet Kofu,0,0,D,,,,,,,,,,,,,,,,,,,,,,,,,,,,,,,,,,,,,,,,,,,,,,,
spelad,JP2,2025/26,2025-04-25,,RB Omiya Ardija,Hokkaido Consadole Sapporo,1,0,H,,,,,,,,,,,,,,,,,,,,,,,,,,,,,,,,,,,,,,,,,,,,,,,
spelad,JP2,2025/26,2025-04-25,,Sagan Tosu,Montedio Yamagata,2,1,H,,,,,,,,,,,,,,,,,,,,,,,,,,,,,,,,,,,,,,,,,,,,,,,
spelad,JP2,2025/26,2025-04-25,,V-Varen Nagasaki,Iwaki,3,4,A,,,,,,,,,,,,,,,,,,,,,,,,,,,,,,,,,,,,,,,,,,,,,,,
spelad,JP2,2025/26,2025-04-25,,Vegalta Sendai,Ehime FC,1,1,D,,,,,,,,,,,,,,,,,,,,,,,,,,,,,,,,,,,,,,,,,,,,,,,
spelad,JP2,2025/26,2025-04-26,,Renofa Yamaguchi,Imabari,1,2,A,,,,,,,,,,,,,,,,,,,,,,,,,,,,,,,,,,,,,,,,,,,,,,,
spelad,JP2,2025/26,2025-04-26,,Tokushima Vortis,Kataller Toyama,1,0,H,,,,,,,,,,,,,,,,,,,,,,,,,,,,,,,,,,,,,,,,,,,,,,,
spelad,JP2,2025/26,2025-04-29,,Blaublitz Akita,Tokushima Vortis,0,2,A,,,,,,,,,,,,,,,,,,,,,,,,,,,,,,,,,,,,,,,,,,,,,,,
spelad,JP2,2025/26,2025-04-29,,Ehime FC,Fujieda MYFC,2,4,A,,,,,,,,,,,,,,,,,,,,,,,,,,,,,,,,,,,,,,,,,,,,,,,
spelad,JP2,2025/26,2025-04-29,,Hokkaido Consadole Sapporo,V-Varen Nagasaki,2,2,D,,,,,,,,,,,,,,,,,,,,,,,,,,,,,,,,,,,,,,,,,,,,,,,
spelad,JP2,2025/26,2025-04-29,,Iwaki,RB Omiya Ardija,2,1,H,,,,,,,,,,,,,,,,,,,,,,,,,,,,,,,,,,,,,,,,,,,,,,,
spelad,JP2,2025/26,2025-04-29,,Júbilo Iwata,Renofa Yamaguchi,0,1,A,,,,,,,,,,,,,,,,,,,,,,,,,,,,,,,,,,,,,,,,,,,,,,,
spelad,JP2,2025/26,2025-04-29,,Kataller Toyama,Montedio Yamagata,0,0,D,,,,,,,,,,,,,,,,,,,,,,,,,,,,,,,,,,,,,,,,,,,,,,,
spelad,JP2,2025/26,2025-04-29,,Mito HollyHock,Imabari,0,0,D,,,,,,,,,,,,,,,,,,,,,,,,,,,,,,,,,,,,,,,,,,,,,,,
spelad,JP2,2025/26,2025-04-29,,Oita Trinita,Sagan Tosu,1,0,H,,,,,,,,,,,,,,,,,,,,,,,,,,,,,,,,,,,,,,,,,,,,,,,
spelad,JP2,2025/26,2025-04-29,,Roasso Kumamoto,JEF United Chiba,0,0,D,,,,,,,,,,,,,,,,,,,,,,,,,,,,,,,,,,,,,,,,,,,,,,,
spelad,JP2,2025/26,2025-04-29,,Ventforet Kofu,Vegalta Sendai,1,2,A,,,,,,,,,,,,,,,,,,,,,,,,,,,,,,,,,,,,,,,,,,,,,,,
spelad,JP2,2025/26,2025-05-03,,Fujieda MYFC,Mito HollyHock,0,2,A,,,,,,,,,,,,,,,,,,,,,,,,,,,,,,,,,,,,,,,,,,,,,,,
spelad,JP2,2025/26,2025-05-03,,Imabari,Júbilo Iwata,3,3,D,,,,,,,,,,,,,,,,,,,,,,,,,,,,,,,,,,,,,,,,,,,,,,,
spelad,JP2,2025/26,2025-05-03,,Iwaki,Blaublitz Akita,1,1,D,,,,,,,,,,,,,,,,,,,,,,,,,,,,,,,,,,,,,,,,,,,,,,,
spelad,JP2,2025/26,2025-05-03,,Montedio Yamagata,Hokkaido Consadole Sapporo,0,1,A,,,,,,,,,,,,,,,,,,,,,,,,,,,,,,,,,,,,,,,,,,,,,,,
spelad,JP2,2025/26,2025-05-03,,Oita Trinita,Roasso Kumamoto,1,0,H,,,,,,,,,,,,,,,,,,,,,,,,,,,,,,,,,,,,,,,,,,,,,,,
spelad,JP2,2025/26,2025-05-03,,RB Omiya Ardija,Kataller Toyama,2,2,D,,,,,,,,,,,,,,,,,,,,,,,,,,,,,,,,,,,,,,,,,,,,,,,
spelad,JP2,2025/26,2025-05-03,,Sagan Tosu,JEF United Chiba,1,1,D,,,,,,,,,,,,,,,,,,,,,,,,,,,,,,,,,,,,,,,,,,,,,,,
spelad,JP2,2025/26,2025-05-03,,V-Varen Nagasaki,Ehime FC,1,1,D,,,,,,,,,,,,,,,,,,,,,,,,,,,,,,,,,,,,,,,,,,,,,,,
spelad,JP2,2025/26,2025-05-03,,Vegalta Sendai,Renofa Yamaguchi,3,1,H,,,,,,,,,,,,,,,,,,,,,,,,,,,,,,,,,,,,,,,,,,,,,,,
spelad,JP2,2025/26,2025-05-03,,Ventforet Kofu,Tokushima Vortis,0,2,A,,,,,,,,,,,,,,,,,,,,,,,,,,,,,,,,,,,,,,,,,,,,,,,
spelad,JP2,2025/26,2025-05-06,,Blaublitz Akita,Ventforet Kofu,0,1,A,,,,,,,,,,,,,,,,,,,,,,,,,,,,,,,,,,,,,,,,,,,,,,,
spelad,JP2,2025/26,2025-05-06,,Ehime FC,Iwaki,1,1,D,,,,,,,,,,,,,,,,,,,,,,,,,,,,,,,,,,,,,,,,,,,,,,,
spelad,JP2,2025/26,2025-05-06,,Hokkaido Consadole Sapporo,Júbilo Iwata,2,4,A,,,,,,,,,,,,,,,,,,,,,,,,,,,,,,,,,,,,,,,,,,,,,,,
spelad,JP2,2025/26,2025-05-06,,JEF United Chiba,RB Omiya Ardija,1,2,A,,,,,,,,,,,,,,,,,,,,,,,,,,,,,,,,,,,,,,,,,,,,,,,
spelad,JP2,2025/26,2025-05-06,,Kataller Toyama,V-Varen Nagasaki,1,2,A,,,,,,,,,,,,,,,,,,,,,,,,,,,,,,,,,,,,,,,,,,,,,,,
spelad,JP2,2025/26,2025-05-06,,Montedio Yamagata,Oita Trinita,3,0,H,,,,,,,,,,,,,,,,,,,,,,,,,,,,,,,,,,,,,,,,,,,,,,,
spelad,JP2,2025/26,2025-05-06,,Renofa Yamaguchi,Mito HollyHock,1,2,A,,,,,,,,,,,,,,,,,,,,,,,,,,,,,,,,,,,,,,,,,,,,,,,
spelad,JP2,2025/26,2025-05-06,,Roasso Kumamoto,Imabari,0,1,A,,,,,,,,,,,,,,,,,,,,,,,,,,,,,,,,,,,,,,,,,,,,,,,
spelad,JP2,2025/26,2025-05-06,,Tokushima Vortis,Sagan Tosu,0,1,A,,,,,,,,,,,,,,,,,,,,,,,,,,,,,,,,,,,,,,,,,,,,,,,
spelad,JP2,2025/26,2025-05-06,,Vegalta Sendai,Fujieda MYFC,2,1,H,,,,,,,,,,,,,,,,,,,,,,,,,,,,,,,,,,,,,,,,,,,,,,,
spelad,JP2,2025/26,2025-05-10,,RB Omiya Ardija,Vegalta Sendai,3,0,H,,,,,,,,,,,,,,,,,,,,,,,,,,,,,,,,,,,,,,,,,,,,,,,
spelad,JP2,2025/26,2025-05-11,,Imabari,JEF United Chiba,0,1,A,,,,,,,,,,,,,,,,,,,,,,,,,,,,,,,,,,,,,,,,,,,,,,,
spelad,JP2,2025/26,2025-05-11,,Iwaki,Hokkaido Consadole Sapporo,1,1,D,,,,,,,,,,,,,,,,,,,,,,,,,,,,,,,,,,,,,,,,,,,,,,,
spelad,JP2,2025/26,2025-05-11,,Júbilo Iwata,Fujieda MYFC,1,0,H,,,,,,,,,,,,,,,,,,,,,,,,,,,,,,,,,,,,,,,,,,,,,,,
spelad,JP2,2025/26,2025-05-11,,Kataller Toyama,Oita Trinita,1,1,D,,,,,,,,,,,,,,,,,,,,,,,,,,,,,,,,,,,,,,,,,,,,,,,
spelad,JP2,2025/26,2025-05-11,,Mito HollyHock,Blaublitz Akita,2,1,H,,,,,,,,,,,,,,,,,,,,,,,,,,,,,,,,,,,,,,,,,,,,,,,
spelad,JP2,2025/26,2025-05-11,,Roasso Kumamoto,Ehime FC,2,2,D,,,,,,,,,,,,,,,,,,,,,,,,,,,,,,,,,,,,,,,,,,,,,,,
spelad,JP2,2025/26,2025-05-11,,Sagan Tosu,Ventforet Kofu,0,0,D,,,,,,,,,,,,,,,,,,,,,,,,,,,,,,,,,,,,,,,,,,,,,,,
spelad,JP2,2025/26,2025-05-11,,Tokushima Vortis,Renofa Yamaguchi,2,0,H,,,,,,,,,,,,,,,,,,,,,,,,,,,,,,,,,,,,,,,,,,,,,,,
spelad,JP2,2025/26,2025-05-11,,V-Varen Nagasaki,Montedio Yamagata,1,1,D,,,,,,,,,,,,,,,,,,,,,,,,,,,,,,,,,,,,,,,,,,,,,,,
spelad,JP2,2025/26,2025-05-17,,Blaublitz Akita,Sagan Tosu,1,2,A,,,,,,,,,,,,,,,,,,,,,,,,,,,,,,,,,,,,,,,,,,,,,,,
spelad,JP2,2025/26,2025-05-17,,Fujieda MYFC,RB Omiya Ardija,0,1,A,,,,,,,,,,,,,,,,,,,,,,,,,,,,,,,,,,,,,,,,,,,,,,,
spelad,JP2,2025/26,2025-05-17,,Hokkaido Consadole Sapporo,Kataller Toyama,2,1,H,,,,,,,,,,,,,,,,,,,,,,,,,,,,,,,,,,,,,,,,,,,,,,,
spelad,JP2,2025/26,2025-05-17,,JEF United Chiba,Vegalta Sendai,0,0,D,,,,,,,,,,,,,,,,,,,,,,,,,,,,,,,,,,,,,,,,,,,,,,,
spelad,JP2,2025/26,2025-05-17,,Júbilo Iwata,Iwaki,2,0,H,,,,,,,,,,,,,,,,,,,,,,,,,,,,,,,,,,,,,,,,,,,,,,,
spelad,JP2,2025/26,2025-05-17,,Mito HollyHock,Roasso Kumamoto,2,1,H,,,,,,,,,,,,,,,,,,,,,,,,,,,,,,,,,,,,,,,,,,,,,,,
spelad,JP2,2025/26,2025-05-17,,Ventforet Kofu,Imabari,1,0,H,,,,,,,,,,,,,,,,,,,,,,,,,,,,,,,,,,,,,,,,,,,,,,,
spelad,JP2,2025/26,2025-05-18,,Ehime FC,Tokushima Vortis,0,2,A,,,,,,,,,,,,,,,,,,,,,,,,,,,,,,,,,,,,,,,,,,,,,,,
spelad,JP2,2025/26,2025-05-18,,Oita Trinita,V-Varen Nagasaki,1,2,A,,,,,,,,,,,,,,,,,,,,,,,,,,,,,,,,,,,,,,,,,,,,,,,
spelad,JP2,2025/26,2025-05-18,,Renofa Yamaguchi,Montedio Yamagata,1,0,H,,,,,,,,,,,,,,,,,,,,,,,,,,,,,,,,,,,,,,,,,,,,,,,
spelad,JP2,2025/26,2025-05-25,,Iwaki,Vegalta Sendai,1,2,A,,,,,,,,,,,,,,,,,,,,,,,,,,,,,,,,,,,,,,,,,,,,,,,
spelad,JP2,2025/26,2025-05-25,,Montedio Yamagata,Ventforet Kofu,0,4,A,,,,,,,,,,,,,,,,,,,,,,,,,,,,,,,,,,,,,,,,,,,,,,,
spelad,JP2,2025/26,2025-05-25,,Renofa Yamaguchi,Fujieda MYFC,0,0,D,,,,,,,,,,,,,,,,,,,,,,,,,,,,,,,,,,,,,,,,,,,,,,,
spelad,JP2,2025/26,2025-05-25,,Roasso Kumamoto,Blaublitz Akita,1,2,A,,,,,,,,,,,,,,,,,,,,,,,,,,,,,,,,,,,,,,,,,,,,,,,
spelad,JP2,2025/26,2025-05-25,,Sagan Tosu,Hokkaido Consadole Sapporo,2,1,H,,,,,,,,,,,,,,,,,,,,,,,,,,,,,,,,,,,,,,,,,,,,,,,
spelad,JP2,2025/26,2025-05-25,,Tokushima Vortis,Júbilo Iwata,1,1,D,,,,,,,,,,,,,,,,,,,,,,,,,,,,,,,,,,,,,,,,,,,,,,,
spelad,JP2,2025/26,2025-05-25,,V-Varen Nagasaki,JEF United Chiba,1,0,H,,,,,,,,,,,,,,,,,,,,,,,,,,,,,,,,,,,,,,,,,,,,,,,
spelad,JP2,2025/26,2025-05-31,,Blaublitz Akita,Kataller Toyama,2,2,D,,,,,,,,,,,,,,,,,,,,,,,,,,,,,,,,,,,,,,,,,,,,,,,
spelad,JP2,2025/26,2025-05-31,,Fujieda MYFC,Montedio Yamagata,2,1,H,,,,,,,,,,,,,,,,,,,,,,,,,,,,,,,,,,,,,,,,,,,,,,,
spelad,JP2,2025/26,2025-05-31,,Imabari,Tokushima Vortis,0,1,A,,,,,,,,,,,,,,,,,,,,,,,,,,,,,,,,,,,,,,,,,,,,,,,
spelad,JP2,2025/26,2025-05-31,,JEF United Chiba,Renofa Yamaguchi,0,0,D,,,,,,,,,,,,,,,,,,,,,,,,,,,,,,,,,,,,,,,,,,,,,,,
spelad,JP2,2025/26,2025-05-31,,Mito HollyHock,V-Varen Nagasaki,3,0,H,,,,,,,,,,,,,,,,,,,,,,,,,,,,,,,,,,,,,,,,,,,,,,,
spelad,JP2,2025/26,2025-05-31,,Oita Trinita,Ventforet Kofu,2,1,H,,,,,,,,,,,,,,,,,,,,,,,,,,,,,,,,,,,,,,,,,,,,,,,
spelad,JP2,2025/26,2025-05-31,,RB Omiya Ardija,Júbilo Iwata,2,2,D,,,,,,,,,,,,,,,,,,,,,,,,,,,,,,,,,,,,,,,,,,,,,,,
spelad,JP2,2025/26,2025-05-31,,Sagan Tosu,Ehime FC,2,2,D,,,,,,,,,,,,,,,,,,,,,,,,,,,,,,,,,,,,,,,,,,,,,,,
spelad,JP2,2025/26,2025-05-31,,Vegalta Sendai,Hokkaido Consadole Sapporo,1,1,D,,,,,,,,,,,,,,,,,,,,,,,,,,,,,,,,,,,,,,,,,,,,,,,
spelad,JP2,2025/26,2025-06-01,,Iwaki,Roasso Kumamoto,5,1,H,,,,,,,,,,,,,,,,,,,,,,,,,,,,,,,,,,,,,,,,,,,,,,,
spelad,JP2,2025/26,2025-06-07,,Imabari,Oita Trinita,1,1,D,,,,,,,,,,,,,,,,,,,,,,,,,,,,,,,,,,,,,,,,,,,,,,,
spelad,JP2,2025/26,2025-06-08,,Kataller Toyama,Mito HollyHock,0,1,A,,,,,,,,,,,,,,,,,,,,,,,,,,,,,,,,,,,,,,,,,,,,,,,
spelad,JP2,2025/26,2025-06-08,,RB Omiya Ardija,Ehime FC,1,1,D,,,,,,,,,,,,,,,,,,,,,,,,,,,,,,,,,,,,,,,,,,,,,,,
spelad,JP2,2025/26,2025-06-14,,Mito HollyHock,Sagan Tosu,1,0,H,,,,,,,,,,,,,,,,,,,,,,,,,,,,,,,,,,,,,,,,,,,,,,,
spelad,JP2,2025/26,2025-06-15,,Hokkaido Consadole Sapporo,Imabari,2,2,D,,,,,,,,,,,,,,,,,,,,,,,,,,,,,,,,,,,,,,,,,,,,,,,
spelad,JP2,2025/26,2025-06-15,,Júbilo Iwata,Ehime FC,4,0,H,,,,,,,,,,,,,,,,,,,,,,,,,,,,,,,,,,,,,,,,,,,,,,,
spelad,JP2,2025/26,2025-06-15,,Kataller Toyama,Fujieda MYFC,0,1,A,,,,,,,,,,,,,,,,,,,,,,,,,,,,,,,,,,,,,,,,,,,,,,,
spelad,JP2,2025/26,2025-06-15,,Montedio Yamagata,Vegalta Sendai,3,4,A,,,,,,,,,,,,,,,,,,,,,,,,,,,,,,,,,,,,,,,,,,,,,,,
spelad,JP2,2025/26,2025-06-15,,Oita Trinita,Blaublitz Akita,1,2,A,,,,,,,,,,,,,,,,,,,,,,,,,,,,,,,,,,,,,,,,,,,,,,,
spelad,JP2,2025/26,2025-06-15,,Renofa Yamaguchi,Iwaki,2,2,D,,,,,,,,,,,,,,,,,,,,,,,,,,,,,,,,,,,,,,,,,,,,,,,
spelad,JP2,2025/26,2025-06-15,,Tokushima Vortis,JEF United Chiba,3,3,D,,,,,,,,,,,,,,,,,,,,,,,,,,,,,,,,,,,,,,,,,,,,,,,
spelad,JP2,2025/26,2025-06-15,,V-Varen Nagasaki,RB Omiya Ardija,3,3,D,,,,,,,,,,,,,,,,,,,,,,,,,,,,,,,,,,,,,,,,,,,,,,,
spelad,JP2,2025/26,2025-06-15,,Ventforet Kofu,Roasso Kumamoto,1,1,D,,,,,,,,,,,,,,,,,,,,,,,,,,,,,,,,,,,,,,,,,,,,,,,
spelad,JP2,2025/26,2025-06-21,,Ehime FC,Renofa Yamaguchi,2,0,H,,,,,,,,,,,,,,,,,,,,,,,,,,,,,,,,,,,,,,,,,,,,,,,
spelad,JP2,2025/26,2025-06-21,,Fujieda MYFC,Hokkaido Consadole Sapporo,1,3,A,,,,,,,,,,,,,,,,,,,,,,,,,,,,,,,,,,,,,,,,,,,,,,,
spelad,JP2,2025/26,2025-06-21,,Imabari,Mito HollyHock,1,2,A,,,,,,,,,,,,,,,,,,,,,,,,,,,,,,,,,,,,,,,,,,,,,,,
spelad,JP2,2025/26,2025-06-21,,Iwaki,Kataller Toyama,3,1,H,,,,,,,,,,,,,,,,,,,,,,,,,,,,,,,,,,,,,,,,,,,,,,,
spelad,JP2,2025/26,2025-06-21,,JEF United Chiba,Júbilo Iwata,0,1,A,,,,,,,,,,,,,,,,,,,,,,,,,,,,,,,,,,,,,,,,,,,,,,,
spelad,JP2,2025/26,2025-06-21,,RB Omiya Ardija,Sagan Tosu,0,0,D,,,,,,,,,,,,,,,,,,,,,,,,,,,,,,,,,,,,,,,,,,,,,,,
spelad,JP2,2025/26,2025-06-21,,Tokushima Vortis,Oita Trinita,2,0,H,,,,,,,,,,,,,,,,,,,,,,,,,,,,,,,,,,,,,,,,,,,,,,,
spelad,JP2,2025/26,2025-06-22,,Blaublitz Akita,Montedio Yamagata,2,3,A,,,,,,,,,,,,,,,,,,,,,,,,,,,,,,,,,,,,,,,,,,,,,,,
spelad,JP2,2025/26,2025-06-22,,Roasso Kumamoto,V-Varen Nagasaki,1,3,A,,,,,,,,,,,,,,,,,,,,,,,,,,,,,,,,,,,,,,,,,,,,,,,
spelad,JP2,2025/26,2025-06-22,,Vegalta Sendai,Ventforet Kofu,0,0,D,,,,,,,,,,,,,,,,,,,,,,,,,,,,,,,,,,,,,,,,,,,,,,,
spelad,JP2,2025/26,2025-06-28,,Fujieda MYFC,Imabari,0,0,D,,,,,,,,,,,,,,,,,,,,,,,,,,,,,,,,,,,,,,,,,,,,,,,
spelad,JP2,2025/26,2025-06-28,,Hokkaido Consadole Sapporo,Roasso Kumamoto,3,2,H,,,,,,,,,,,,,,,,,,,,,,,,,,,,,,,,,,,,,,,,,,,,,,,
spelad,JP2,2025/26,2025-06-28,,Júbilo Iwata,Vegalta Sendai,0,1,A,,,,,,,,,,,,,,,,,,,,,,,,,,,,,,,,,,,,,,,,,,,,,,,
spelad,JP2,2025/26,2025-06-28,,Kataller Toyama,JEF United Chiba,1,0,H,,,,,,,,,,,,,,,,,,,,,,,,,,,,,,,,,,,,,,,,,,,,,,,
spelad,JP2,2025/26,2025-06-28,,Mito HollyHock,Tokushima Vortis,1,1,D,,,,,,,,,,,,,,,,,,,,,,,,,,,,,,,,,,,,,,,,,,,,,,,
spelad,JP2,2025/26,2025-06-28,,Montedio Yamagata,V-Varen Nagasaki,1,2,A,,,,,,,,,,,,,,,,,,,,,,,,,,,,,,,,,,,,,,,,,,,,,,,
spelad,JP2,2025/26,2025-06-28,,Oita Trinita,RB Omiya Ardija,0,0,D,,,,,,,,,,,,,,,,,,,,,,,,,,,,,,,,,,,,,,,,,,,,,,,
spelad,JP2,2025/26,2025-06-28,,Renofa Yamaguchi,Blaublitz Akita,1,1,D,,,,,,,,,,,,,,,,,,,,,,,,,,,,,,,,,,,,,,,,,,,,,,,
spelad,JP2,2025/26,2025-06-28,,Sagan Tosu,Iwaki,1,0,H,,,,,,,,,,,,,,,,,,,,,,,,,,,,,,,,,,,,,,,,,,,,,,,
spelad,JP2,2025/26,2025-06-28,,Ventforet Kofu,Ehime FC,0,0,D,,,,,,,,,,,,,,,,,,,,,,,,,,,,,,,,,,,,,,,,,,,,,,,
spelad,JP2,2025/26,2025-07-05,,Blaublitz Akita,Mito HollyHock,0,2,A,,,,,,,,,,,,,,,,,,,,,,,,,,,,,,,,,,,,,,,,,,,,,,,
spelad,JP2,2025/26,2025-07-05,,Hokkaido Consadole Sapporo,Renofa Yamaguchi,1,0,H,,,,,,,,,,,,,,,,,,,,,,,,,,,,,,,,,,,,,,,,,,,,,,,
spelad,JP2,2025/26,2025-07-05,,Imabari,Ventforet Kofu,2,4,A,,,,,,,,,,,,,,,,,,,,,,,,,,,,,,,,,,,,,,,,,,,,,,,
spelad,JP2,2025/26,2025-07-05,,JEF United Chiba,Sagan Tosu,0,2,A,,,,,,,,,,,,,,,,,,,,,,,,,,,,,,,,,,,,,,,,,,,,,,,
spelad,JP2,2025/26,2025-07-05,,RB Omiya Ardija,Iwaki,1,2,A,,,,,,,,,,,,,,,,,,,,,,,,,,,,,,,,,,,,,,,,,,,,,,,
spelad,JP2,2025/26,2025-07-05,,Tokushima Vortis,Fujieda MYFC,0,2,A,,,,,,,,,,,,,,,,,,,,,,,,,,,,,,,,,,,,,,,,,,,,,,,
spelad,JP2,2025/26,2025-07-05,,V-Varen Nagasaki,Oita Trinita,1,0,H,,,,,,,,,,,,,,,,,,,,,,,,,,,,,,,,,,,,,,,,,,,,,,,
spelad,JP2,2025/26,2025-07-05,,Vegalta Sendai,Kataller Toyama,0,1,A,,,,,,,,,,,,,,,,,,,,,,,,,,,,,,,,,,,,,,,,,,,,,,,
spelad,JP2,2025/26,2025-07-06,,Ehime FC,Montedio Yamagata,1,3,A,,,,,,,,,,,,,,,,,,,,,,,,,,,,,,,,,,,,,,,,,,,,,,,
spelad,JP2,2025/26,2025-07-06,,Roasso Kumamoto,Júbilo Iwata,2,0,H,,,,,,,,,,,,,,,,,,,,,,,,,,,,,,,,,,,,,,,,,,,,,,,
spelad,JP2,2025/26,2025-07-12,,Blaublitz Akita,Roasso Kumamoto,3,2,H,,,,,,,,,,,,,,,,,,,,,,,,,,,,,,,,,,,,,,,,,,,,,,,
spelad,JP2,2025/26,2025-07-12,,Fujieda MYFC,Vegalta Sendai,1,1,D,,,,,,,,,,,,,,,,,,,,,,,,,,,,,,,,,,,,,,,,,,,,,,,
spelad,JP2,2025/26,2025-07-12,,Imabari,Ehime FC,1,0,H,,,,,,,,,,,,,,,,,,,,,,,,,,,,,,,,,,,,,,,,,,,,,,,
spelad,JP2,2025/26,2025-07-12,,Iwaki,V-Varen Nagasaki,1,1,D,,,,,,,,,,,,,,,,,,,,,,,,,,,,,,,,,,,,,,,,,,,,,,,
spelad,JP2,2025/26,2025-07-12,,Júbilo Iwata,Hokkaido Consadole Sapporo,5,1,H,,,,,,,,,,,,,,,,,,,,,,,,,,,,,,,,,,,,,,,,,,,,,,,
spelad,JP2,2025/26,2025-07-12,,Mito HollyHock,Kataller Toyama,3,0,H,,,,,,,,,,,,,,,,,,,,,,,,,,,,,,,,,,,,,,,,,,,,,,,
spelad,JP2,2025/26,2025-07-12,,Montedio Yamagata,JEF United Chiba,0,1,A,,,,,,,,,,,,,,,,,,,,,,,,,,,,,,,,,,,,,,,,,,,,,,,
spelad,JP2,2025/26,2025-07-12,,Renofa Yamaguchi,Tokushima Vortis,0,0,D,,,,,,,,,,,,,,,,,,,,,,,,,,,,,,,,,,,,,,,,,,,,,,,
spelad,JP2,2025/26,2025-07-12,,Sagan Tosu,Oita Trinita,2,1,H,,,,,,,,,,,,,,,,,,,,,,,,,,,,,,,,,,,,,,,,,,,,,,,
spelad,JP2,2025/26,2025-07-12,,Ventforet Kofu,RB Omiya Ardija,1,0,H,,,,,,,,,,,,,,,,,,,,,,,,,,,,,,,,,,,,,,,,,,,,,,,
spelad,JP2,2025/26,2025-08-02,,Fujieda MYFC,Renofa Yamaguchi,2,2,D,,,,,,,,,,,,,,,,,,,,,,,,,,,,,,,,,,,,,,,,,,,,,,,
spelad,JP2,2025/26,2025-08-02,,Hokkaido Consadole Sapporo,Sagan Tosu,1,0,H,,,,,,,,,,,,,,,,,,,,,,,,,,,,,,,,,,,,,,,,,,,,,,,
spelad,JP2,2025/26,2025-08-02,,JEF United Chiba,Iwaki,2,2,D,,,,,,,,,,,,,,,,,,,,,,,,,,,,,,,,,,,,,,,,,,,,,,,
spelad,JP2,2025/26,2025-08-02,,Júbilo Iwata,Blaublitz Akita,1,4,A,,,,,,,,,,,,,,,,,,,,,,,,,,,,,,,,,,,,,,,,,,,,,,,
spelad,JP2,2025/26,2025-08-02,,Kataller Toyama,RB Omiya Ardija,0,2,A,,,,,,,,,,,,,,,,,,,,,,,,,,,,,,,,,,,,,,,,,,,,,,,
spelad,JP2,2025/26,2025-08-02,,Oita Trinita,Imabari,0,1,A,,,,,,,,,,,,,,,,,,,,,,,,,,,,,,,,,,,,,,,,,,,,,,,
spelad,JP2,2025/26,2025-08-02,,Tokushima Vortis,Ehime FC,1,0,H,,,,,,,,,,,,,,,,,,,,,,,,,,,,,,,,,,,,,,,,,,,,,,,
spelad,JP2,2025/26,2025-08-02,,V-Varen Nagasaki,Vegalta Sendai,0,0,D,,,,,,,,,,,,,,,,,,,,,,,,,,,,,,,,,,,,,,,,,,,,,,,
spelad,JP2,2025/26,2025-08-02,,Ventforet Kofu,Montedio Yamagata,1,3,A,,,,,,,,,,,,,,,,,,,,,,,,,,,,,,,,,,,,,,,,,,,,,,,
spelad,JP2,2025/26,2025-08-03,,Roasso Kumamoto,Mito HollyHock,2,1,H,,,,,,,,,,,,,,,,,,,,,,,,,,,,,,,,,,,,,,,,,,,,,,,
spelad,JP2,2025/26,2025-08-09,,Blaublitz Akita,Fujieda MYFC,0,0,D,,,,,,,,,,,,,,,,,,,,,,,,,,,,,,,,,,,,,,,,,,,,,,,
spelad,JP2,2025/26,2025-08-09,,Imabari,Roasso Kumamoto,3,2,H,,,,,,,,,,,,,,,,,,,,,,,,,,,,,,,,,,,,,,,,,,,,,,,
spelad,JP2,2025/26,2025-08-09,,Oita Trinita,Kataller Toyama,2,2,D,,,,,,,,,,,,,,,,,,,,,,,,,,,,,,,,,,,,,,,,,,,,,,,
spelad,JP2,2025/26,2025-08-09,,RB Omiya Ardija,JEF United Chiba,0,1,A,,,,,,,,,,,,,,,,,,,,,,,,,,,,,,,,,,,,,,,,,,,,,,,
spelad,JP2,2025/26,2025-08-09,,V-Varen Nagasaki,Hokkaido Consadole Sapporo,2,1,H,,,,,,,,,,,,,,,,,,,,,,,,,,,,,,,,,,,,,,,,,,,,,,,
spelad,JP2,2025/26,2025-08-10,,Ehime FC,Sagan Tosu,0,1,A,,,,,,,,,,,,,,,,,,,,,,,,,,,,,,,,,,,,,,,,,,,,,,,
spelad,JP2,2025/26,2025-08-10,,Iwaki,Júbilo Iwata,3,1,H,,,,,,,,,,,,,,,,,,,,,,,,,,,,,,,,,,,,,,,,,,,,,,,
spelad,JP2,2025/26,2025-08-10,,Montedio Yamagata,Mito HollyHock,1,2,A,,,,,,,,,,,,,,,,,,,,,,,,,,,,,,,,,,,,,,,,,,,,,,,
spelad,JP2,2025/26,2025-08-10,,Vegalta Sendai,Tokushima Vortis,0,2,A,,,,,,,,,,,,,,,,,,,,,,,,,,,,,,,,,,,,,,,,,,,,,,,
spelad,JP2,2025/26,2025-08-11,,Renofa Yamaguchi,Ventforet Kofu,0,1,A,,,,,,,,,,,,,,,,,,,,,,,,,,,,,,,,,,,,,,,,,,,,,,,
spelad,JP2,2025/26,2025-08-16,,Hokkaido Consadole Sapporo,Blaublitz Akita,0,2,A,,,,,,,,,,,,,,,,,,,,,,,,,,,,,,,,,,,,,,,,,,,,,,,
spelad,JP2,2025/26,2025-08-16,,JEF United Chiba,Tokushima Vortis,1,0,H,,,,,,,,,,,,,,,,,,,,,,,,,,,,,,,,,,,,,,,,,,,,,,,
spelad,JP2,2025/26,2025-08-16,,Kataller Toyama,Imabari,1,2,A,,,,,,,,,,,,,,,,,,,,,,,,,,,,,,,,,,,,,,,,,,,,,,,
spelad,JP2,2025/26,2025-08-16,,Mito HollyHock,Júbilo Iwata,1,3,A,,,,,,,,,,,,,,,,,,,,,,,,,,,,,,,,,,,,,,,,,,,,,,,
spelad,JP2,2025/26,2025-08-16,,Montedio Yamagata,Iwaki,1,0,H,,,,,,,,,,,,,,,,,,,,,,,,,,,,,,,,,,,,,,,,,,,,,,,
spelad,JP2,2025/26,2025-08-16,,Renofa Yamaguchi,Vegalta Sendai,2,2,D,,,,,,,,,,,,,,,,,,,,,,,,,,,,,,,,,,,,,,,,,,,,,,,
spelad,JP2,2025/26,2025-08-16,,Roasso Kumamoto,Fujieda MYFC,2,1,H,,,,,,,,,,,,,,,,,,,,,,,,,,,,,,,,,,,,,,,,,,,,,,,
spelad,JP2,2025/26,2025-08-17,,Ehime FC,RB Omiya Ardija,0,3,A,,,,,,,,,,,,,,,,,,,,,,,,,,,,,,,,,,,,,,,,,,,,,,,
spelad,JP2,2025/26,2025-08-17,,Sagan Tosu,V-Varen Nagasaki,1,2,A,,,,,,,,,,,,,,,,,,,,,,,,,,,,,,,,,,,,,,,,,,,,,,,
spelad,JP2,2025/26,2025-08-17,,Ventforet Kofu,Oita Trinita,2,0,H,,,,,,,,,,,,,,,,,,,,,,,,,,,,,,,,,,,,,,,,,,,,,,,
spelad,JP2,2025/26,2025-08-23,,Blaublitz Akita,Imabari,1,2,A,,,,,,,,,,,,,,,,,,,,,,,,,,,,,,,,,,,,,,,,,,,,,,,
spelad,JP2,2025/26,2025-08-23,,Fujieda MYFC,Ehime FC,4,1,H,,,,,,,,,,,,,,,,,,,,,,,,,,,,,,,,,,,,,,,,,,,,,,,
spelad,JP2,2025/26,2025-08-23,,Iwaki,Oita Trinita,4,0,H,,,,,,,,,,,,,,,,,,,,,,,,,,,,,,,,,,,,,,,,,,,,,,,
spelad,JP2,2025/26,2025-08-23,,Júbilo Iwata,Kataller Toyama,2,0,H,,,,,,,,,,,,,,,,,,,,,,,,,,,,,,,,,,,,,,,,,,,,,,,
spelad,JP2,2025/26,2025-08-23,,RB Omiya Ardija,Roasso Kumamoto,1,0,H,,,,,,,,,,,,,,,,,,,,,,,,,,,,,,,,,,,,,,,,,,,,,,,
spelad,JP2,2025/26,2025-08-23,,Sagan Tosu,Mito HollyHock,2,2,D,,,,,,,,,,,,,,,,,,,,,,,,,,,,,,,,,,,,,,,,,,,,,,,
spelad,JP2,2025/26,2025-08-23,,Tokushima Vortis,Montedio Yamagata,1,0,H,,,,,,,,,,,,,,,,,,,,,,,,,,,,,,,,,,,,,,,,,,,,,,,
spelad,JP2,2025/26,2025-08-23,,Ventforet Kofu,Hokkaido Consadole Sapporo,1,2,A,,,,,,,,,,,,,,,,,,,,,,,,,,,,,,,,,,,,,,,,,,,,,,,
spelad,JP2,2025/26,2025-08-24,,V-Varen Nagasaki,Renofa Yamaguchi,1,0,H,,,,,,,,,,,,,,,,,,,,,,,,,,,,,,,,,,,,,,,,,,,,,,,
spelad,JP2,2025/26,2025-08-24,,Vegalta Sendai,JEF United Chiba,1,0,H,,,,,,,,,,,,,,,,,,,,,,,,,,,,,,,,,,,,,,,,,,,,,,,
spelad,JP2,2025/26,2025-08-30,,Hokkaido Consadole Sapporo,RB Omiya Ardija,1,0,H,,,,,,,,,,,,,,,,,,,,,,,,,,,,,,,,,,,,,,,,,,,,,,,
spelad,JP2,2025/26,2025-08-30,,Imabari,Iwaki,0,2,A,,,,,,,,,,,,,,,,,,,,,,,,,,,,,,,,,,,,,,,,,,,,,,,
spelad,JP2,2025/26,2025-08-30,,JEF United Chiba,Ventforet Kofu,2,1,H,,,,,,,,,,,,,,,,,,,,,,,,,,,,,,,,,,,,,,,,,,,,,,,
spelad,JP2,2025/26,2025-08-30,,Kataller Toyama,Roasso Kumamoto,0,1,A,,,,,,,,,,,,,,,,,,,,,,,,,,,,,,,,,,,,,,,,,,,,,,,
spelad,JP2,2025/26,2025-08-30,,Mito HollyHock,Renofa Yamaguchi,2,2,D,,,,,,,,,,,,,,,,,,,,,,,,,,,,,,,,,,,,,,,,,,,,,,,
spelad,JP2,2025/26,2025-08-30,,Montedio Yamagata,Sagan Tosu,3,2,H,,,,,,,,,,,,,,,,,,,,,,,,,,,,,,,,,,,,,,,,,,,,,,,
spelad,JP2,2025/26,2025-08-30,,Tokushima Vortis,Blaublitz Akita,1,1,D,,,,,,,,,,,,,,,,,,,,,,,,,,,,,,,,,,,,,,,,,,,,,,,
spelad,JP2,2025/26,2025-08-31,,Ehime FC,Vegalta Sendai,1,1,D,,,,,,,,,,,,,,,,,,,,,,,,,,,,,,,,,,,,,,,,,,,,,,,
spelad,JP2,2025/26,2025-08-31,,Oita Trinita,Júbilo Iwata,0,0,D,,,,,,,,,,,,,,,,,,,,,,,,,,,,,,,,,,,,,,,,,,,,,,,
spelad,JP2,2025/26,2025-08-31,,V-Varen Nagasaki,Fujieda MYFC,2,1,H,,,,,,,,,,,,,,,,,,,,,,,,,,,,,,,,,,,,,,,,,,,,,,,
spelad,JP2,2025/26,2025-09-13,,Fujieda MYFC,Oita Trinita,1,1,D,,,,,,,,,,,,,,,,,,,,,,,,,,,,,,,,,,,,,,,,,,,,,,,
spelad,JP2,2025/26,2025-09-13,,Hokkaido Consadole Sapporo,Iwaki,1,5,A,,,,,,,,,,,,,,,,,,,,,,,,,,,,,,,,,,,,,,,,,,,,,,,
spelad,JP2,2025/26,2025-09-13,,Júbilo Iwata,Imabari,1,0,H,,,,,,,,,,,,,,,,,,,,,,,,,,,,,,,,,,,,,,,,,,,,,,,
spelad,JP2,2025/26,2025-09-13,,RB Omiya Ardija,V-Varen Nagasaki,1,2,A,,,,,,,,,,,,,,,,,,,,,,,,,,,,,,,,,,,,,,,,,,,,,,,
spelad,JP2,2025/26,2025-09-13,,Vegalta Sendai,Mito HollyHock,1,1,D,,,,,,,,,,,,,,,,,,,,,,,,,,,,,,,,,,,,,,,,,,,,,,,
spelad,JP2,2025/26,2025-09-13,,Ventforet Kofu,Sagan Tosu,2,3,A,,,,,,,,,,,,,,,,,,,,,,,,,,,,,,,,,,,,,,,,,,,,,,,
spelad,JP2,2025/26,2025-09-14,,Blaublitz Akita,Ehime FC,3,2,H,,,,,,,,,,,,,,,,,,,,,,,,,,,,,,,,,,,,,,,,,,,,,,,
spelad,JP2,2025/26,2025-09-14,,Montedio Yamagata,Kataller Toyama,3,0,H,,,,,,,,,,,,,,,,,,,,,,,,,,,,,,,,,,,,,,,,,,,,,,,
spelad,JP2,2025/26,2025-09-14,,Renofa Yamaguchi,JEF United Chiba,2,1,H,,,,,,,,,,,,,,,,,,,,,,,,,,,,,,,,,,,,,,,,,,,,,,,
spelad,JP2,2025/26,2025-09-15,,Roasso Kumamoto,Tokushima Vortis,2,1,H,,,,,,,,,,,,,,,,,,,,,,,,,,,,,,,,,,,,,,,,,,,,,,,
spelad,JP2,2025/26,2025-09-20,,Ehime FC,JEF United Chiba,0,1,A,,,,,,,,,,,,,,,,,,,,,,,,,,,,,,,,,,,,,,,,,,,,,,,
spelad,JP2,2025/26,2025-09-20,,Fujieda MYFC,Júbilo Iwata,2,1,H,,,,,,,,,,,,,,,,,,,,,,,,,,,,,,,,,,,,,,,,,,,,,,,
spelad,JP2,2025/26,2025-09-20,,Iwaki,Mito HollyHock,0,0,D,,,,,,,,,,,,,,,,,,,,,,,,,,,,,,,,,,,,,,,,,,,,,,,
spelad,JP2,2025/26,2025-09-20,,Oita Trinita,Renofa Yamaguchi,1,0,H,,,,,,,,,,,,,,,,,,,,,,,,,,,,,,,,,,,,,,,,,,,,,,,
spelad,JP2,2025/26,2025-09-20,,RB Omiya Ardija,Imabari,2,3,A,,,,,,,,,,,,,,,,,,,,,,,,,,,,,,,,,,,,,,,,,,,,,,,
spelad,JP2,2025/26,2025-09-20,,Sagan Tosu,Roasso Kumamoto,4,2,H,,,,,,,,,,,,,,,,,,,,,,,,,,,,,,,,,,,,,,,,,,,,,,,
spelad,JP2,2025/26,2025-09-20,,Tokushima Vortis,Hokkaido Consadole Sapporo,1,2,A,,,,,,,,,,,,,,,,,,,,,,,,,,,,,,,,,,,,,,,,,,,,,,,
spelad,JP2,2025/26,2025-09-20,,V-Varen Nagasaki,Kataller Toyama,1,1,D,,,,,,,,,,,,,,,,,,,,,,,,,,,,,,,,,,,,,,,,,,,,,,,
spelad,JP2,2025/26,2025-09-20,,Vegalta Sendai,Montedio Yamagata,3,1,H,,,,,,,,,,,,,,,,,,,,,,,,,,,,,,,,,,,,,,,,,,,,,,,
spelad,JP2,2025/26,2025-09-20,,Ventforet Kofu,Blaublitz Akita,1,1,D,,,,,,,,,,,,,,,,,,,,,,,,,,,,,,,,,,,,,,,,,,,,,,,
spelad,JP2,2025/26,2025-09-27,,Hokkaido Consadole Sapporo,Vegalta Sendai,0,3,A,,,,,,,,,,,,,,,,,,,,,,,,,,,,,,,,,,,,,,,,,,,,,,,
spelad,JP2,2025/26,2025-09-27,,Imabari,Sagan Tosu,1,1,D,,,,,,,,,,,,,,,,,,,,,,,,,,,,,,,,,,,,,,,,,,,,,,,
spelad,JP2,2025/26,2025-09-27,,Iwaki,Ventforet Kofu,2,3,A,,,,,,,,,,,,,,,,,,,,,,,,,,,,,,,,,,,,,,,,,,,,,,,
spelad,JP2,2025/26,2025-09-27,,JEF United Chiba,Roasso Kumamoto,2,2,D,,,,,,,,,,,,,,,,,,,,,,,,,,,,,,,,,,,,,,,,,,,,,,,
spelad,JP2,2025/26,2025-09-27,,Júbilo Iwata,RB Omiya Ardija,3,4,A,,,,,,,,,,,,,,,,,,,,,,,,,,,,,,,,,,,,,,,,,,,,,,,
spelad,JP2,2025/26,2025-09-27,,Montedio Yamagata,Renofa Yamaguchi,2,1,H,,,,,,,,,,,,,,,,,,,,,,,,,,,,,,,,,,,,,,,,,,,,,,,
spelad,JP2,2025/26,2025-09-27,,Oita Trinita,Ehime FC,0,3,A,,,,,,,,,,,,,,,,,,,,,,,,,,,,,,,,,,,,,,,,,,,,,,,
spelad,JP2,2025/26,2025-09-28,,Blaublitz Akita,V-Varen Nagasaki,0,0,D,,,,,,,,,,,,,,,,,,,,,,,,,,,,,,,,,,,,,,,,,,,,,,,
spelad,JP2,2025/26,2025-09-28,,Kataller Toyama,Tokushima Vortis,1,3,A,,,,,,,,,,,,,,,,,,,,,,,,,,,,,,,,,,,,,,,,,,,,,,,
spelad,JP2,2025/26,2025-09-28,,Mito HollyHock,Fujieda MYFC,2,0,H,,,,,,,,,,,,,,,,,,,,,,,,,,,,,,,,,,,,,,,,,,,,,,,
spelad,JP2,2025/26,2025-10-04,,Fujieda MYFC,Kataller Toyama,0,1,A,,,,,,,,,,,,,,,,,,,,,,,,,,,,,,,,,,,,,,,,,,,,,,,
spelad,JP2,2025/26,2025-10-04,,Hokkaido Consadole Sapporo,Montedio Yamagata,1,2,A,,,,,,,,,,,,,,,,,,,,,,,,,,,,,,,,,,,,,,,,,,,,,,,
spelad,JP2,2025/26,2025-10-04,,JEF United Chiba,V-Varen Nagasaki,0,2,A,,,,,,,,,,,,,,,,,,,,,,,,,,,,,,,,,,,,,,,,,,,,,,,
spelad,JP2,2025/26,2025-10-04,,Vegalta Sendai,RB Omiya Ardija,1,2,A,,,,,,,,,,,,,,,,,,,,,,,,,,,,,,,,,,,,,,,,,,,,,,,
spelad,JP2,2025/26,2025-10-04,,Ventforet Kofu,Júbilo Iwata,0,1,A,,,,,,,,,,,,,,,,,,,,,,,,,,,,,,,,,,,,,,,,,,,,,,,
spelad,JP2,2025/26,2025-10-05,,Blaublitz Akita,Oita Trinita,0,0,D,,,,,,,,,,,,,,,,,,,,,,,,,,,,,,,,,,,,,,,,,,,,,,,
spelad,JP2,2025/26,2025-10-05,,Ehime FC,Mito HollyHock,1,3,A,,,,,,,,,,,,,,,,,,,,,,,,,,,,,,,,,,,,,,,,,,,,,,,
spelad,JP2,2025/26,2025-10-05,,Renofa Yamaguchi,Sagan Tosu,1,2,A,,,,,,,,,,,,,,,,,,,,,,,,,,,,,,,,,,,,,,,,,,,,,,,
spelad,JP2,2025/26,2025-10-05,,Roasso Kumamoto,Iwaki,0,2,A,,,,,,,,,,,,,,,,,,,,,,,,,,,,,,,,,,,,,,,,,,,,,,,
spelad,JP2,2025/26,2025-10-05,,Tokushima Vortis,Imabari,1,0,H,,,,,,,,,,,,,,,,,,,,,,,,,,,,,,,,,,,,,,,,,,,,,,,
spelad,JP2,2025/26,2025-10-18,,Iwaki,Ehime FC,2,1,H,,,,,,,,,,,,,,,,,,,,,,,,,,,,,,,,,,,,,,,,,,,,,,,
spelad,JP2,2025/26,2025-10-18,,Júbilo Iwata,Tokushima Vortis,0,4,A,,,,,,,,,,,,,,,,,,,,,,,,,,,,,,,,,,,,,,,,,,,,,,,
spelad,JP2,2025/26,2025-10-18,,RB Omiya Ardija,Fujieda MYFC,1,0,H,,,,,,,,,,,,,,,,,,,,,,,,,,,,,,,,,,,,,,,,,,,,,,,
spelad,JP2,2025/26,2025-10-18,,Sagan Tosu,Blaublitz Akita,1,0,H,,,,,,,,,,,,,,,,,,,,,,,,,,,,,,,,,,,,,,,,,,,,,,,
spelad,JP2,2025/26,2025-10-18,,V-Varen Nagasaki,Ventforet Kofu,4,0,H,,,,,,,,,,,,,,,,,,,,,,,,,,,,,,,,,,,,,,,,,,,,,,,
spelad,JP2,2025/26,2025-10-19,,Imabari,Renofa Yamaguchi,1,1,D,,,,,,,,,,,,,,,,,,,,,,,,,,,,,,,,,,,,,,,,,,,,,,,
spelad,JP2,2025/26,2025-10-19,,Kataller Toyama,Hokkaido Consadole Sapporo,0,2,A,,,,,,,,,,,,,,,,,,,,,,,,,,,,,,,,,,,,,,,,,,,,,,,
spelad,JP2,2025/26,2025-10-19,,Mito HollyHock,JEF United Chiba,0,1,A,,,,,,,,,,,,,,,,,,,,,,,,,,,,,,,,,,,,,,,,,,,,,,,
spelad,JP2,2025/26,2025-10-19,,Montedio Yamagata,Roasso Kumamoto,1,1,D,,,,,,,,,,,,,,,,,,,,,,,,,,,,,,,,,,,,,,,,,,,,,,,
spelad,JP2,2025/26,2025-10-19,,Oita Trinita,Vegalta Sendai,0,0,D,,,,,,,,,,,,,,,,,,,,,,,,,,,,,,,,,,,,,,,,,,,,,,,
spelad,JP2,2025/26,2025-10-25,,Fujieda MYFC,Ventforet Kofu,1,1,D,,,,,,,,,,,,,,,,,,,,,,,,,,,,,,,,,,,,,,,,,,,,,,,
spelad,JP2,2025/26,2025-10-25,,V-Varen Nagasaki,Imabari,1,1,D,,,,,,,,,,,,,,,,,,,,,,,,,,,,,,,,,,,,,,,,,,,,,,,
spelad,JP2,2025/26,2025-10-26,,Blaublitz Akita,JEF United Chiba,0,0,D,,,,,,,,,,,,,,,,,,,,,,,,,,,,,,,,,,,,,,,,,,,,,,,
spelad,JP2,2025/26,2025-10-26,,Ehime FC,Júbilo Iwata,1,3,A,,,,,,,,,,,,,,,,,,,,,,,,,,,,,,,,,,,,,,,,,,,,,,,
spelad,JP2,2025/26,2025-10-26,,Hokkaido Consadole Sapporo,Mito HollyHock,0,1,A,,,,,,,,,,,,,,,,,,,,,,,,,,,,,,,,,,,,,,,,,,,,,,,
spelad,JP2,2025/26,2025-10-26,,Montedio Yamagata,RB Omiya Ardija,2,2,D,,,,,,,,,,,,,,,,,,,,,,,,,,,,,,,,,,,,,,,,,,,,,,,
spelad,JP2,2025/26,2025-10-26,,Renofa Yamaguchi,Kataller Toyama,1,0,H,,,,,,,,,,,,,,,,,,,,,,,,,,,,,,,,,,,,,,,,,,,,,,,
spelad,JP2,2025/26,2025-10-26,,Roasso Kumamoto,Oita Trinita,0,1,A,,,,,,,,,,,,,,,,,,,,,,,,,,,,,,,,,,,,,,,,,,,,,,,
spelad,JP2,2025/26,2025-10-26,,Tokushima Vortis,Iwaki,0,1,A,,,,,,,,,,,,,,,,,,,,,,,,,,,,,,,,,,,,,,,,,,,,,,,
spelad,JP2,2025/26,2025-10-26,,Vegalta Sendai,Sagan Tosu,3,2,H,,,,,,,,,,,,,,,,,,,,,,,,,,,,,,,,,,,,,,,,,,,,,,,
spelad,JP2,2025/26,2025-11-02,,Imabari,Vegalta Sendai,3,2,H,,,,,,,,,,,,,,,,,,,,,,,,,,,,,,,,,,,,,,,,,,,,,,,
spelad,JP2,2025/26,2025-11-02,,Iwaki,Fujieda MYFC,3,1,H,,,,,,,,,,,,,,,,,,,,,,,,,,,,,,,,,,,,,,,,,,,,,,,
spelad,JP2,2025/26,2025-11-02,,JEF United Chiba,Hokkaido Consadole Sapporo,5,2,H,,,,,,,,,,,,,,,,,,,,,,,,,,,,,,,,,,,,,,,,,,,,,,,
spelad,JP2,2025/26,2025-11-02,,Júbilo Iwata,V-Varen Nagasaki,1,0,H,,,,,,,,,,,,,,,,,,,,,,,,,,,,,,,,,,,,,,,,,,,,,,,
spelad,JP2,2025/26,2025-11-02,,Kataller Toyama,Ehime FC,1,1,D,,,,,,,,,,,,,,,,,,,,,,,,,,,,,,,,,,,,,,,,,,,,,,,
spelad,JP2,2025/26,2025-11-02,,Oita Trinita,Montedio Yamagata,1,2,A,,,,,,,,,,,,,,,,,,,,,,,,,,,,,,,,,,,,,,,,,,,,,,,
spelad,JP2,2025/26,2025-11-02,,RB Omiya Ardija,Blaublitz Akita,5,0,H,,,,,,,,,,,,,,,,,,,,,,,,,,,,,,,,,,,,,,,,,,,,,,,
spelad,JP2,2025/26,2025-11-02,,Roasso Kumamoto,Renofa Yamaguchi,0,1,A,,,,,,,,,,,,,,,,,,,,,,,,,,,,,,,,,,,,,,,,,,,,,,,
spelad,JP2,2025/26,2025-11-02,,Sagan Tosu,Tokushima Vortis,0,0,D,,,,,,,,,,,,,,,,,,,,,,,,,,,,,,,,,,,,,,,,,,,,,,,
spelad,JP2,2025/26,2025-11-02,,Ventforet Kofu,Mito HollyHock,0,1,A,,,,,,,,,,,,,,,,,,,,,,,,,,,,,,,,,,,,,,,,,,,,,,,
spelad,JP2,2025/26,2025-11-08,,Ehime FC,V-Varen Nagasaki,0,4,A,,,,,,,,,,,,,,,,,,,,,,,,,,,,,,,,,,,,,,,,,,,,,,,
spelad,JP2,2025/26,2025-11-08,,Hokkaido Consadole Sapporo,Oita Trinita,3,1,H,,,,,,,,,,,,,,,,,,,,,,,,,,,,,,,,,,,,,,,,,,,,,,,
spelad,JP2,2025/26,2025-11-09,,Blaublitz Akita,Iwaki,2,0,H,,,,,,,,,,,,,,,,,,,,,,,,,,,,,,,,,,,,,,,,,,,,,,,
spelad,JP2,2025/26,2025-11-09,,JEF United Chiba,Fujieda MYFC,1,1,D,,,,,,,,,,,,,,,,,,,,,,,,,,,,,,,,,,,,,,,,,,,,,,,
spelad,JP2,2025/26,2025-11-09,,Kataller Toyama,Sagan Tosu,3,1,H,,,,,,,,,,,,,,,,,,,,,,,,,,,,,,,,,,,,,,,,,,,,,,,
spelad,JP2,2025/26,2025-11-09,,Mito HollyHock,RB Omiya Ardija,0,2,A,,,,,,,,,,,,,,,,,,,,,,,,,,,,,,,,,,,,,,,,,,,,,,,
spelad,JP2,2025/26,2025-11-09,,Montedio Yamagata,Imabari,2,1,H,,,,,,,,,,,,,,,,,,,,,,,,,,,,,,,,,,,,,,,,,,,,,,,
spelad,JP2,2025/26,2025-11-09,,Renofa Yamaguchi,Júbilo Iwata,1,2,A,,,,,,,,,,,,,,,,,,,,,,,,,,,,,,,,,,,,,,,,,,,,,,,
spelad,JP2,2025/26,2025-11-09,,Tokushima Vortis,Ventforet Kofu,4,1,H,,,,,,,,,,,,,,,,,,,,,,,,,,,,,,,,,,,,,,,,,,,,,,,
spelad,JP2,2025/26,2025-11-09,,Vegalta Sendai,Roasso Kumamoto,2,0,H,,,,,,,,,,,,,,,,,,,,,,,,,,,,,,,,,,,,,,,,,,,,,,,
spelad,JP2,2025/26,2025-11-23,,Blaublitz Akita,Vegalta Sendai,0,0,D,,,,,,,,,,,,,,,,,,,,,,,,,,,,,,,,,,,,,,,,,,,,,,,
spelad,JP2,2025/26,2025-11-23,,Ehime FC,Roasso Kumamoto,1,1,D,,,,,,,,,,,,,,,,,,,,,,,,,,,,,,,,,,,,,,,,,,,,,,,
spelad,JP2,2025/26,2025-11-23,,Fujieda MYFC,Sagan Tosu,0,0,D,,,,,,,,,,,,,,,,,,,,,,,,,,,,,,,,,,,,,,,,,,,,,,,
spelad,JP2,2025/26,2025-11-23,,Imabari,Hokkaido Consadole Sapporo,1,1,D,,,,,,,,,,,,,,,,,,,,,,,,,,,,,,,,,,,,,,,,,,,,,,,
spelad,JP2,2025/26,2025-11-23,,Iwaki,Renofa Yamaguchi,0,0,D,,,,,,,,,,,,,,,,,,,,,,,,,,,,,,,,,,,,,,,,,,,,,,,
spelad,JP2,2025/26,2025-11-23,,Júbilo Iwata,Montedio Yamagata,2,2,D,,,,,,,,,,,,,,,,,,,,,,,,,,,,,,,,,,,,,,,,,,,,,,,
spelad,JP2,2025/26,2025-11-23,,Oita Trinita,JEF United Chiba,0,1,A,,,,,,,,,,,,,,,,,,,,,,,,,,,,,,,,,,,,,,,,,,,,,,,
spelad,JP2,2025/26,2025-11-23,,RB Omiya Ardija,Tokushima Vortis,1,2,A,,,,,,,,,,,,,,,,,,,,,,,,,,,,,,,,,,,,,,,,,,,,,,,
spelad,JP2,2025/26,2025-11-23,,V-Varen Nagasaki,Mito HollyHock,2,1,H,,,,,,,,,,,,,,,,,,,,,,,,,,,,,,,,,,,,,,,,,,,,,,,
spelad,JP2,2025/26,2025-11-23,,Ventforet Kofu,Kataller Toyama,0,1,A,,,,,,,,,,,,,,,,,,,,,,,,,,,,,,,,,,,,,,,,,,,,,,,
spelad,JP2,2025/26,2025-11-29,,Hokkaido Consadole Sapporo,Ehime FC,3,0,H,,,,,,,,,,,,,,,,,,,,,,,,,,,,,,,,,,,,,,,,,,,,,,,
spelad,JP2,2025/26,2025-11-29,,JEF United Chiba,Imabari,5,0,H,,,,,,,,,,,,,,,,,,,,,,,,,,,,,,,,,,,,,,,,,,,,,,,
spelad,JP2,2025/26,2025-11-29,,Kataller Toyama,Blaublitz Akita,4,1,H,,,,,,,,,,,,,,,,,,,,,,,,,,,,,,,,,,,,,,,,,,,,,,,
spelad,JP2,2025/26,2025-11-29,,Mito HollyHock,Oita Trinita,2,0,H,,,,,,,,,,,,,,,,,,,,,,,,,,,,,,,,,,,,,,,,,,,,,,,
spelad,JP2,2025/26,2025-11-29,,Montedio Yamagata,Fujieda MYFC,2,1,H,,,,,,,,,,,,,,,,,,,,,,,,,,,,,,,,,,,,,,,,,,,,,,,
spelad,JP2,2025/26,2025-11-29,,Renofa Yamaguchi,RB Omiya Ardija,3,2,H,,,,,,,,,,,,,,,,,,,,,,,,,,,,,,,,,,,,,,,,,,,,,,,
spelad,JP2,2025/26,2025-11-29,,Roasso Kumamoto,Ventforet Kofu,0,0,D,,,,,,,,,,,,,,,,,,,,,,,,,,,,,,,,,,,,,,,,,,,,,,,
spelad,JP2,2025/26,2025-11-29,,Sagan Tosu,Júbilo Iwata,1,2,A,,,,,,,,,,,,,,,,,,,,,,,,,,,,,,,,,,,,,,,,,,,,,,,
spelad,JP2,2025/26,2025-11-29,,Tokushima Vortis,V-Varen Nagasaki,1,1,D,,,,,,,,,,,,,,,,,,,,,,,,,,,,,,,,,,,,,,,,,,,,,,,
spelad,JP2,2025/26,2025-11-29,,Vegalta Sendai,Iwaki,0,1,A,,,,,,,,,,,,,,,,,,,,,,,,,,,,,,,,,,,,,,,,,,,,,,,
spelad,JP2,2026/27,2026-02-07,,Giravanz Kitakyushu,Gainare Tottori,1,3,A,,,,,,,,,,,,,,,,,,,,,,,,,,,,,,,,,,,,,,,,,,,,,,,
spelad,JP2,2026/27,2026-02-07,,Júbilo Iwata,Nagano Parceiro,0,0,D,,,,,,,,,,,,,,,,,,,,,,,,,,,,,,,,,,,,,,,,,,,,,,,
spelad,JP2,2026/27,2026-02-07,,Nara Club,Tokushima Vortis,0,6,A,,,,,,,,,,,,,,,,,,,,,,,,,,,,,,,,,,,,,,,,,,,,,,,
spelad,JP2,2026/27,2026-02-07,,RB Omiya Ardija,Matsumoto Yamaga,2,1,H,,,,,,,,,,,,,,,,,,,,,,,,,,,,,,,,,,,,,,,,,,,,,,,
spelad,JP2,2026/27,2026-02-07,,Shonan Bellmare,Blaublitz Akita,1,2,A,,,,,,,,,,,,,,,,,,,,,,,,,,,,,,,,,,,,,,,,,,,,,,,
spelad,JP2,2026/27,2026-02-07,,Tochigi City,Vegalta Sendai,1,4,A,,,,,,,,,,,,,,,,,,,,,,,,,,,,,,,,,,,,,,,,,,,,,,,
spelad,JP2,2026/27,2026-02-07,,Ventforet Kofu,Fukushima United,4,1,H,,,,,,,,,,,,,,,,,,,,,,,,,,,,,,,,,,,,,,,,,,,,,,,
spelad,JP2,2026/27,2026-02-07,,Yokohama FC,Montedio Yamagata,1,2,A,,,,,,,,,,,,,,,,,,,,,,,,,,,,,,,,,,,,,,,,,,,,,,,
spelad,JP2,2026/27,2026-02-08,,Ehime FC,Albirex Niigata,0,1,A,,,,,,,,,,,,,,,,,,,,,,,,,,,,,,,,,,,,,,,,,,,,,,,
spelad,JP2,2026/27,2026-02-08,,FC Osaka,Kamatamare Sanuki,0,1,A,,,,,,,,,,,,,,,,,,,,,,,,,,,,,,,,,,,,,,,,,,,,,,,
spelad,JP2,2026/27,2026-02-08,,FC Ryukyu,Sagan Tosu,2,2,D,,,,,,,,,,,,,,,,,,,,,,,,,,,,,,,,,,,,,,,,,,,,,,,
spelad,JP2,2026/27,2026-02-08,,Fujieda MYFC,FC Gifu,0,2,A,,,,,,,,,,,,,,,,,,,,,,,,,,,,,,,,,,,,,,,,,,,,,,,
spelad,JP2,2026/27,2026-02-08,,Imabari,Zweigen Kanazawa,0,0,D,,,,,,,,,,,,,,,,,,,,,,,,,,,,,,,,,,,,,,,,,,,,,,,
spelad,JP2,2026/27,2026-02-08,,Iwaki,Hokkaido Consadole Sapporo,1,0,H,,,,,,,,,,,,,,,,,,,,,,,,,,,,,,,,,,,,,,,,,,,,,,,
spelad,JP2,2026/27,2026-02-08,,Kagoshima United,Tegevajaro Miyazaki,2,3,A,,,,,,,,,,,,,,,,,,,,,,,,,,,,,,,,,,,,,,,,,,,,,,,
spelad,JP2,2026/27,2026-02-08,,Kochi United,Kataller Toyama,3,1,H,,,,,,,,,,,,,,,,,,,,,,,,,,,,,,,,,,,,,,,,,,,,,,,
spelad,JP2,2026/27,2026-02-08,,Roasso Kumamoto,Renofa Yamaguchi,2,1,H,,,,,,,,,,,,,,,,,,,,,,,,,,,,,,,,,,,,,,,,,,,,,,,
spelad,JP2,2026/27,2026-02-14,,Fujieda MYFC,Matsumoto Yamaga,2,0,H,,,,,,,,,,,,,,,,,,,,,,,,,,,,,,,,,,,,,,,,,,,,,,,
spelad,JP2,2026/27,2026-02-14,,Nara Club,Imabari,1,0,H,,,,,,,,,,,,,,,,,,,,,,,,,,,,,,,,,,,,,,,,,,,,,,,
spelad,JP2,2026/27,2026-02-14,,RB Omiya Ardija,Hokkaido Consadole Sapporo,3,2,H,,,,,,,,,,,,,,,,,,,,,,,,,,,,,,,,,,,,,,,,,,,,,,,
spelad,JP2,2026/27,2026-02-14,,Shonan Bellmare,Sagamihara,4,0,H,,,,,,,,,,,,,,,,,,,,,,,,,,,,,,,,,,,,,,,,,,,,,,,
spelad,JP2,2026/27,2026-02-14,,Thespa Gunma,Vanraure Hachinohe,0,1,A,,,,,,,,,,,,,,,,,,,,,,,,,,,,,,,,,,,,,,,,,,,,,,,
spelad,JP2,2026/27,2026-02-14,,Ventforet Kofu,Nagano Parceiro,2,0,H,,,,,,,,,,,,,,,,,,,,,,,,,,,,,,,,,,,,,,,,,,,,,,,
spelad,JP2,2026/27,2026-02-14,,Yokohama FC,Vegalta Sendai,0,1,A,,,,,,,,,,,,,,,,,,,,,,,,,,,,,,,,,,,,,,,,,,,,,,,
spelad,JP2,2026/27,2026-02-15,,Ehime FC,Zweigen Kanazawa,2,2,D,,,,,,,,,,,,,,,,,,,,,,,,,,,,,,,,,,,,,,,,,,,,,,,
spelad,JP2,2026/27,2026-02-15,,FC Gifu,Júbilo Iwata,2,1,H,,,,,,,,,,,,,,,,,,,,,,,,,,,,,,,,,,,,,,,,,,,,,,,
spelad,JP2,2026/27,2026-02-15,,FC Osaka,Kochi United,2,2,D,,,,,,,,,,,,,,,,,,,,,,,,,,,,,,,,,,,,,,,,,,,,,,,
spelad,JP2,2026/27,2026-02-15,,Iwaki,Fukushima United,3,1,H,,,,,,,,,,,,,,,,,,,,,,,,,,,,,,,,,,,,,,,,,,,,,,,
spelad,JP2,2026/27,2026-02-15,,Kagoshima United,FC Ryukyu,3,1,H,,,,,,,,,,,,,,,,,,,,,,,,,,,,,,,,,,,,,,,,,,,,,,,
spelad,JP2,2026/27,2026-02-15,,Kamatamare Sanuki,Kataller Toyama,1,5,A,,,,,,,,,,,,,,,,,,,,,,,,,,,,,,,,,,,,,,,,,,,,,,,
spelad,JP2,2026/27,2026-02-15,,Oita Trinita,Giravanz Kitakyushu,2,0,H,,,,,,,,,,,,,,,,,,,,,,,,,,,,,,,,,,,,,,,,,,,,,,,
spelad,JP2,2026/27,2026-02-15,,Renofa Yamaguchi,Reilac Shiga,2,1,H,,,,,,,,,,,,,,,,,,,,,,,,,,,,,,,,,,,,,,,,,,,,,,,
spelad,JP2,2026/27,2026-02-15,,Sagan Tosu,Roasso Kumamoto,1,1,D,,,,,,,,,,,,,,,,,,,,,,,,,,,,,,,,,,,,,,,,,,,,,,,
spelad,JP2,2026/27,2026-02-15,,Tegevajaro Miyazaki,Gainare Tottori,3,1,H,,,,,,,,,,,,,,,,,,,,,,,,,,,,,,,,,,,,,,,,,,,,,,,
spelad,JP2,2026/27,2026-02-15,,Tochigi City,Blaublitz Akita,0,1,A,,,,,,,,,,,,,,,,,,,,,,,,,,,,,,,,,,,,,,,,,,,,,,,
spelad,JP2,2026/27,2026-02-15,,Tochigi SC,Montedio Yamagata,1,2,A,,,,,,,,,,,,,,,,,,,,,,,,,,,,,,,,,,,,,,,,,,,,,,,
spelad,JP2,2026/27,2026-02-15,,Tokushima Vortis,Albirex Niigata,4,0,H,,,,,,,,,,,,,,,,,,,,,,,,,,,,,,,,,,,,,,,,,,,,,,,
spelad,JP2,2026/27,2026-02-21,,FC Ryukyu,Reilac Shiga,0,0,D,,,,,,,,,,,,,,,,,,,,,,,,,,,,,,,,,,,,,,,,,,,,,,,
spelad,JP2,2026/27,2026-02-21,,Fujieda MYFC,Ventforet Kofu,1,1,D,,,,,,,,,,,,,,,,,,,,,,,,,,,,,,,,,,,,,,,,,,,,,,,
spelad,JP2,2026/27,2026-02-21,,Júbilo Iwata,Matsumoto Yamaga,1,2,A,,,,,,,,,,,,,,,,,,,,,,,,,,,,,,,,,,,,,,,,,,,,,,,
spelad,JP2,2026/27,2026-02-21,,Nagano Parceiro,Hokkaido Consadole Sapporo,1,1,D,,,,,,,,,,,,,,,,,,,,,,,,,,,,,,,,,,,,,,,,,,,,,,,
spelad,JP2,2026/27,2026-02-21,,Nara Club,Ehime FC,2,2,D,,,,,,,,,,,,,,,,,,,,,,,,,,,,,,,,,,,,,,,,,,,,,,,
spelad,JP2,2026/27,2026-02-21,,RB Omiya Ardija,Fukushima United,6,0,H,,,,,,,,,,,,,,,,,,,,,,,,,,,,,,,,,,,,,,,,,,,,,,,
spelad,JP2,2026/27,2026-02-21,,Sagamihara,Blaublitz Akita,1,2,A,,,,,,,,,,,,,,,,,,,,,,,,,,,,,,,,,,,,,,,,,,,,,,,
spelad,JP2,2026/27,2026-02-21,,Shonan Bellmare,Vanraure Hachinohe,1,0,H,,,,,,,,,,,,,,,,,,,,,,,,,,,,,,,,,,,,,,,,,,,,,,,
spelad,JP2,2026/27,2026-02-21,,Tegevajaro Miyazaki,Sagan Tosu,2,1,H,,,,,,,,,,,,,,,,,,,,,,,,,,,,,,,,,,,,,,,,,,,,,,,
spelad,JP2,2026/27,2026-02-21,,Thespa Gunma,Montedio Yamagata,1,1,D,,,,,,,,,,,,,,,,,,,,,,,,,,,,,,,,,,,,,,,,,,,,,,,
spelad,JP2,2026/27,2026-02-22,,FC Gifu,Iwaki,0,0,D,,,,,,,,,,,,,,,,,,,,,,,,,,,,,,,,,,,,,,,,,,,,,,,
spelad,JP2,2026/27,2026-02-22,,Imabari,FC Osaka,2,0,H,,,,,,,,,,,,,,,,,,,,,,,,,,,,,,,,,,,,,,,,,,,,,,,
spelad,JP2,2026/27,2026-02-22,,Kagoshima United,Renofa Yamaguchi,1,0,H,,,,,,,,,,,,,,,,,,,,,,,,,,,,,,,,,,,,,,,,,,,,,,,
spelad,JP2,2026/27,2026-02-22,,Kamatamare Sanuki,Albirex Niigata,0,3,A,,,,,,,,,,,,,,,,,,,,,,,,,,,,,,,,,,,,,,,,,,,,,,,
spelad,JP2,2026/27,2026-02-22,,Kochi United,Zweigen Kanazawa,3,2,H,,,,,,,,,,,,,,,,,,,,,,,,,,,,,,,,,,,,,,,,,,,,,,,
spelad,JP2,2026/27,2026-02-22,,Oita Trinita,Gainare Tottori,2,0,H,,,,,,,,,,,,,,,,,,,,,,,,,,,,,,,,,,,,,,,,,,,,,,,
spelad,JP2,2026/27,2026-02-22,,Roasso Kumamoto,Giravanz Kitakyushu,4,1,H,,,,,,,,,,,,,,,,,,,,,,,,,,,,,,,,,,,,,,,,,,,,,,,
spelad,JP2,2026/27,2026-02-22,,Tochigi SC,Vegalta Sendai,1,2,A,,,,,,,,,,,,,,,,,,,,,,,,,,,,,,,,,,,,,,,,,,,,,,,
spelad,JP2,2026/27,2026-02-22,,Tokushima Vortis,Kataller Toyama,1,3,A,,,,,,,,,,,,,,,,,,,,,,,,,,,,,,,,,,,,,,,,,,,,,,,
spelad,JP2,2026/27,2026-02-22,,Yokohama FC,Tochigi City,5,1,H,,,,,,,,,,,,,,,,,,,,,,,,,,,,,,,,,,,,,,,,,,,,,,,
spelad,JP2,2026/27,2026-02-25,,Oita Trinita,Reilac Shiga,2,0,H,,,,,,,,,,,,,,,,,,,,,,,,,,,,,,,,,,,,,,,,,,,,,,,
spelad,JP2,2026/27,2026-02-28,,Ehime FC,Tokushima Vortis,0,1,A,,,,,,,,,,,,,,,,,,,,,,,,,,,,,,,,,,,,,,,,,,,,,,,
spelad,JP2,2026/27,2026-02-28,,FC Ryukyu,Tegevajaro Miyazaki,0,2,A,,,,,,,,,,,,,,,,,,,,,,,,,,,,,,,,,,,,,,,,,,,,,,,
spelad,JP2,2026/27,2026-02-28,,Giravanz Kitakyushu,Reilac Shiga,1,2,A,,,,,,,,,,,,,,,,,,,,,,,,,,,,,,,,,,,,,,,,,,,,,,,
spelad,JP2,2026/27,2026-02-28,,Hokkaido Consadole Sapporo,FC Gifu,1,2,A,,,,,,,,,,,,,,,,,,,,,,,,,,,,,,,,,,,,,,,,,,,,,,,
spelad,JP2,2026/27,2026-02-28,,Júbilo Iwata,Fukushima United,0,0,D,,,,,,,,,,,,,,,,,,,,,,,,,,,,,,,,,,,,,,,,,,,,,,,
spelad,JP2,2026/27,2026-02-28,,Kataller Toyama,FC Osaka,0,0,D,,,,,,,,,,,,,,,,,,,,,,,,,,,,,,,,,,,,,,,,,,,,,,,
spelad,JP2,2026/27,2026-02-28,,Nagano Parceiro,RB Omiya Ardija,1,2,A,,,,,,,,,,,,,,,,,,,,,,,,,,,,,,,,,,,,,,,,,,,,,,,
spelad,JP2,2026/27,2026-02-28,,Sagan Tosu,Kagoshima United,0,1,A,,,,,,,,,,,,,,,,,,,,,,,,,,,,,,,,,,,,,,,,,,,,,,,
spelad,JP2,2026/27,2026-02-28,,Thespa Gunma,Blaublitz Akita,3,2,H,,,,,,,,,,,,,,,,,,,,,,,,,,,,,,,,,,,,,,,,,,,,,,,
spelad,JP2,2026/27,2026-02-28,,Tochigi City,Shonan Bellmare,1,3,A,,,,,,,,,,,,,,,,,,,,,,,,,,,,,,,,,,,,,,,,,,,,,,,
spelad,JP2,2026/27,2026-02-28,,Vegalta Sendai,Vanraure Hachinohe,0,0,D,,,,,,,,,,,,,,,,,,,,,,,,,,,,,,,,,,,,,,,,,,,,,,,
spelad,JP2,2026/27,2026-02-28,,Ventforet Kofu,Matsumoto Yamaga,1,0,H,,,,,,,,,,,,,,,,,,,,,,,,,,,,,,,,,,,,,,,,,,,,,,,
spelad,JP2,2026/27,2026-03-01,,Imabari,Albirex Niigata,0,2,A,,,,,,,,,,,,,,,,,,,,,,,,,,,,,,,,,,,,,,,,,,,,,,,
spelad,JP2,2026/27,2026-03-01,,Iwaki,Fujieda MYFC,1,2,A,,,,,,,,,,,,,,,,,,,,,,,,,,,,,,,,,,,,,,,,,,,,,,,
spelad,JP2,2026/27,2026-03-01,,Kochi United,Nara Club,2,0,H,,,,,,,,,,,,,,,,,,,,,,,,,,,,,,,,,,,,,,,,,,,,,,,
spelad,JP2,2026/27,2026-03-01,,Renofa Yamaguchi,Gainare Tottori,0,0,D,,,,,,,,,,,,,,,,,,,,,,,,,,,,,,,,,,,,,,,,,,,,,,,
spelad,JP2,2026/27,2026-03-01,,Roasso Kumamoto,Oita Trinita,3,1,H,,,,,,,,,,,,,,,,,,,,,,,,,,,,,,,,,,,,,,,,,,,,,,,
spelad,JP2,2026/27,2026-03-01,,Sagamihara,Montedio Yamagata,2,1,H,,,,,,,,,,,,,,,,,,,,,,,,,,,,,,,,,,,,,,,,,,,,,,,
spelad,JP2,2026/27,2026-03-01,,Tochigi SC,Yokohama FC,4,0,H,,,,,,,,,,,,,,,,,,,,,,,,,,,,,,,,,,,,,,,,,,,,,,,
spelad,JP2,2026/27,2026-03-01,,Zweigen Kanazawa,Kamatamare Sanuki,1,0,H,,,,,,,,,,,,,,,,,,,,,,,,,,,,,,,,,,,,,,,,,,,,,,,
spelad,JP2,2026/27,2026-03-04,,Sagamihara,Thespa Gunma,5,0,H,,,,,,,,,,,,,,,,,,,,,,,,,,,,,,,,,,,,,,,,,,,,,,,
spelad,JP2,2026/27,2026-03-06,,FC Osaka,Nara Club,2,0,H,,,,,,,,,,,,,,,,,,,,,,,,,,,,,,,,,,,,,,,,,,,,,,,
spelad,JP2,2026/27,2026-03-07,,Albirex Niigata,Kochi United,2,2,D,,,,,,,,,,,,,,,,,,,,,,,,,,,,,,,,,,,,,,,,,,,,,,,
spelad,JP2,2026/27,2026-03-07,,Fujieda MYFC,Júbilo Iwata,1,1,D,,,,,,,,,,,,,,,,,,,,,,,,,,,,,,,,,,,,,,,,,,,,,,,
spelad,JP2,2026/27,2026-03-07,,Giravanz Kitakyushu,Tegevajaro Miyazaki,2,3,A,,,,,,,,,,,,,,,,,,,,,,,,,,,,,,,,,,,,,,,,,,,,,,,
spelad,JP2,2026/27,2026-03-07,,Iwaki,RB Omiya Ardija,1,1,D,,,,,,,,,,,,,,,,,,,,,,,,,,,,,,,,,,,,,,,,,,,,,,,
spelad,JP2,2026/27,2026-03-07,,Matsumoto Yamaga,Hokkaido Consadole Sapporo,3,0,H,,,,,,,,,,,,,,,,,,,,,,,,,,,,,,,,,,,,,,,,,,,,,,,
spelad,JP2,2026/27,2026-03-07,,Renofa Yamaguchi,Sagan Tosu,2,0,H,,,,,,,,,,,,,,,,,,,,,,,,,,,,,,,,,,,,,,,,,,,,,,,
spelad,JP2,2026/27,2026-03-07,,Vegalta Sendai,Shonan Bellmare,1,1,D,,,,,,,,,,,,,,,,,,,,,,,,,,,,,,,,,,,,,,,,,,,,,,,
spelad,JP2,2026/27,2026-03-08,,FC Gifu,Ventforet Kofu,0,1,A,,,,,,,,,,,,,,,,,,,,,,,,,,,,,,,,,,,,,,,,,,,,,,,
spelad,JP2,2026/27,2026-03-08,,Fukushima United,Nagano Parceiro,4,2,H,,,,,,,,,,,,,,,,,,,,,,,,,,,,,,,,,,,,,,,,,,,,,,,
spelad,JP2,2026/27,2026-03-08,,Gainare Tottori,FC Ryukyu,0,0,D,,,,,,,,,,,,,,,,,,,,,,,,,,,,,,,,,,,,,,,,,,,,,,,
spelad,JP2,2026/27,2026-03-08,,Kamatamare Sanuki,Imabari,1,0,H,,,,,,,,,,,,,,,,,,,,,,,,,,,,,,,,,,,,,,,,,,,,,,,
spelad,JP2,2026/27,2026-03-08,,Kataller Toyama,Ehime FC,2,2,D,,,,,,,,,,,,,,,,,,,,,,,,,,,,,,,,,,,,,,,,,,,,,,,
spelad,JP2,2026/27,2026-03-08,,Montedio Yamagata,Blaublitz Akita,0,1,A,,,,,,,,,,,,,,,,,,,,,,,,,,,,,,,,,,,,,,,,,,,,,,,
spelad,JP2,2026/27,2026-03-08,,Oita Trinita,Kagoshima United,0,0,D,,,,,,,,,,,,,,,,,,,,,,,,,,,,,,,,,,,,,,,,,,,,,,,
spelad,JP2,2026/27,2026-03-08,,Reilac Shiga,Roasso Kumamoto,1,0,H,,,,,,,,,,,,,,,,,,,,,,,,,,,,,,,,,,,,,,,,,,,,,,,
spelad,JP2,2026/27,2026-03-08,,Sagamihara,Tochigi SC,4,0,H,,,,,,,,,,,,,,,,,,,,,,,,,,,,,,,,,,,,,,,,,,,,,,,
spelad,JP2,2026/27,2026-03-08,,Tochigi City,Thespa Gunma,1,1,D,,,,,,,,,,,,,,,,,,,,,,,,,,,,,,,,,,,,,,,,,,,,,,,
spelad,JP2,2026/27,2026-03-08,,Vanraure Hachinohe,Yokohama FC,1,1,D,,,,,,,,,,,,,,,,,,,,,,,,,,,,,,,,,,,,,,,,,,,,,,,
spelad,JP2,2026/27,2026-03-08,,Zweigen Kanazawa,Tokushima Vortis,0,4,A,,,,,,,,,,,,,,,,,,,,,,,,,,,,,,,,,,,,,,,,,,,,,,,
spelad,JP2,2026/27,2026-03-14,,FC Ryukyu,Renofa Yamaguchi,1,1,D,,,,,,,,,,,,,,,,,,,,,,,,,,,,,,,,,,,,,,,,,,,,,,,
spelad,JP2,2026/27,2026-03-14,,Júbilo Iwata,Hokkaido Consadole Sapporo,0,1,A,,,,,,,,,,,,,,,,,,,,,,,,,,,,,,,,,,,,,,,,,,,,,,,
spelad,JP2,2026/27,2026-03-14,,Kochi United,Imabari,2,0,H,,,,,,,,,,,,,,,,,,,,,,,,,,,,,,,,,,,,,,,,,,,,,,,
spelad,JP2,2026/27,2026-03-14,,Nagano Parceiro,Matsumoto Yamaga,0,5,A,,,,,,,,,,,,,,,,,,,,,,,,,,,,,,,,,,,,,,,,,,,,,,,
spelad,JP2,2026/27,2026-03-14,,Nara Club,Albirex Niigata,0,0,D,,,,,,,,,,,,,,,,,,,,,,,,,,,,,,,,,,,,,,,,,,,,,,,
spelad,JP2,2026/27,2026-03-14,,RB Omiya Ardija,Fujieda MYFC,1,2,A,,,,,,,,,,,,,,,,,,,,,,,,,,,,,,,,,,,,,,,,,,,,,,,
spelad,JP2,2026/27,2026-03-14,,Sagan Tosu,Giravanz Kitakyushu,1,0,H,,,,,,,,,,,,,,,,,,,,,,,,,,,,,,,,,,,,,,,,,,,,,,,
spelad,JP2,2026/27,2026-03-14,,Shonan Bellmare,Montedio Yamagata,2,1,H,,,,,,,,,,,,,,,,,,,,,,,,,,,,,,,,,,,,,,,,,,,,,,,
spelad,JP2,2026/27,2026-03-14,,Tegevajaro Miyazaki,Oita Trinita,1,0,H,,,,,,,,,,,,,,,,,,,,,,,,,,,,,,,,,,,,,,,,,,,,,,,
spelad,JP2,2026/27,2026-03-14,,Vegalta Sendai,Sagamihara,3,1,H,,,,,,,,,,,,,,,,,,,,,,,,,,,,,,,,,,,,,,,,,,,,,,,
spelad,JP2,2026/27,2026-03-14,,Ventforet Kofu,Iwaki,0,1,A,,,,,,,,,,,,,,,,,,,,,,,,,,,,,,,,,,,,,,,,,,,,,,,
spelad,JP2,2026/27,2026-03-15,,Blaublitz Akita,Tochigi SC,2,0,H,,,,,,,,,,,,,,,,,,,,,,,,,,,,,,,,,,,,,,,,,,,,,,,
spelad,JP2,2026/27,2026-03-15,,Ehime FC,FC Osaka,0,1,A,,,,,,,,,,,,,,,,,,,,,,,,,,,,,,,,,,,,,,,,,,,,,,,
spelad,JP2,2026/27,2026-03-15,,FC Gifu,Fukushima United,2,1,H,,,,,,,,,,,,,,,,,,,,,,,,,,,,,,,,,,,,,,,,,,,,,,,
spelad,JP2,2026/27,2026-03-15,,Kagoshima United,Reilac Shiga,1,0,H,,,,,,,,,,,,,,,,,,,,,,,,,,,,,,,,,,,,,,,,,,,,,,,
spelad,JP2,2026/27,2026-03-15,,Kataller Toyama,Zweigen Kanazawa,0,2,A,,,,,,,,,,,,,,,,,,,,,,,,,,,,,,,,,,,,,,,,,,,,,,,
spelad,JP2,2026/27,2026-03-15,,Roasso Kumamoto,Gainare Tottori,0,1,A,,,,,,,,,,,,,,,,,,,,,,,,,,,,,,,,,,,,,,,,,,,,,,,
spelad,JP2,2026/27,2026-03-15,,Tokushima Vortis,Kamatamare Sanuki,1,0,H,,,,,,,,,,,,,,,,,,,,,,,,,,,,,,,,,,,,,,,,,,,,,,,
spelad,JP2,2026/27,2026-03-15,,Vanraure Hachinohe,Tochigi City,0,1,A,,,,,,,,,,,,,,,,,,,,,,,,,,,,,,,,,,,,,,,,,,,,,,,
spelad,JP2,2026/27,2026-03-15,,Yokohama FC,Thespa Gunma,3,0,H,,,,,,,,,,,,,,,,,,,,,,,,,,,,,,,,,,,,,,,,,,,,,,,
spelad,JP2,2026/27,2026-03-20,,Albirex Niigata,Kataller Toyama,2,3,A,,,,,,,,,,,,,,,,,,,,,,,,,,,,,,,,,,,,,,,,,,,,,,,
spelad,JP2,2026/27,2026-03-20,,Thespa Gunma,Shonan Bellmare,0,2,A,,,,,,,,,,,,,,,,,,,,,,,,,,,,,,,,,,,,,,,,,,,,,,,
spelad,JP2,2026/27,2026-03-21,,Blaublitz Akita,Vanraure Hachinohe,1,0,H,,,,,,,,,,,,,,,,,,,,,,,,,,,,,,,,,,,,,,,,,,,,,,,
spelad,JP2,2026/27,2026-03-21,,Fukushima United,Fujieda MYFC,3,3,D,,,,,,,,,,,,,,,,,,,,,,,,,,,,,,,,,,,,,,,,,,,,,,,
spelad,JP2,2026/27,2026-03-21,,Hokkaido Consadole Sapporo,Ventforet Kofu,1,0,H,,,,,,,,,,,,,,,,,,,,,,,,,,,,,,,,,,,,,,,,,,,,,,,
spelad,JP2,2026/27,2026-03-21,,Júbilo Iwata,RB Omiya Ardija,1,4,A,,,,,,,,,,,,,,,,,,,,,,,,,,,,,,,,,,,,,,,,,,,,,,,
spelad,JP2,2026/27,2026-03-21,,Matsumoto Yamaga,FC Gifu,2,2,D,,,,,,,,,,,,,,,,,,,,,,,,,,,,,,,,,,,,,,,,,,,,,,,
spelad,JP2,2026/27,2026-03-21,,Nagano Parceiro,Iwaki,1,3,A,,,,,,,,,,,,,,,,,,,,,,,,,,,,,,,,,,,,,,,,,,,,,,,
spelad,JP2,2026/27,2026-03-21,,Oita Trinita,FC Ryukyu,2,3,A,,,,,,,,,,,,,,,,,,,,,,,,,,,,,,,,,,,,,,,,,,,,,,,
spelad,JP2,2026/27,2026-03-21,,Sagamihara,Yokohama FC,2,4,A,,,,,,,,,,,,,,,,,,,,,,,,,,,,,,,,,,,,,,,,,,,,,,,
spelad,JP2,2026/27,2026-03-21,,Tegevajaro Miyazaki,Roasso Kumamoto,1,0,H,,,,,,,,,,,,,,,,,,,,,,,,,,,,,,,,,,,,,,,,,,,,,,,
spelad,JP2,2026/27,2026-03-22,,Ehime FC,Kochi United,1,0,H,,,,,,,,,,,,,,,,,,,,,,,,,,,,,,,,,,,,,,,,,,,,,,,
spelad,JP2,2026/27,2026-03-22,,Gainare Tottori,Kagoshima United,0,0,D,,,,,,,,,,,,,,,,,,,,,,,,,,,,,,,,,,,,,,,,,,,,,,,
spelad,JP2,2026/27,2026-03-22,,Imabari,Tokushima Vortis,2,1,H,,,,,,,,,,,,,,,,,,,,,,,,,,,,,,,,,,,,,,,,,,,,,,,
spelad,JP2,2026/27,2026-03-22,,Kamatamare Sanuki,Nara Club,3,1,H,,,,,,,,,,,,,,,,,,,,,,,,,,,,,,,,,,,,,,,,,,,,,,,
spelad,JP2,2026/27,2026-03-22,,Montedio Yamagata,Vegalta Sendai,0,1,A,,,,,,,,,,,,,,,,,,,,,,,,,,,,,,,,,,,,,,,,,,,,,,,
spelad,JP2,2026/27,2026-03-22,,Reilac Shiga,Sagan Tosu,0,2,A,,,,,,,,,,,,,,,,,,,,,,,,,,,,,,,,,,,,,,,,,,,,,,,
spelad,JP2,2026/27,2026-03-22,,Renofa Yamaguchi,Giravanz Kitakyushu,0,1,A,,,,,,,,,,,,,,,,,,,,,,,,,,,,,,,,,,,,,,,,,,,,,,,
spelad,JP2,2026/27,2026-03-22,,Tochigi SC,Tochigi City,3,2,H,,,,,,,,,,,,,,,,,,,,,,,,,,,,,,,,,,,,,,,,,,,,,,,
spelad,JP2,2026/27,2026-03-22,,Zweigen Kanazawa,FC Osaka,0,0,D,,,,,,,,,,,,,,,,,,,,,,,,,,,,,,,,,,,,,,,,,,,,,,,
spelad,JP2,2026/27,2026-03-28,,FC Gifu,Nagano Parceiro,5,1,H,,,,,,,,,,,,,,,,,,,,,,,,,,,,,,,,,,,,,,,,,,,,,,,
spelad,JP2,2026/27,2026-03-28,,Fujieda MYFC,Hokkaido Consadole Sapporo,1,1,D,,,,,,,,,,,,,,,,,,,,,,,,,,,,,,,,,,,,,,,,,,,,,,,
spelad,JP2,2026/27,2026-03-28,,Nara Club,Zweigen Kanazawa,5,1,H,,,,,,,,,,,,,,,,,,,,,,,,,,,,,,,,,,,,,,,,,,,,,,,
spelad,JP2,2026/27,2026-03-28,,Thespa Gunma,Tochigi SC,1,3,A,,,,,,,,,,,,,,,,,,,,,,,,,,,,,,,,,,,,,,,,,,,,,,,
spelad,JP2,2026/27,2026-03-28,,Ventforet Kofu,RB Omiya Ardija,2,1,H,,,,,,,,,,,,,,,,,,,,,,,,,,,,,,,,,,,,,,,,,,,,,,,
spelad,JP2,2026/27,2026-03-28,,Yokohama FC,Shonan Bellmare,1,3,A,,,,,,,,,,,,,,,,,,,,,,,,,,,,,,,,,,,,,,,,,,,,,,,
spelad,JP2,2026/27,2026-03-29,,Blaublitz Akita,Vegalta Sendai,0,0,D,,,,,,,,,,,,,,,,,,,,,,,,,,,,,,,,,,,,,,,,,,,,,,,
spelad,JP2,2026/27,2026-03-29,,FC Osaka,Albirex Niigata,0,0,D,,,,,,,,,,,,,,,,,,,,,,,,,,,,,,,,,,,,,,,,,,,,,,,
spelad,JP2,2026/27,2026-03-29,,Fukushima United,Matsumoto Yamaga,1,3,A,,,,,,,,,,,,,,,,,,,,,,,,,,,,,,,,,,,,,,,,,,,,,,,
spelad,JP2,2026/27,2026-03-29,,Gainare Tottori,Sagan Tosu,0,2,A,,,,,,,,,,,,,,,,,,,,,,,,,,,,,,,,,,,,,,,,,,,,,,,
spelad,JP2,2026/27,2026-03-29,,Giravanz Kitakyushu,FC Ryukyu,1,0,H,,,,,,,,,,,,,,,,,,,,,,,,,,,,,,,,,,,,,,,,,,,,,,,
spelad,JP2,2026/27,2026-03-29,,Iwaki,Júbilo Iwata,1,0,H,,,,,,,,,,,,,,,,,,,,,,,,,,,,,,,,,,,,,,,,,,,,,,,
spelad,JP2,2026/27,2026-03-29,,Kamatamare Sanuki,Ehime FC,1,0,H,,,,,,,,,,,,,,,,,,,,,,,,,,,,,,,,,,,,,,,,,,,,,,,
spelad,JP2,2026/27,2026-03-29,,Kataller Toyama,Imabari,1,1,D,,,,,,,,,,,,,,,,,,,,,,,,,,,,,,,,,,,,,,,,,,,,,,,
spelad,JP2,2026/27,2026-03-29,,Montedio Yamagata,Tochigi City,1,2,A,,,,,,,,,,,,,,,,,,,,,,,,,,,,,,,,,,,,,,,,,,,,,,,
spelad,JP2,2026/27,2026-03-29,,Reilac Shiga,Tegevajaro Miyazaki,1,0,H,,,,,,,,,,,,,,,,,,,,,,,,,,,,,,,,,,,,,,,,,,,,,,,
spelad,JP2,2026/27,2026-03-29,,Renofa Yamaguchi,Oita Trinita,3,1,H,,,,,,,,,,,,,,,,,,,,,,,,,,,,,,,,,,,,,,,,,,,,,,,
spelad,JP2,2026/27,2026-03-29,,Roasso Kumamoto,Kagoshima United,0,1,A,,,,,,,,,,,,,,,,,,,,,,,,,,,,,,,,,,,,,,,,,,,,,,,
spelad,JP2,2026/27,2026-03-29,,Tokushima Vortis,Kochi United,3,0,H,,,,,,,,,,,,,,,,,,,,,,,,,,,,,,,,,,,,,,,,,,,,,,,
spelad,JP2,2026/27,2026-03-29,,Vanraure Hachinohe,Sagamihara,2,2,D,,,,,,,,,,,,,,,,,,,,,,,,,,,,,,,,,,,,,,,,,,,,,,,
spelad,JP2,2026/27,2026-04-04,,Albirex Niigata,Zweigen Kanazawa,0,0,D,,,,,,,,,,,,,,,,,,,,,,,,,,,,,,,,,,,,,,,,,,,,,,,
spelad,JP2,2026/27,2026-04-04,,FC Ryukyu,Roasso Kumamoto,0,1,A,,,,,,,,,,,,,,,,,,,,,,,,,,,,,,,,,,,,,,,,,,,,,,,
spelad,JP2,2026/27,2026-04-04,,Fujieda MYFC,Nagano Parceiro,0,2,A,,,,,,,,,,,,,,,,,,,,,,,,,,,,,,,,,,,,,,,,,,,,,,,
spelad,JP2,2026/27,2026-04-04,,Hokkaido Consadole Sapporo,Fukushima United,0,2,A,,,,,,,,,,,,,,,,,,,,,,,,,,,,,,,,,,,,,,,,,,,,,,,
spelad,JP2,2026/27,2026-04-04,,Júbilo Iwata,Ventforet Kofu,1,0,H,,,,,,,,,,,,,,,,,,,,,,,,,,,,,,,,,,,,,,,,,,,,,,,
spelad,JP2,2026/27,2026-04-04,,RB Omiya Ardija,FC Gifu,3,0,H,,,,,,,,,,,,,,,,,,,,,,,,,,,,,,,,,,,,,,,,,,,,,,,
spelad,JP2,2026/27,2026-04-04,,Shonan Bellmare,Tochigi SC,1,1,D,,,,,,,,,,,,,,,,,,,,,,,,,,,,,,,,,,,,,,,,,,,,,,,
spelad,JP2,2026/27,2026-04-04,,Tochigi City,Sagamihara,0,0,D,,,,,,,,,,,,,,,,,,,,,,,,,,,,,,,,,,,,,,,,,,,,,,,
spelad,JP2,2026/27,2026-04-04,,Vegalta Sendai,Thespa Gunma,2,2,D,,,,,,,,,,,,,,,,,,,,,,,,,,,,,,,,,,,,,,,,,,,,,,,
spelad,JP2,2026/27,2026-04-04,,Yokohama FC,Blaublitz Akita,1,2,A,,,,,,,,,,,,,,,,,,,,,,,,,,,,,,,,,,,,,,,,,,,,,,,
spelad,JP2,2026/27,2026-04-05,,Imabari,Ehime FC,0,1,A,,,,,,,,,,,,,,,,,,,,,,,,,,,,,,,,,,,,,,,,,,,,,,,
spelad,JP2,2026/27,2026-04-05,,Kagoshima United,Giravanz Kitakyushu,1,1,D,,,,,,,,,,,,,,,,,,,,,,,,,,,,,,,,,,,,,,,,,,,,,,,
spelad,JP2,2026/27,2026-04-05,,Kataller Toyama,Nara Club,5,2,H,,,,,,,,,,,,,,,,,,,,,,,,,,,,,,,,,,,,,,,,,,,,,,,
spelad,JP2,2026/27,2026-04-05,,Kochi United,Kamatamare Sanuki,2,0,H,,,,,,,,,,,,,,,,,,,,,,,,,,,,,,,,,,,,,,,,,,,,,,,
spelad,JP2,2026/27,2026-04-05,,Matsumoto Yamaga,Iwaki,2,2,D,,,,,,,,,,,,,,,,,,,,,,,,,,,,,,,,,,,,,,,,,,,,,,,
spelad,JP2,2026/27,2026-04-05,,Sagan Tosu,Oita Trinita,0,1,A,,,,,,,,,,,,,,,,,,,,,,,,,,,,,,,,,,,,,,,,,,,,,,,
spelad,JP2,2026/27,2026-04-05,,Tegevajaro Miyazaki,Renofa Yamaguchi,3,0,H,,,,,,,,,,,,,,,,,,,,,,,,,,,,,,,,,,,,,,,,,,,,,,,
spelad,JP2,2026/27,2026-04-05,,Tokushima Vortis,FC Osaka,1,0,H,,,,,,,,,,,,,,,,,,,,,,,,,,,,,,,,,,,,,,,,,,,,,,,
spelad,JP2,2026/27,2026-04-05,,Vanraure Hachinohe,Montedio Yamagata,0,2,A,,,,,,,,,,,,,,,,,,,,,,,,,,,,,,,,,,,,,,,,,,,,,,,
spelad,JP2,2026/27,2026-04-08,,Tochigi SC,Vanraure Hachinohe,0,3,A,,,,,,,,,,,,,,,,,,,,,,,,,,,,,,,,,,,,,,,,,,,,,,,
spelad,JP2,2026/27,2026-04-11,,FC Gifu,Fujieda MYFC,1,2,A,,,,,,,,,,,,,,,,,,,,,,,,,,,,,,,,,,,,,,,,,,,,,,,
spelad,JP2,2026/27,2026-04-11,,FC Osaka,Kataller Toyama,1,2,A,,,,,,,,,,,,,,,,,,,,,,,,,,,,,,,,,,,,,,,,,,,,,,,
spelad,JP2,2026/27,2026-04-11,,Oita Trinita,Renofa Yamaguchi,1,2,A,,,,,,,,,,,,,,,,,,,,,,,,,,,,,,,,,,,,,,,,,,,,,,,
spelad,JP2,2026/27,2026-04-11,,Ventforet Kofu,Hokkaido Consadole Sapporo,2,1,H,,,,,,,,,,,,,,,,,,,,,,,,,,,,,,,,,,,,,,,,,,,,,,,
spelad,JP2,2026/27,2026-04-12,,Blaublitz Akita,Shonan Bellmare,0,1,A,,,,,,,,,,,,,,,,,,,,,,,,,,,,,,,,,,,,,,,,,,,,,,,
spelad,JP2,2026/27,2026-04-12,,Ehime FC,Nara Club,3,2,H,,,,,,,,,,,,,,,,,,,,,,,,,,,,,,,,,,,,,,,,,,,,,,,
spelad,JP2,2026/27,2026-04-12,,Fukushima United,Iwaki,2,3,A,,,,,,,,,,,,,,,,,,,,,,,,,,,,,,,,,,,,,,,,,,,,,,,
spelad,JP2,2026/27,2026-04-12,,Giravanz Kitakyushu,Sagan Tosu,0,1,A,,,,,,,,,,,,,,,,,,,,,,,,,,,,,,,,,,,,,,,,,,,,,,,
spelad,JP2,2026/27,2026-04-12,,Kagoshima United,Gainare Tottori,3,1,H,,,,,,,,,,,,,,,,,,,,,,,,,,,,,,,,,,,,,,,,,,,,,,,
spelad,JP2,2026/27,2026-04-12,,Kamatamare Sanuki,Tokushima Vortis,0,5,A,,,,,,,,,,,,,,,,,,,,,,,,,,,,,,,,,,,,,,,,,,,,,,,
spelad,JP2,2026/27,2026-04-12,,Kochi United,Albirex Niigata,2,1,H,,,,,,,,,,,,,,,,,,,,,,,,,,,,,,,,,,,,,,,,,,,,,,,
spelad,JP2,2026/27,2026-04-12,,Matsumoto Yamaga,RB Omiya Ardija,4,1,H,,,,,,,,,,,,,,,,,,,,,,,,,,,,,,,,,,,,,,,,,,,,,,,
spelad,JP2,2026/27,2026-04-12,,Montedio Yamagata,Yokohama FC,1,0,H,,,,,,,,,,,,,,,,,,,,,,,,,,,,,,,,,,,,,,,,,,,,,,,
spelad,JP2,2026/27,2026-04-12,,Nagano Parceiro,Júbilo Iwata,1,1,D,,,,,,,,,,,,,,,,,,,,,,,,,,,,,,,,,,,,,,,,,,,,,,,
spelad,JP2,2026/27,2026-04-12,,Reilac Shiga,FC Ryukyu,2,1,H,,,,,,,,,,,,,,,,,,,,,,,,,,,,,,,,,,,,,,,,,,,,,,,
spelad,JP2,2026/27,2026-04-12,,Roasso Kumamoto,Tegevajaro Miyazaki,0,5,A,,,,,,,,,,,,,,,,,,,,,,,,,,,,,,,,,,,,,,,,,,,,,,,
spelad,JP2,2026/27,2026-04-12,,Sagamihara,Vegalta Sendai,0,3,A,,,,,,,,,,,,,,,,,,,,,,,,,,,,,,,,,,,,,,,,,,,,,,,
spelad,JP2,2026/27,2026-04-12,,Tochigi City,Vanraure Hachinohe,2,4,A,,,,,,,,,,,,,,,,,,,,,,,,,,,,,,,,,,,,,,,,,,,,,,,
spelad,JP2,2026/27,2026-04-12,,Tochigi SC,Thespa Gunma,5,1,H,,,,,,,,,,,,,,,,,,,,,,,,,,,,,,,,,,,,,,,,,,,,,,,
spelad,JP2,2026/27,2026-04-12,,Zweigen Kanazawa,Imabari,0,0,D,,,,,,,,,,,,,,,,,,,,,,,,,,,,,,,,,,,,,,,,,,,,,,,
spelad,JP2,2026/27,2026-04-17,,FC Osaka,Ehime FC,0,1,A,,,,,,,,,,,,,,,,,,,,,,,,,,,,,,,,,,,,,,,,,,,,,,,
spelad,JP2,2026/27,2026-04-18,,Albirex Niigata,Imabari,1,0,H,,,,,,,,,,,,,,,,,,,,,,,,,,,,,,,,,,,,,,,,,,,,,,,
spelad,JP2,2026/27,2026-04-18,,FC Ryukyu,Giravanz Kitakyushu,0,2,A,,,,,,,,,,,,,,,,,,,,,,,,,,,,,,,,,,,,,,,,,,,,,,,
spelad,JP2,2026/27,2026-04-18,,Hokkaido Consadole Sapporo,Matsumoto Yamaga,2,1,H,,,,,,,,,,,,,,,,,,,,,,,,,,,,,,,,,,,,,,,,,,,,,,,
spelad,JP2,2026/27,2026-04-18,,Nara Club,Kamatamare Sanuki,1,1,D,,,,,,,,,,,,,,,,,,,,,,,,,,,,,,,,,,,,,,,,,,,,,,,
spelad,JP2,2026/27,2026-04-18,,RB Omiya Ardija,Júbilo Iwata,1,2,A,,,,,,,,,,,,,,,,,,,,,,,,,,,,,,,,,,,,,,,,,,,,,,,
spelad,JP2,2026/27,2026-04-18,,Renofa Yamaguchi,Kagoshima United,2,1,H,,,,,,,,,,,,,,,,,,,,,,,,,,,,,,,,,,,,,,,,,,,,,,,
spelad,JP2,2026/27,2026-04-18,,Shonan Bellmare,Thespa Gunma,1,2,A,,,,,,,,,,,,,,,,,,,,,,,,,,,,,,,,,,,,,,,,,,,,,,,
spelad,JP2,2026/27,2026-04-18,,Tokushima Vortis,Zweigen Kanazawa,2,1,H,,,,,,,,,,,,,,,,,,,,,,,,,,,,,,,,,,,,,,,,,,,,,,,
spelad,JP2,2026/27,2026-04-18,,Vegalta Sendai,Tochigi City,5,0,H,,,,,,,,,,,,,,,,,,,,,,,,,,,,,,,,,,,,,,,,,,,,,,,
spelad,JP2,2026/27,2026-04-18,,Ventforet Kofu,Fujieda MYFC,0,1,A,,,,,,,,,,,,,,,,,,,,,,,,,,,,,,,,,,,,,,,,,,,,,,,
spelad,JP2,2026/27,2026-04-19,,Blaublitz Akita,Yokohama FC,1,3,A,,,,,,,,,,,,,,,,,,,,,,,,,,,,,,,,,,,,,,,,,,,,,,,
spelad,JP2,2026/27,2026-04-19,,Fukushima United,FC Gifu,1,2,A,,,,,,,,,,,,,,,,,,,,,,,,,,,,,,,,,,,,,,,,,,,,,,,
spelad,JP2,2026/27,2026-04-19,,Gainare Tottori,Tegevajaro Miyazaki,0,1,A,,,,,,,,,,,,,,,,,,,,,,,,,,,,,,,,,,,,,,,,,,,,,,,
spelad,JP2,2026/27,2026-04-19,,Iwaki,Nagano Parceiro,1,0,H,,,,,,,,,,,,,,,,,,,,,,,,,,,,,,,,,,,,,,,,,,,,,,,
spelad,JP2,2026/27,2026-04-19,,Kataller Toyama,Kochi United,4,0,H,,,,,,,,,,,,,,,,,,,,,,,,,,,,,,,,,,,,,,,,,,,,,,,
spelad,JP2,2026/27,2026-04-19,,Montedio Yamagata,Vanraure Hachinohe,1,0,H,,,,,,,,,,,,,,,,,,,,,,,,,,,,,,,,,,,,,,,,,,,,,,,
spelad,JP2,2026/27,2026-04-19,,Reilac Shiga,Oita Trinita,0,3,A,,,,,,,,,,,,,,,,,,,,,,,,,,,,,,,,,,,,,,,,,,,,,,,
spelad,JP2,2026/27,2026-04-19,,Roasso Kumamoto,Sagan Tosu,0,2,A,,,,,,,,,,,,,,,,,,,,,,,,,,,,,,,,,,,,,,,,,,,,,,,
spelad,JP2,2026/27,2026-04-19,,Tochigi SC,Sagamihara,0,2,A,,,,,,,,,,,,,,,,,,,,,,,,,,,,,,,,,,,,,,,,,,,,,,,
spelad,JP2,2026/27,2026-04-25,,Albirex Niigata,FC Osaka,1,0,H,,,,,,,,,,,,,,,,,,,,,,,,,,,,,,,,,,,,,,,,,,,,,,,
spelad,JP2,2026/27,2026-04-25,,FC Ryukyu,Oita Trinita,0,0,D,,,,,,,,,,,,,,,,,,,,,,,,,,,,,,,,,,,,,,,,,,,,,,,
spelad,JP2,2026/27,2026-04-25,,Fujieda MYFC,RB Omiya Ardija,1,1,D,,,,,,,,,,,,,,,,,,,,,,,,,,,,,,,,,,,,,,,,,,,,,,,
spelad,JP2,2026/27,2026-04-25,,Fukushima United,Ventforet Kofu,0,1,A,,,,,,,,,,,,,,,,,,,,,,,,,,,,,,,,,,,,,,,,,,,,,,,
spelad,JP2,2026/27,2026-04-25,,Gainare Tottori,Roasso Kumamoto,0,2,A,,,,,,,,,,,,,,,,,,,,,,,,,,,,,,,,,,,,,,,,,,,,,,,
spelad,JP2,2026/27,2026-04-25,,Giravanz Kitakyushu,Renofa Yamaguchi,2,2,D,,,,,,,,,,,,,,,,,,,,,,,,,,,,,,,,,,,,,,,,,,,,,,,
spelad,JP2,2026/27,2026-04-25,,Hokkaido Consadole Sapporo,Iwaki,2,1,H,,,,,,,,,,,,,,,,,,,,,,,,,,,,,,,,,,,,,,,,,,,,,,,
spelad,JP2,2026/27,2026-04-25,,Imabari,Kataller Toyama,1,2,A,,,,,,,,,,,,,,,,,,,,,,,,,,,,,,,,,,,,,,,,,,,,,,,
spelad,JP2,2026/27,2026-04-25,,Júbilo Iwata,FC Gifu,1,0,H,,,,,,,,,,,,,,,,,,,,,,,,,,,,,,,,,,,,,,,,,,,,,,,
spelad,JP2,2026/27,2026-04-25,,Sagamihara,Shonan Bellmare,1,1,D,,,,,,,,,,,,,,,,,,,,,,,,,,,,,,,,,,,,,,,,,,,,,,,
spelad,JP2,2026/27,2026-04-25,,Sagan Tosu,Reilac Shiga,2,0,H,,,,,,,,,,,,,,,,,,,,,,,,,,,,,,,,,,,,,,,,,,,,,,,
spelad,JP2,2026/27,2026-04-25,,Tegevajaro Miyazaki,Kagoshima United,1,0,H,,,,,,,,,,,,,,,,,,,,,,,,,,,,,,,,,,,,,,,,,,,,,,,
spelad,JP2,2026/27,2026-04-25,,Thespa Gunma,Yokohama FC,3,1,H,,,,,,,,,,,,,,,,,,,,,,,,,,,,,,,,,,,,,,,,,,,,,,,
spelad,JP2,2026/27,2026-04-25,,Tochigi City,Tochigi SC,2,1,H,,,,,,,,,,,,,,,,,,,,,,,,,,,,,,,,,,,,,,,,,,,,,,,
spelad,JP2,2026/27,2026-04-25,,Vegalta Sendai,Montedio Yamagata,1,0,H,,,,,,,,,,,,,,,,,,,,,,,,,,,,,,,,,,,,,,,,,,,,,,,
spelad,JP2,2026/27,2026-04-25,,Zweigen Kanazawa,Nara Club,1,0,H,,,,,,,,,,,,,,,,,,,,,,,,,,,,,,,,,,,,,,,,,,,,,,,
spelad,JP2,2026/27,2026-04-26,,Ehime FC,Kamatamare Sanuki,3,0,H,,,,,,,,,,,,,,,,,,,,,,,,,,,,,,,,,,,,,,,,,,,,,,,
spelad,JP2,2026/27,2026-04-26,,Kochi United,Tokushima Vortis,2,1,H,,,,,,,,,,,,,,,,,,,,,,,,,,,,,,,,,,,,,,,,,,,,,,,
spelad,JP2,2026/27,2026-04-26,,Matsumoto Yamaga,Nagano Parceiro,0,1,A,,,,,,,,,,,,,,,,,,,,,,,,,,,,,,,,,,,,,,,,,,,,,,,
spelad,JP2,2026/27,2026-04-26,,Vanraure Hachinohe,Blaublitz Akita,1,0,H,,,,,,,,,,,,,,,,,,,,,,,,,,,,,,,,,,,,,,,,,,,,,,,
spelad,JP2,2026/27,2026-04-29,,Blaublitz Akita,Montedio Yamagata,2,0,H,,,,,,,,,,,,,,,,,,,,,,,,,,,,,,,,,,,,,,,,,,,,,,,
spelad,JP2,2026/27,2026-04-29,,Ehime FC,Imabari,0,2,A,,,,,,,,,,,,,,,,,,,,,,,,,,,,,,,,,,,,,,,,,,,,,,,
spelad,JP2,2026/27,2026-04-29,,FC Osaka,Tokushima Vortis,2,2,D,,,,,,,,,,,,,,,,,,,,,,,,,,,,,,,,,,,,,,,,,,,,,,,
spelad,JP2,2026/27,2026-04-29,,Hokkaido Consadole Sapporo,Fujieda MYFC,2,1,H,,,,,,,,,,,,,,,,,,,,,,,,,,,,,,,,,,,,,,,,,,,,,,,
spelad,JP2,2026/27,2026-04-29,,Iwaki,FC Gifu,0,1,A,,,,,,,,,,,,,,,,,,,,,,,,,,,,,,,,,,,,,,,,,,,,,,,
spelad,JP2,2026/27,2026-04-29,,Kagoshima United,Sagan Tosu,1,1,D,,,,,,,,,,,,,,,,,,,,,,,,,,,,,,,,,,,,,,,,,,,,,,,
spelad,JP2,2026/27,2026-04-29,,Kamatamare Sanuki,Zweigen Kanazawa,0,1,A,,,,,,,,,,,,,,,,,,,,,,,,,,,,,,,,,,,,,,,,,,,,,,,
spelad,JP2,2026/27,2026-04-29,,Kataller Toyama,Albirex Niigata,2,0,H,,,,,,,,,,,,,,,,,,,,,,,,,,,,,,,,,,,,,,,,,,,,,,,
spelad,JP2,2026/27,2026-04-29,,Matsumoto Yamaga,Júbilo Iwata,1,1,D,,,,,,,,,,,,,,,,,,,,,,,,,,,,,,,,,,,,,,,,,,,,,,,
spelad,JP2,2026/27,2026-04-29,,Nagano Parceiro,Fukushima United,1,3,A,,,,,,,,,,,,,,,,,,,,,,,,,,,,,,,,,,,,,,,,,,,,,,,
spelad,JP2,2026/27,2026-04-29,,Nara Club,Kochi United,0,0,D,,,,,,,,,,,,,,,,,,,,,,,,,,,,,,,,,,,,,,,,,,,,,,,
spelad,JP2,2026/27,2026-04-29,,Oita Trinita,Roasso Kumamoto,0,1,A,,,,,,,,,,,,,,,,,,,,,,,,,,,,,,,,,,,,,,,,,,,,,,,
spelad,JP2,2026/27,2026-04-29,,RB Omiya Ardija,Ventforet Kofu,1,2,A,,,,,,,,,,,,,,,,,,,,,,,,,,,,,,,,,,,,,,,,,,,,,,,
spelad,JP2,2026/27,2026-04-29,,Reilac Shiga,Gainare Tottori,1,3,A,,,,,,,,,,,,,,,,,,,,,,,,,,,,,,,,,,,,,,,,,,,,,,,
spelad,JP2,2026/27,2026-04-29,,Renofa Yamaguchi,FC Ryukyu,2,0,H,,,,,,,,,,,,,,,,,,,,,,,,,,,,,,,,,,,,,,,,,,,,,,,
spelad,JP2,2026/27,2026-04-29,,Sagamihara,Tochigi City,1,0,H,,,,,,,,,,,,,,,,,,,,,,,,,,,,,,,,,,,,,,,,,,,,,,,
spelad,JP2,2026/27,2026-04-29,,Tegevajaro Miyazaki,Giravanz Kitakyushu,3,0,H,,,,,,,,,,,,,,,,,,,,,,,,,,,,,,,,,,,,,,,,,,,,,,,
spelad,JP2,2026/27,2026-04-29,,Thespa Gunma,Vegalta Sendai,1,3,A,,,,,,,,,,,,,,,,,,,,,,,,,,,,,,,,,,,,,,,,,,,,,,,
spelad,JP2,2026/27,2026-04-29,,Tochigi SC,Shonan Bellmare,1,1,D,,,,,,,,,,,,,,,,,,,,,,,,,,,,,,,,,,,,,,,,,,,,,,,
spelad,JP2,2026/27,2026-04-29,,Yokohama FC,Vanraure Hachinohe,4,1,H,,,,,,,,,,,,,,,,,,,,,,,,,,,,,,,,,,,,,,,,,,,,,,,
spelad,JP2,2026/27,2026-05-02,,FC Gifu,Hokkaido Consadole Sapporo,0,3,A,,,,,,,,,,,,,,,,,,,,,,,,,,,,,,,,,,,,,,,,,,,,,,,
spelad,JP2,2026/27,2026-05-02,,Gainare Tottori,Renofa Yamaguchi,4,1,H,,,,,,,,,,,,,,,,,,,,,,,,,,,,,,,,,,,,,,,,,,,,,,,
spelad,JP2,2026/27,2026-05-02,,Júbilo Iwata,Iwaki,1,1,D,,,,,,,,,,,,,,,,,,,,,,,,,,,,,,,,,,,,,,,,,,,,,,,
spelad,JP2,2026/27,2026-05-02,,Kochi United,FC Osaka,0,0,D,,,,,,,,,,,,,,,,,,,,,,,,,,,,,,,,,,,,,,,,,,,,,,,
spelad,JP2,2026/27,2026-05-02,,Nagano Parceiro,Fujieda MYFC,0,0,D,,,,,,,,,,,,,,,,,,,,,,,,,,,,,,,,,,,,,,,,,,,,,,,
spelad,JP2,2026/27,2026-05-02,,Sagan Tosu,Tegevajaro Miyazaki,1,1,D,,,,,,,,,,,,,,,,,,,,,,,,,,,,,,,,,,,,,,,,,,,,,,,
spelad,JP2,2026/27,2026-05-02,,Shonan Bellmare,Tochigi City,1,2,A,,,,,,,,,,,,,,,,,,,,,,,,,,,,,,,,,,,,,,,,,,,,,,,
spelad,JP2,2026/27,2026-05-02,,Tokushima Vortis,Ehime FC,0,6,A,,,,,,,,,,,,,,,,,,,,,,,,,,,,,,,,,,,,,,,,,,,,,,,
spelad,JP2,2026/27,2026-05-02,,Vegalta Sendai,Blaublitz Akita,1,3,A,,,,,,,,,,,,,,,,,,,,,,,,,,,,,,,,,,,,,,,,,,,,,,,
spelad,JP2,2026/27,2026-05-02,,Yokohama FC,Sagamihara,3,3,D,,,,,,,,,,,,,,,,,,,,,,,,,,,,,,,,,,,,,,,,,,,,,,,
spelad,JP2,2026/27,2026-05-03,,Albirex Niigata,Kamatamare Sanuki,2,1,H,,,,,,,,,,,,,,,,,,,,,,,,,,,,,,,,,,,,,,,,,,,,,,,
spelad,JP2,2026/27,2026-05-03,,FC Ryukyu,Kagoshima United,1,1,D,,,,,,,,,,,,,,,,,,,,,,,,,,,,,,,,,,,,,,,,,,,,,,,
spelad,JP2,2026/27,2026-05-03,,Fukushima United,RB Omiya Ardija,1,2,A,,,,,,,,,,,,,,,,,,,,,,,,,,,,,,,,,,,,,,,,,,,,,,,
spelad,JP2,2026/27,2026-05-03,,Giravanz Kitakyushu,Oita Trinita,2,1,H,,,,,,,,,,,,,,,,,,,,,,,,,,,,,,,,,,,,,,,,,,,,,,,
spelad,JP2,2026/27,2026-05-03,,Imabari,Nara Club,1,2,A,,,,,,,,,,,,,,,,,,,,,,,,,,,,,,,,,,,,,,,,,,,,,,,
spelad,JP2,2026/27,2026-05-03,,Matsumoto Yamaga,Ventforet Kofu,0,1,A,,,,,,,,,,,,,,,,,,,,,,,,,,,,,,,,,,,,,,,,,,,,,,,
spelad,JP2,2026/27,2026-05-03,,Montedio Yamagata,Tochigi SC,2,2,D,,,,,,,,,,,,,,,,,,,,,,,,,,,,,,,,,,,,,,,,,,,,,,,
spelad,JP2,2026/27,2026-05-03,,Roasso Kumamoto,Reilac Shiga,2,0,H,,,,,,,,,,,,,,,,,,,,,,,,,,,,,,,,,,,,,,,,,,,,,,,
spelad,JP2,2026/27,2026-05-03,,Vanraure Hachinohe,Thespa Gunma,0,1,A,,,,,,,,,,,,,,,,,,,,,,,,,,,,,,,,,,,,,,,,,,,,,,,
spelad,JP2,2026/27,2026-05-03,,Zweigen Kanazawa,Kataller Toyama,0,1,A,,,,,,,,,,,,,,,,,,,,,,,,,,,,,,,,,,,,,,,,,,,,,,,
spelad,JP2,2026/27,2026-05-06,,Albirex Niigata,Tokushima Vortis,1,0,H,,,,,,,,,,,,,,,,,,,,,,,,,,,,,,,,,,,,,,,,,,,,,,,
spelad,JP2,2026/27,2026-05-06,,Blaublitz Akita,Sagamihara,0,1,A,,,,,,,,,,,,,,,,,,,,,,,,,,,,,,,,,,,,,,,,,,,,,,,
spelad,JP2,2026/27,2026-05-06,,FC Gifu,Matsumoto Yamaga,0,3,A,,,,,,,,,,,,,,,,,,,,,,,,,,,,,,,,,,,,,,,,,,,,,,,
spelad,JP2,2026/27,2026-05-06,,Fujieda MYFC,Fukushima United,1,1,D,,,,,,,,,,,,,,,,,,,,,,,,,,,,,,,,,,,,,,,,,,,,,,,
spelad,JP2,2026/27,2026-05-06,,Giravanz Kitakyushu,Roasso Kumamoto,1,2,A,,,,,,,,,,,,,,,,,,,,,,,,,,,,,,,,,,,,,,,,,,,,,,,
spelad,JP2,2026/27,2026-05-06,,Hokkaido Consadole Sapporo,Nagano Parceiro,2,0,H,,,,,,,,,,,,,,,,,,,,,,,,,,,,,,,,,,,,,,,,,,,,,,,
spelad,JP2,2026/27,2026-05-06,,Imabari,Kochi United,1,0,H,,,,,,,,,,,,,,,,,,,,,,,,,,,,,,,,,,,,,,,,,,,,,,,
spelad,JP2,2026/27,2026-05-06,,Kagoshima United,Oita Trinita,0,1,A,,,,,,,,,,,,,,,,,,,,,,,,,,,,,,,,,,,,,,,,,,,,,,,
spelad,JP2,2026/27,2026-05-06,,Kataller Toyama,Kamatamare Sanuki,1,1,D,,,,,,,,,,,,,,,,,,,,,,,,,,,,,,,,,,,,,,,,,,,,,,,
spelad,JP2,2026/27,2026-05-06,,Montedio Yamagata,Thespa Gunma,1,2,A,,,,,,,,,,,,,,,,,,,,,,,,,,,,,,,,,,,,,,,,,,,,,,,
spelad,JP2,2026/27,2026-05-06,,Nara Club,FC Osaka,1,3,A,,,,,,,,,,,,,,,,,,,,,,,,,,,,,,,,,,,,,,,,,,,,,,,
spelad,JP2,2026/27,2026-05-06,,RB Omiya Ardija,Iwaki,3,2,H,,,,,,,,,,,,,,,,,,,,,,,,,,,,,,,,,,,,,,,,,,,,,,,
spelad,JP2,2026/27,2026-05-06,,Reilac Shiga,Renofa Yamaguchi,1,4,A,,,,,,,,,,,,,,,,,,,,,,,,,,,,,,,,,,,,,,,,,,,,,,,
spelad,JP2,2026/27,2026-05-06,,Sagan Tosu,Gainare Tottori,4,0,H,,,,,,,,,,,,,,,,,,,,,,,,,,,,,,,,,,,,,,,,,,,,,,,
spelad,JP2,2026/27,2026-05-06,,Tegevajaro Miyazaki,FC Ryukyu,1,0,H,,,,,,,,,,,,,,,,,,,,,,,,,,,,,,,,,,,,,,,,,,,,,,,
spelad,JP2,2026/27,2026-05-06,,Tochigi City,Yokohama FC,2,2,D,,,,,,,,,,,,,,,,,,,,,,,,,,,,,,,,,,,,,,,,,,,,,,,
spelad,JP2,2026/27,2026-05-06,,Vanraure Hachinohe,Shonan Bellmare,0,1,A,,,,,,,,,,,,,,,,,,,,,,,,,,,,,,,,,,,,,,,,,,,,,,,
spelad,JP2,2026/27,2026-05-06,,Vegalta Sendai,Tochigi SC,2,1,H,,,,,,,,,,,,,,,,,,,,,,,,,,,,,,,,,,,,,,,,,,,,,,,
spelad,JP2,2026/27,2026-05-06,,Ventforet Kofu,Júbilo Iwata,1,2,A,,,,,,,,,,,,,,,,,,,,,,,,,,,,,,,,,,,,,,,,,,,,,,,
spelad,JP2,2026/27,2026-05-06,,Zweigen Kanazawa,Ehime FC,0,2,A,,,,,,,,,,,,,,,,,,,,,,,,,,,,,,,,,,,,,,,,,,,,,,,
spelad,JP2,2026/27,2026-05-09,,FC Osaka,Imabari,1,2,A,,,,,,,,,,,,,,,,,,,,,,,,,,,,,,,,,,,,,,,,,,,,,,,
spelad,JP2,2026/27,2026-05-09,,Hokkaido Consadole Sapporo,RB Omiya Ardija,4,3,H,,,,,,,,,,,,,,,,,,,,,,,,,,,,,,,,,,,,,,,,,,,,,,,
spelad,JP2,2026/27,2026-05-09,,Iwaki,Ventforet Kofu,0,1,A,,,,,,,,,,,,,,,,,,,,,,,,,,,,,,,,,,,,,,,,,,,,,,,
spelad,JP2,2026/27,2026-05-09,,Nagano Parceiro,FC Gifu,2,3,A,,,,,,,,,,,,,,,,,,,,,,,,,,,,,,,,,,,,,,,,,,,,,,,
spelad,JP2,2026/27,2026-05-09,,Renofa Yamaguchi,Tegevajaro Miyazaki,0,1,A,,,,,,,,,,,,,,,,,,,,,,,,,,,,,,,,,,,,,,,,,,,,,,,
spelad,JP2,2026/27,2026-05-09,,Thespa Gunma,Tochigi City,0,0,D,,,,,,,,,,,,,,,,,,,,,,,,,,,,,,,,,,,,,,,,,,,,,,,
spelad,JP2,2026/27,2026-05-10,,Ehime FC,Kataller Toyama,0,2,A,,,,,,,,,,,,,,,,,,,,,,,,,,,,,,,,,,,,,,,,,,,,,,,
spelad,JP2,2026/27,2026-05-10,,Fukushima United,Júbilo Iwata,4,2,H,,,,,,,,,,,,,,,,,,,,,,,,,,,,,,,,,,,,,,,,,,,,,,,
spelad,JP2,2026/27,2026-05-10,,Gainare Tottori,Giravanz Kitakyushu,1,1,D,,,,,,,,,,,,,,,,,,,,,,,,,,,,,,,,,,,,,,,,,,,,,,,
spelad,JP2,2026/27,2026-05-10,,Kamatamare Sanuki,Kochi United,0,3,A,,,,,,,,,,,,,,,,,,,,,,,,,,,,,,,,,,,,,,,,,,,,,,,
spelad,JP2,2026/27,2026-05-10,,Matsumoto Yamaga,Fujieda MYFC,0,0,D,,,,,,,,,,,,,,,,,,,,,,,,,,,,,,,,,,,,,,,,,,,,,,,
spelad,JP2,2026/27,2026-05-10,,Montedio Yamagata,Sagamihara,2,3,A,,,,,,,,,,,,,,,,,,,,,,,,,,,,,,,,,,,,,,,,,,,,,,,
spelad,JP2,2026/27,2026-05-10,,Oita Trinita,Sagan Tosu,0,1,A,,,,,,,,,,,,,,,,,,,,,,,,,,,,,,,,,,,,,,,,,,,,,,,
spelad,JP2,2026/27,2026-05-10,,Reilac Shiga,Kagoshima United,1,0,H,,,,,,,,,,,,,,,,,,,,,,,,,,,,,,,,,,,,,,,,,,,,,,,
spelad,JP2,2026/27,2026-05-10,,Roasso Kumamoto,FC Ryukyu,0,1,A,,,,,,,,,,,,,,,,,,,,,,,,,,,,,,,,,,,,,,,,,,,,,,,
spelad,JP2,2026/27,2026-05-10,,Shonan Bellmare,Yokohama FC,0,1,A,,,,,,,,,,,,,,,,,,,,,,,,,,,,,,,,,,,,,,,,,,,,,,,
spelad,JP2,2026/27,2026-05-10,,Tochigi SC,Blaublitz Akita,0,0,D,,,,,,,,,,,,,,,,,,,,,,,,,,,,,,,,,,,,,,,,,,,,,,,
spelad,JP2,2026/27,2026-05-10,,Tokushima Vortis,Nara Club,1,2,A,,,,,,,,,,,,,,,,,,,,,,,,,,,,,,,,,,,,,,,,,,,,,,,
spelad,JP2,2026/27,2026-05-10,,Vanraure Hachinohe,Vegalta Sendai,1,1,D,,,,,,,,,,,,,,,,,,,,,,,,,,,,,,,,,,,,,,,,,,,,,,,
spelad,JP2,2026/27,2026-05-10,,Zweigen Kanazawa,Albirex Niigata,1,1,D,,,,,,,,,,,,,,,,,,,,,,,,,,,,,,,,,,,,,,,,,,,,,,,
spelad,JP2,2026/27,2026-05-13,,Gainare Tottori,Reilac Shiga,3,2,H,,,,,,,,,,,,,,,,,,,,,,,,,,,,,,,,,,,,,,,,,,,,,,,
spelad,JP2,2026/27,2026-05-16,,Albirex Niigata,Nara Club,2,1,H,,,,,,,,,,,,,,,,,,,,,,,,,,,,,,,,,,,,,,,,,,,,,,,
spelad,JP2,2026/27,2026-05-16,,Fukushima United,Hokkaido Consadole Sapporo,0,3,A,,,,,,,,,,,,,,,,,,,,,,,,,,,,,,,,,,,,,,,,,,,,,,,
spelad,JP2,2026/27,2026-05-16,,Júbilo Iwata,Fujieda MYFC,0,3,A,,,,,,,,,,,,,,,,,,,,,,,,,,,,,,,,,,,,,,,,,,,,,,,
spelad,JP2,2026/27,2026-05-16,,Sagamihara,Vanraure Hachinohe,1,1,D,,,,,,,,,,,,,,,,,,,,,,,,,,,,,,,,,,,,,,,,,,,,,,,
spelad,JP2,2026/27,2026-05-16,,Sagan Tosu,Renofa Yamaguchi,1,1,D,,,,,,,,,,,,,,,,,,,,,,,,,,,,,,,,,,,,,,,,,,,,,,,
spelad,JP2,2026/27,2026-05-16,,Shonan Bellmare,Vegalta Sendai,0,2,A,,,,,,,,,,,,,,,,,,,,,,,,,,,,,,,,,,,,,,,,,,,,,,,
spelad,JP2,2026/27,2026-05-16,,Tochigi City,Montedio Yamagata,3,0,H,,,,,,,,,,,,,,,,,,,,,,,,,,,,,,,,,,,,,,,,,,,,,,,
spelad,JP2,2026/27,2026-05-16,,Ventforet Kofu,FC Gifu,2,2,D,,,,,,,,,,,,,,,,,,,,,,,,,,,,,,,,,,,,,,,,,,,,,,,
spelad,JP2,2026/27,2026-05-17,,Blaublitz Akita,Thespa Gunma,3,1,H,,,,,,,,,,,,,,,,,,,,,,,,,,,,,,,,,,,,,,,,,,,,,,,
spelad,JP2,2026/27,2026-05-17,,FC Osaka,Zweigen Kanazawa,1,1,D,,,,,,,,,,,,,,,,,,,,,,,,,,,,,,,,,,,,,,,,,,,,,,,
spelad,JP2,2026/27,2026-05-17,,FC Ryukyu,Gainare Tottori,1,3,A,,,,,,,,,,,,,,,,,,,,,,,,,,,,,,,,,,,,,,,,,,,,,,,
spelad,JP2,2026/27,2026-05-17,,Imabari,Kamatamare Sanuki,1,2,A,,,,,,,,,,,,,,,,,,,,,,,,,,,,,,,,,,,,,,,,,,,,,,,
spelad,JP2,2026/27,2026-05-17,,Iwaki,Matsumoto Yamaga,1,1,D,,,,,,,,,,,,,,,,,,,,,,,,,,,,,,,,,,,,,,,,,,,,,,,
spelad,JP2,2026/27,2026-05-17,,Kagoshima United,Roasso Kumamoto,2,1,H,,,,,,,,,,,,,,,,,,,,,,,,,,,,,,,,,,,,,,,,,,,,,,,
spelad,JP2,2026/27,2026-05-17,,Kataller Toyama,Tokushima Vortis,2,2,D,,,,,,,,,,,,,,,,,,,,,,,,,,,,,,,,,,,,,,,,,,,,,,,
spelad,JP2,2026/27,2026-05-17,,Kochi United,Ehime FC,0,1,A,,,,,,,,,,,,,,,,,,,,,,,,,,,,,,,,,,,,,,,,,,,,,,,
spelad,JP2,2026/27,2026-05-17,,Oita Trinita,Tegevajaro Miyazaki,1,2,A,,,,,,,,,,,,,,,,,,,,,,,,,,,,,,,,,,,,,,,,,,,,,,,
spelad,JP2,2026/27,2026-05-17,,RB Omiya Ardija,Nagano Parceiro,1,2,A,,,,,,,,,,,,,,,,,,,,,,,,,,,,,,,,,,,,,,,,,,,,,,,
spelad,JP2,2026/27,2026-05-17,,Reilac Shiga,Giravanz Kitakyushu,1,0,H,,,,,,,,,,,,,,,,,,,,,,,,,,,,,,,,,,,,,,,,,,,,,,,
spelad,JP2,2026/27,2026-05-17,,Yokohama FC,Tochigi SC,1,0,H,,,,,,,,,,,,,,,,,,,,,,,,,,,,,,,,,,,,,,,,,,,,,,,
spelad,JP2,2026/27,2026-05-23,,Albirex Niigata,Ehime FC,2,1,H,,,,,,,,,,,,,,,,,,,,,,,,,,,,,,,,,,,,,,,,,,,,,,,
spelad,JP2,2026/27,2026-05-23,,FC Gifu,RB Omiya Ardija,0,2,A,,,,,,,,,,,,,,,,,,,,,,,,,,,,,,,,,,,,,,,,,,,,,,,
spelad,JP2,2026/27,2026-05-23,,Fujieda MYFC,Iwaki,0,0,D,,,,,,,,,,,,,,,,,,,,,,,,,,,,,,,,,,,,,,,,,,,,,,,
spelad,JP2,2026/27,2026-05-23,,Hokkaido Consadole Sapporo,Júbilo Iwata,0,1,A,,,,,,,,,,,,,,,,,,,,,,,,,,,,,,,,,,,,,,,,,,,,,,,
spelad,JP2,2026/27,2026-05-23,,Nagano Parceiro,Ventforet Kofu,0,0,D,,,,,,,,,,,,,,,,,,,,,,,,,,,,,,,,,,,,,,,,,,,,,,,
spelad,JP2,2026/27,2026-05-23,,Nara Club,Kataller Toyama,5,1,H,,,,,,,,,,,,,,,,,,,,,,,,,,,,,,,,,,,,,,,,,,,,,,,
spelad,JP2,2026/27,2026-05-23,,Renofa Yamaguchi,Roasso Kumamoto,1,1,D,,,,,,,,,,,,,,,,,,,,,,,,,,,,,,,,,,,,,,,,,,,,,,,
spelad,JP2,2026/27,2026-05-23,,Sagan Tosu,FC Ryukyu,2,2,D,,,,,,,,,,,,,,,,,,,,,,,,,,,,,,,,,,,,,,,,,,,,,,,
spelad,JP2,2026/27,2026-05-23,,Thespa Gunma,Sagamihara,7,2,H,,,,,,,,,,,,,,,,,,,,,,,,,,,,,,,,,,,,,,,,,,,,,,,
spelad,JP2,2026/27,2026-05-23,,Vegalta Sendai,Yokohama FC,0,3,A,,,,,,,,,,,,,,,,,,,,,,,,,,,,,,,,,,,,,,,,,,,,,,,
spelad,JP2,2026/27,2026-05-24,,Blaublitz Akita,Tochigi City,1,0,H,,,,,,,,,,,,,,,,,,,,,,,,,,,,,,,,,,,,,,,,,,,,,,,
spelad,JP2,2026/27,2026-05-24,,Gainare Tottori,Oita Trinita,0,0,D,,,,,,,,,,,,,,,,,,,,,,,,,,,,,,,,,,,,,,,,,,,,,,,
spelad,JP2,2026/27,2026-05-24,,Giravanz Kitakyushu,Kagoshima United,1,5,A,,,,,,,,,,,,,,,,,,,,,,,,,,,,,,,,,,,,,,,,,,,,,,,
spelad,JP2,2026/27,2026-05-24,,Kamatamare Sanuki,FC Osaka,2,2,D,,,,,,,,,,,,,,,,,,,,,,,,,,,,,,,,,,,,,,,,,,,,,,,
spelad,JP2,2026/27,2026-05-24,,Matsumoto Yamaga,Fukushima United,3,3,D,,,,,,,,,,,,,,,,,,,,,,,,,,,,,,,,,,,,,,,,,,,,,,,
spelad,JP2,2026/27,2026-05-24,,Montedio Yamagata,Shonan Bellmare,3,1,H,,,,,,,,,,,,,,,,,,,,,,,,,,,,,,,,,,,,,,,,,,,,,,,
spelad,JP2,2026/27,2026-05-24,,Tegevajaro Miyazaki,Reilac Shiga,2,2,D,,,,,,,,,,,,,,,,,,,,,,,,,,,,,,,,,,,,,,,,,,,,,,,
spelad,JP2,2026/27,2026-05-24,,Tokushima Vortis,Imabari,1,1,D,,,,,,,,,,,,,,,,,,,,,,,,,,,,,,,,,,,,,,,,,,,,,,,
spelad,JP2,2026/27,2026-05-24,,Vanraure Hachinohe,Tochigi SC,0,0,D,,,,,,,,,,,,,,,,,,,,,,,,,,,,,,,,,,,,,,,,,,,,,,,
spelad,JP2,2026/27,2026-05-24,,Zweigen Kanazawa,Kochi United,2,0,H,,,,,,,,,,,,,,,,,,,,,,,,,,,,,,,,,,,,,,,,,,,,,,,
spelad,JP2,2026/27,2026-08-08,,Fujieda MYFC,Vegalta Sendai,2,0,H,,,,,,,,,,,,,,,,,,,,,,,,,,,,,,,,,,,,,,,,,,,,,,,
spelad,JP2,2026/27,2026-08-08,,Hokkaido Consadole Sapporo,Tokushima Vortis,2,0,H,,,,,,,,,,,,,,,,,,,,,,,,,,,,,,,,,,,,,,,,,,,,,,,
spelad,JP2,2026/27,2026-08-08,,Júbilo Iwata,Blaublitz Akita,1,1,D,,,,,,,,,,,,,,,,,,,,,,,,,,,,,,,,,,,,,,,,,,,,,,,
spelad,JP2,2026/27,2026-08-08,,Oita Trinita,Shonan Bellmare,0,1,A,,,,,,,,,,,,,,,,,,,,,,,,,,,,,,,,,,,,,,,,,,,,,,,
spelad,JP2,2026/27,2026-08-08,,RB Omiya Ardija,Albirex Niigata,1,0,H,,,,,,,,,,,,,,,,,,,,,,,,,,,,,,,,,,,,,,,,,,,,,,,
spelad,JP2,2026/27,2026-08-08,,Sagan Tosu,Ventforet Kofu,2,0,H,,,,,,,,,,,,,,,,,,,,,,,,,,,,,,,,,,,,,,,,,,,,,,,
spelad,JP2,2026/27,2026-08-08,,Tegevajaro Miyazaki,Yokohama FC,0,1,A,,,,,,,,,,,,,,,,,,,,,,,,,,,,,,,,,,,,,,,,,,,,,,,
spelad,JP2,2026/27,2026-08-08,,Vanraure Hachinohe,Kataller Toyama,2,0,H,,,,,,,,,,,,,,,,,,,,,,,,,,,,,,,,,,,,,,,,,,,,,,,
spelad,JP2,2026/27,2026-08-09,,Iwaki FC,FC Imabari,2,1,H,,,,,,,,,,,,,,,,,,,,,,,,,,,,,,,,,,,,,,,,,,,,,,,
spelad,JP2,2026/27,2026-08-09,,Montedio Yamagata,Tochigi City,2,0,H,,,,,,,,,,,,,,,,,,,,,,,,,,,,,,,,,,,,,,,,,,,,,,,
spelad,JP2,2026/27,2026-08-15,,Albirex Niigata,Hokkaido Consadole Sapporo,2,1,H,,,,,,,,,,,,,,,,,,,,,,,,,,,,,,,,,,,,,,,,,,,,,,,
spelad,JP2,2026/27,2026-08-15,,Blaublitz Akita,Kataller Toyama,0,4,A,,,,,,,,,,,,,,,,,,,,,,,,,,,,,,,,,,,,,,,,,,,,,,,
spelad,JP2,2026/27,2026-08-15,,FC Imabari,RB Omiya Ardija,2,3,A,,,,,,,,,,,,,,,,,,,,,,,,,,,,,,,,,,,,,,,,,,,,,,,
spelad,JP2,2026/27,2026-08-15,,Fujieda MYFC,Iwaki FC,3,1,H,,,,,,,,,,,,,,,,,,,,,,,,,,,,,,,,,,,,,,,,,,,,,,,
spelad,JP2,2026/27,2026-08-15,,Shonan Bellmare,Montedio Yamagata,1,0,H,,,,,,,,,,,,,,,,,,,,,,,,,,,,,,,,,,,,,,,,,,,,,,,
spelad,JP2,2026/27,2026-08-15,,Tochigi City,Vanraure Hachinohe,5,0,H,,,,,,,,,,,,,,,,,,,,,,,,,,,,,,,,,,,,,,,,,,,,,,,
spelad,JP2,2026/27,2026-08-15,,Vegalta Sendai,Oita Trinita,0,0,D,,,,,,,,,,,,,,,,,,,,,,,,,,,,,,,,,,,,,,,,,,,,,,,
spelad,JP2,2026/27,2026-08-15,,Ventforet Kofu,Tegevajaro Miyazaki,1,1,D,,,,,,,,,,,,,,,,,,,,,,,,,,,,,,,,,,,,,,,,,,,,,,,
spelad,JP2,2026/27,2026-08-16,,Tokushima Vortis,Sagan Tosu,0,0,D,,,,,,,,,,,,,,,,,,,,,,,,,,,,,,,,,,,,,,,,,,,,,,,
spelad,JP2,2026/27,2026-08-16,,Yokohama FC,Júbilo Iwata,3,1,H,,,,,,,,,,,,,,,,,,,,,,,,,,,,,,,,,,,,,,,,,,,,,,,
spelad,JP2,2026/27,2026-08-22,,Albirex Niigata,Fujieda MYFC,1,0,H,,,,,,,,,,,,,,,,,,,,,,,,,,,,,,,,,,,,,,,,,,,,,,,
spelad,JP2,2026/27,2026-08-22,,Blaublitz Akita,Ventforet Kofu,3,0,H,,,,,,,,,,,,,,,,,,,,,,,,,,,,,,,,,,,,,,,,,,,,,,,
spelad,JP2,2026/27,2026-08-22,,Hokkaido Consadole Sapporo,RB Omiya Ardija,1,4,A,,,,,,,,,,,,,,,,,,,,,,,,,,,,,,,,,,,,,,,,,,,,,,,
spelad,JP2,2026/27,2026-08-22,,Júbilo Iwata,Tokushima Vortis,2,1,H,,,,,,,,,,,,,,,,,,,,,,,,,,,,,,,,,,,,,,,,,,,,,,,
spelad,JP2,2026/27,2026-08-22,,Kataller Toyama,FC Imabari,4,0,H,,,,,,,,,,,,,,,,,,,,,,,,,,,,,,,,,,,,,,,,,,,,,,,
spelad,JP2,2026/27,2026-08-22,,Montedio Yamagata,Yokohama FC,2,0,H,,,,,,,,,,,,,,,,,,,,,,,,,,,,,,,,,,,,,,,,,,,,,,,
spelad,JP2,2026/27,2026-08-22,,Oita Trinita,Iwaki FC,4,1,H,,,,,,,,,,,,,,,,,,,,,,,,,,,,,,,,,,,,,,,,,,,,,,,
spelad,JP2,2026/27,2026-08-22,,Sagan Tosu,Tochigi City,1,3,A,,,,,,,,,,,,,,,,,,,,,,,,,,,,,,,,,,,,,,,,,,,,,,,
spelad,JP2,2026/27,2026-08-22,,Tegevajaro Miyazaki,Shonan Bellmare,0,0,D,,,,,,,,,,,,,,,,,,,,,,,,,,,,,,,,,,,,,,,,,,,,,,,
spelad,JP2,2026/27,2026-08-22,,Vanraure Hachinohe,Vegalta Sendai,0,2,A,,,,,,,,,,,,,,,,,,,,,,,,,,,,,,,,,,,,,,,,,,,,,,,
spelad,JP2,2026/27,2026-08-29,,FC Imabari,Montedio Yamagata,0,3,A,,,,,,,,,,,,,,,,,,,,,,,,,,,,,,,,,,,,,,,,,,,,,,,
spelad,JP2,2026/27,2026-08-29,,Iwaki FC,Albirex Niigata,2,3,A,,,,,,,,,,,,,,,,,,,,,,,,,,,,,,,,,,,,,,,,,,,,,,,
spelad,JP2,2026/27,2026-08-29,,Kataller Toyama,Fujieda MYFC,2,3,A,,,,,,,,,,,,,,,,,,,,,,,,,,,,,,,,,,,,,,,,,,,,,,,
spelad,JP2,2026/27,2026-08-29,,RB Omiya Ardija,Shonan Bellmare,2,2,D,,,,,,,,,,,,,,,,,,,,,,,,,,,,,,,,,,,,,,,,,,,,,,,
spelad,JP2,2026/27,2026-08-29,,Tochigi City,Júbilo Iwata,1,3,A,,,,,,,,,,,,,,,,,,,,,,,,,,,,,,,,,,,,,,,,,,,,,,,
spelad,JP2,2026/27,2026-08-29,,Tokushima Vortis,Oita Trinita,1,0,H,,,,,,,,,,,,,,,,,,,,,,,,,,,,,,,,,,,,,,,,,,,,,,,
spelad,JP2,2026/27,2026-08-29,,Vanraure Hachinohe,Blaublitz Akita,1,0,H,,,,,,,,,,,,,,,,,,,,,,,,,,,,,,,,,,,,,,,,,,,,,,,
spelad,JP2,2026/27,2026-08-29,,Vegalta Sendai,Tegevajaro Miyazaki,4,2,H,,,,,,,,,,,,,,,,,,,,,,,,,,,,,,,,,,,,,,,,,,,,,,,
spelad,JP2,2026/27,2026-08-29,,Ventforet Kofu,Hokkaido Consadole Sapporo,2,1,H,,,,,,,,,,,,,,,,,,,,,,,,,,,,,,,,,,,,,,,,,,,,,,,
spelad,JP2,2026/27,2026-08-29,,Yokohama FC,Sagan Tosu,2,2,D,,,,,,,,,,,,,,,,,,,,,,,,,,,,,,,,,,,,,,,,,,,,,,,
spelad,JP2,2026/27,2026-09-05,,Fujieda MYFC,Vanraure Hachinohe,0,0,D,,,,,,,,,,,,,,,,,,,,,,,,,,,,,,,,,,,,,,,,,,,,,,,
spelad,JP2,2026/27,2026-09-05,,Montedio Yamagata,Ventforet Kofu,1,2,A,,,,,,,,,,,,,,,,,,,,,,,,,,,,,,,,,,,,,,,,,,,,,,,
spelad,JP2,2026/27,2026-09-05,,Sagan Tosu,Tegevajaro Miyazaki,2,0,H,,,,,,,,,,,,,,,,,,,,,,,,,,,,,,,,,,,,,,,,,,,,,,,
spelad,JP2,2026/27,2026-09-05,,Shonan Bellmare,Vegalta Sendai,1,3,A,,,,,,,,,,,,,,,,,,,,,,,,,,,,,,,,,,,,,,,,,,,,,,,
spelad,JP2,2026/27,2026-09-05,,Tokushima Vortis,Iwaki FC,1,0,H,,,,,,,,,,,,,,,,,,,,,,,,,,,,,,,,,,,,,,,,,,,,,,,
spelad,JP2,2026/27,2026-09-06,,Blaublitz Akita,RB Omiya Ardija,0,0,D,,,,,,,,,,,,,,,,,,,,,,,,,,,,,,,,,,,,,,,,,,,,,,,
spelad,JP2,2026/27,2026-09-06,,Hokkaido Consadole Sapporo,Tochigi City,1,4,A,,,,,,,,,,,,,,,,,,,,,,,,,,,,,,,,,,,,,,,,,,,,,,,
spelad,JP2,2026/27,2026-09-06,,Júbilo Iwata,Kataller Toyama,0,1,A,,,,,,,,,,,,,,,,,,,,,,,,,,,,,,,,,,,,,,,,,,,,,,,
spelad,JP2,2026/27,2026-09-06,,Oita Trinita,FC Imabari,1,1,D,,,,,,,,,,,,,,,,,,,,,,,,,,,,,,,,,,,,,,,,,,,,,,,
spelad,JP2,2026/27,2026-09-06,,Yokohama FC,Albirex Niigata,5,0,H,,,,,,,,,,,,,,,,,,,,,,,,,,,,,,,,,,,,,,,,,,,,,,,
spelad,JP2,2026/27,2026-09-12,,Blaublitz Akita,Tokushima Vortis,4,1,H,,,,,,,,,,,,,,,,,,,,,,,,,,,,,,,,,,,,,,,,,,,,,,,
spelad,JP2,2026/27,2026-09-12,,FC Imabari,Sagan Tosu,1,0,H,,,,,,,,,,,,,,,,,,,,,,,,,,,,,,,,,,,,,,,,,,,,,,,
spelad,JP2,2026/27,2026-09-12,,Iwaki FC,Yokohama FC,2,0,H,,,,,,,,,,,,,,,,,,,,,,,,,,,,,,,,,,,,,,,,,,,,,,,
spelad,JP2,2026/27,2026-09-12,,Kataller Toyama,Tochigi City,0,0,D,,,,,,,,,,,,,,,,,,,,,,,,,,,,,,,,,,,,,,,,,,,,,,,
spelad,JP2,2026/27,2026-09-12,,RB Omiya Ardija,Oita Trinita,0,0,D,,,,,,,,,,,,,,,,,,,,,,,,,,,,,,,,,,,,,,,,,,,,,,,
spelad,JP2,2026/27,2026-09-12,,Tegevajaro Miyazaki,Fujieda MYFC,3,2,H,,,,,,,,,,,,,,,,,,,,,,,,,,,,,,,,,,,,,,,,,,,,,,,
spelad,JP2,2026/27,2026-09-12,,Vanraure Hachinohe,Shonan Bellmare,0,1,A,,,,,,,,,,,,,,,,,,,,,,,,,,,,,,,,,,,,,,,,,,,,,,,
spelad,JP2,2026/27,2026-09-12,,Ventforet Kofu,Júbilo Iwata,0,1,A,,,,,,,,,,,,,,,,,,,,,,,,,,,,,,,,,,,,,,,,,,,,,,,
spelad,JP2,2026/27,2026-09-13,,Albirex Niigata,Montedio Yamagata,1,0,H,,,,,,,,,,,,,,,,,,,,,,,,,,,,,,,,,,,,,,,,,,,,,,,
spelad,JP2,2026/27,2026-09-13,,Vegalta Sendai,Hokkaido Consadole Sapporo,1,1,D,,,,,,,,,,,,,,,,,,,,,,,,,,,,,,,,,,,,,,,,,,,,,,,
spelad,JP2,2026/27,2026-09-18,,Vanraure Hachinohe,Tegevajaro Miyazaki,0,3,A,,,,,,,,,,,,,,,,,,,,,,,,,,,,,,,,,,,,,,,,,,,,,,,
spelad,JP2,2026/27,2026-09-19,,Albirex Niigata,Júbilo Iwata,2,1,H,,,,,,,,,,,,,,,,,,,,,,,,,,,,,,,,,,,,,,,,,,,,,,,
spelad,JP2,2026/27,2026-09-19,,Fujieda MYFC,RB Omiya Ardija,1,1,D,,,,,,,,,,,,,,,,,,,,,,,,,,,,,,,,,,,,,,,,,,,,,,,
spelad,JP2,2026/27,2026-09-19,,Hokkaido Consadole Sapporo,Oita Trinita,1,1,D,,,,,,,,,,,,,,,,,,,,,,,,,,,,,,,,,,,,,,,,,,,,,,,
spelad,JP2,2026/27,2026-09-19,,Montedio Yamagata,Kataller Toyama,0,2,A,,,,,,,,,,,,,,,,,,,,,,,,,,,,,,,,,,,,,,,,,,,,,,,
spelad,JP2,2026/27,2026-09-19,,Sagan Tosu,Iwaki FC,1,3,A,,,,,,,,,,,,,,,,,,,,,,,,,,,,,,,,,,,,,,,,,,,,,,,
spelad,JP2,2026/27,2026-09-19,,Shonan Bellmare,Blaublitz Akita,1,1,D,,,,,,,,,,,,,,,,,,,,,,,,,,,,,,,,,,,,,,,,,,,,,,,
spelad,JP2,2026/27,2026-09-19,,Ventforet Kofu,Tokushima Vortis,0,1,A,,,,,,,,,,,,,,,,,,,,,,,,,,,,,,,,,,,,,,,,,,,,,,,
spelad,JP2,2026/27,2026-09-19,,Yokohama FC,FC Imabari,2,1,H,,,,,,,,,,,,,,,,,,,,,,,,,,,,,,,,,,,,,,,,,,,,,,,
spelad,JP2,2026/27,2026-09-20,,Tochigi City,Vegalta Sendai,1,3,A,,,,,,,,,,,,,,,,,,,,,,,,,,,,,,,,,,,,,,,,,,,,,,,
spelad,JP2,2026/27,2026-09-26,,Blaublitz Akita,Albirex Niigata,2,2,D,,,,,,,,,,,,,,,,,,,,,,,,,,,,,,,,,,,,,,,,,,,,,,,
spelad,JP2,2026/27,2026-09-26,,FC Imabari,Shonan Bellmare,1,2,A,,,,,,,,,,,,,,,,,,,,,,,,,,,,,,,,,,,,,,,,,,,,,,,
spelad,JP2,2026/27,2026-09-26,,Iwaki FC,Vegalta Sendai,0,2,A,,,,,,,,,,,,,,,,,,,,,,,,,,,,,,,,,,,,,,,,,,,,,,,
spelad,JP2,2026/27,2026-09-26,,Júbilo Iwata,Vanraure Hachinohe,1,2,A,,,,,,,,,,,,,,,,,,,,,,,,,,,,,,,,,,,,,,,,,,,,,,,
spelad,JP2,2026/27,2026-09-26,,Kataller Toyama,Yokohama FC,3,3,D,,,,,,,,,,,,,,,,,,,,,,,,,,,,,,,,,,,,,,,,,,,,,,,
spelad,JP2,2026/27,2026-09-26,,Montedio Yamagata,Sagan Tosu,2,0,H,,,,,,,,,,,,,,,,,,,,,,,,,,,,,,,,,,,,,,,,,,,,,,,
spelad,JP2,2026/27,2026-09-26,,Oita Trinita,Fujieda MYFC,1,1,D,,,,,,,,,,,,,,,,,,,,,,,,,,,,,,,,,,,,,,,,,,,,,,,
spelad,JP2,2026/27,2026-09-26,,RB Omiya Ardija,Ventforet Kofu,5,1,H,,,,,,,,,,,,,,,,,,,,,,,,,,,,,,,,,,,,,,,,,,,,,,,
spelad,JP2,2026/27,2026-09-26,,Tegevajaro Miyazaki,Hokkaido Consadole Sapporo,3,2,H,,,,,,,,,,,,,,,,,,,,,,,,,,,,,,,,,,,,,,,,,,,,,,,
spelad,JP2,2026/27,2026-09-26,,Tokushima Vortis,Tochigi City,3,0,H,,,,,,,,,,,,,,,,,,,,,,,,,,,,,,,,,,,,,,,,,,,,,,,
kommande,JP2,,2026-10-03,2026-10-03T05:00:00Z,Albirex Niigata,Tokushima Vortis,,,,,,,,,,,,,,,,,,,,,,,,,,,,,,,,,,,,,,,,,,,,,,,,,,
kommande,JP2,,2026-10-03,2026-10-03T05:00:00Z,Fujieda MYFC,Shonan Bellmare,,,,,,,,,,,,,,,,,,,,,,,,,,,,,,,,,,,,,,,,,,,,,,,,,,
kommande,JP2,,2026-10-03,2026-10-03T08:00:00Z,Oita Trinita,Montedio Yamagata,,,,,,,,,,,,,,,,,,,,,,,,,,,,,,,,,,,,,,,,,,,,,,,,,,
kommande,JP2,,2026-10-03,2026-10-03T08:00:00Z,Tochigi City,FC Imabari,,,,,,,,,,,,,,,,,,,,,,,,,,,,,,,,,,,,,,,,,,,,,,,,,,
kommande,JP2,,2026-10-03,2026-10-03T07:00:00Z,Ventforet Kofu,Kataller Toyama,,,,,,,,,,,,,,,,,,,,,,,,,,,,,,,,,,,,,,,,,,,,,,,,,,
kommande,JP2,,2026-10-04,2026-10-04T05:00:00Z,Blaublitz Akita,Sagan Tosu,,,,,,,,,,,,,,,,,,,,,,,,,,,,,,,,,,,,,,,,,,,,,,,,,,
kommande,JP2,,2026-10-04,2026-10-04T04:00:00Z,Hokkaido Consadole Sapporo,Iwaki FC,,,,,,,,,,,,,,,,,,,,,,,,,,,,,,,,,,,,,,,,,,,,,,,,,,
kommande,JP2,,2026-10-04,2026-10-04T10:00:00Z,Tegevajaro Miyazaki,RB Omiya Ardija,,,,,,,,,,,,,,,,,,,,,,,,,,,,,,,,,,,,,,,,,,,,,,,,,,
kommande,JP2,,2026-10-04,2026-10-04T04:00:00Z,Vanraure Hachinohe,Yokohama FC,,,,,,,,,,,,,,,,,,,,,,,,,,,,,,,,,,,,,,,,,,,,,,,,,,
kommande,JP2,,2026-10-04,2026-10-04T06:00:00Z,Vegalta Sendai,Júbilo Iwata,,,,,,,,,,,,,,,,,,,,,,,,,,,,,,,,,,,,,,,,,,,,,,,,,,
kommande,JP2,,2026-10-10,2026-10-10T09:00:00Z,Júbilo Iwata,Hokkaido Consadole Sapporo,,,,,,,,,,,,,,,,,,,,,,,,,,,,,,,,,,,,,,,,,,,,,,,,,,
kommande,JP2,,2026-10-10,2026-10-10T05:00:00Z,RB Omiya Ardija,Vanraure Hachinohe,,,,,,,,,,,,,,,,,,,,,,,,,,,,,,,,,,,,,,,,,,,,,,,,,,
kommande,JP2,,2026-10-10,2026-10-10T05:00:00Z,Sagan Tosu,Fujieda MYFC,,,,,,,,,,,,,,,,,,,,,,,,,,,,,,,,,,,,,,,,,,,,,,,,,,
kommande,JP2,,2026-10-10,2026-10-10T05:00:00Z,Tokushima Vortis,FC Imabari,,,,,,,,,,,,,,,,,,,,,,,,,,,,,,,,,,,,,,,,,,,,,,,,,,
kommande,JP2,,2026-10-10,2026-10-10T07:00:00Z,Ventforet Kofu,Tochigi City,,,,,,,,,,,,,,,,,,,,,,,,,,,,,,,,,,,,,,,,,,,,,,,,,,
kommande,JP2,,2026-10-10,2026-10-10T05:00:00Z,Yokohama FC,Oita Trinita,,,,,,,,,,,,,,,,,,,,,,,,,,,,,,,,,,,,,,,,,,,,,,,,,,
kommande,JP2,,2026-10-11,2026-10-11T06:00:00Z,Iwaki FC,Blaublitz Akita,,,,,,,,,,,,,,,,,,,,,,,,,,,,,,,,,,,,,,,,,,,,,,,,,,
kommande,JP2,,2026-10-11,2026-10-11T05:00:00Z,Kataller Toyama,Tegevajaro Miyazaki,,,,,,,,,,,,,,,,,,,,,,,,,,,,,,,,,,,,,,,,,,,,,,,,,,
kommande,JP2,,2026-10-11,2026-10-11T04:00:00Z,Montedio Yamagata,Vegalta Sendai,,,,,,,,,,,,,,,,,,,,,,,,,,,,,,,,,,,,,,,,,,,,,,,,,,
kommande,JP2,,2026-10-11,2026-10-11T09:00:00Z,Shonan Bellmare,Albirex Niigata,,,,,,,,,,,,,,,,,,,,,,,,,,,,,,,,,,,,,,,,,,,,,,,,,,
kommande,JP2,,2026-10-17,2026-10-17T05:00:00Z,FC Imabari,Vanraure Hachinohe,,,,,,,,,,,,,,,,,,,,,,,,,,,,,,,,,,,,,,,,,,,,,,,,,,
kommande,JP2,,2026-10-17,2026-10-17T05:00:00Z,Fujieda MYFC,Montedio Yamagata,,,,,,,,,,,,,,,,,,,,,,,,,,,,,,,,,,,,,,,,,,,,,,,,,,
kommande,JP2,,2026-10-17,2026-10-17T05:00:00Z,Hokkaido Consadole Sapporo,Blaublitz Akita,,,,,,,,,,,,,,,,,,,,,,,,,,,,,,,,,,,,,,,,,,,,,,,,,,
kommande,JP2,,2026-10-17,2026-10-17T09:00:00Z,Kataller Toyama,Shonan Bellmare,,,,,,,,,,,,,,,,,,,,,,,,,,,,,,,,,,,,,,,,,,,,,,,,,,
kommande,JP2,,2026-10-17,2026-10-17T05:00:00Z,Oita Trinita,Albirex Niigata,,,,,,,,,,,,,,,,,,,,,,,,,,,,,,,,,,,,,,,,,,,,,,,,,,
kommande,JP2,,2026-10-17,2026-10-17T05:00:00Z,Sagan Tosu,RB Omiya Ardija,,,,,,,,,,,,,,,,,,,,,,,,,,,,,,,,,,,,,,,,,,,,,,,,,,
kommande,JP2,,2026-10-17,2026-10-17T10:00:00Z,Tegevajaro Miyazaki,Júbilo Iwata,,,,,,,,,,,,,,,,,,,,,,,,,,,,,,,,,,,,,,,,,,,,,,,,,,
kommande,JP2,,2026-10-17,2026-10-17T05:00:00Z,Tochigi City,Yokohama FC,,,,,,,,,,,,,,,,,,,,,,,,,,,,,,,,,,,,,,,,,,,,,,,,,,
kommande,JP2,,2026-10-17,2026-10-17T05:00:00Z,Vegalta Sendai,Tokushima Vortis,,,,,,,,,,,,,,,,,,,,,,,,,,,,,,,,,,,,,,,,,,,,,,,,,,
kommande,JP2,,2026-10-18,2026-10-18T04:00:00Z,Iwaki FC,Ventforet Kofu,,,,,,,,,,,,,,,,,,,,,,,,,,,,,,,,,,,,,,,,,,,,,,,,,,
