status,league,season,date,kickoff,home,away,hg,ag,res,hs,as,hst,ast,xg_h,xg_a,xg_src,referee,hc,ac,hf,af,hy,ay,hr,ar,open_h,open_d,open_a,close_h,close_d,close_a,pin_close,best_open_h,best_open_d,best_open_a,best_close_h,best_close_d,best_close_a,over25_open,over25_close,luck,gap,mres,rest,h2h_n,h2h_pts,h2h_res,h2h_draw,promo,releg,miss_h,miss_a,steam,book,pre_first_at,pre_first_h,pre_first_d,pre_first_a,pre_last_at,pre_last_h,pre_last_d,pre_last_a,pre_best_h,pre_best_d,pre_best_a,pre_inj_at,pre_inj_h,pre_inj_a,pre_injv_h,pre_injv_a,close_src,poss_h,poss_a,pas_h,pas_a,pasok_h,pasok_a,off_h,off_a,sav_h,sav_a,blk_h,blk_a,tkl_h,tkl_a,int_h,int_a,cro_h,cro_a,att_h,att_a,bigch_h,bigch_a,htg_h,htg_a,form_h,form_a,venue,att,stats_src
spelad,SE2,2025/26,2025-03-29,,Falkenbergs FF,Varbergs BoIS FC,2,2,D,,,,,,,,,,,,,,,,,,,,,,,,,,,,,,,,,,,,,,,,,,,,,,,,,,,,,,,,,,,,,,,,,,,,,,,,,,,,,,,,,,,,,,,,,,,
spelad,SE2,2025/26,2025-03-29,,GIF Sundsvall,Helsingborg,2,0,H,,,,,,,,,,,,,,,,,,,,,,,,,,,,,,,,,,,,,,,,,,,,,,,,,,,,,,,,,,,,,,,,,,,,,,,,,,,,,,,,,,,,,,,,,,,
spelad,SE2,2025/26,2025-03-29,,Sandvikens IF,Kalmar FF,0,0,D,,,,,,,,,,,,,,,,,,,,,,,,,,,,,,,,,,,,,,,,,,,,,,,,,,,,,,,,,,,,,,,,,,,,,,,,,,,,,,,,,,,,,,,,,,,
spelad,SE2,2025/26,2025-03-29,,Örgryte,Utsiktens BK,2,1,H,,,,,,,,,,,,,,,,,,,,,,,,,,,,,,,,,,,,,,,,,,,,,,,,,,,,,,,,,,,,,,,,,,,,,,,,,,,,,,,,,,,,,,,,,,,
spelad,SE2,2025/26,2025-03-30,,Landskrona BoIS,IK Brage,2,2,D,,,,,,,,,,,,,,,,,,,,,,,,,,,,,,,,,,,,,,,,,,,,,,,,,,,,,,,,,,,,,,,,,,,,,,,,,,,,,,,,,,,,,,,,,,,
spelad,SE2,2025/26,2025-03-30,,Trelleborgs FF,Östersunds FK,0,1,A,,,,,,,,,,,,,,,,,,,,,,,,,,,,,,,,,,,,,,,,,,,,,,,,,,,,,,,,,,,,,,,,,,,,,,,,,,,,,,,,,,,,,,,,,,,
spelad,SE2,2025/26,2025-03-31,,IK Oddevold,Umeå,1,0,H,,,,,,,,,,,,,,,,,,,,,,,,,,,,,,,,,,,,,,,,,,,,,,,,,,,,,,,,,,,,,,,,,,,,,,,,,,,,,,,,,,,,,,,,,,,
spelad,SE2,2025/26,2025-04-01,,Örebro,Västerås SK,0,2,A,,,,,,,,,,,,,,,,,,,,,,,,,,,,,,,,,,,,,,,,,,,,,,,,,,,,,,,,,,,,,,,,,,,,,,,,,,,,,,,,,,,,,,,,,,,
spelad,SE2,2025/26,2025-04-05,,Helsingborg,Sandvikens IF,1,2,A,,,,,,,,,,,,,,,,,,,,,,,,,,,,,,,,,,,,,,,,,,,,,,,,,,,,,,,,,,,,,,,,,,,,,,,,,,,,,,,,,,,,,,,,,,,
spelad,SE2,2025/26,2025-04-05,,Kalmar FF,GIF Sundsvall,1,0,H,,,,,,,,,,,,,,,,,,,,,,,,,,,,,,,,,,,,,,,,,,,,,,,,,,,,,,,,,,,,,,,,,,,,,,,,,,,,,,,,,,,,,,,,,,,
spelad,SE2,2025/26,2025-04-05,,Utsiktens BK,IK Oddevold,0,2,A,,,,,,,,,,,,,,,,,,,,,,,,,,,,,,,,,,,,,,,,,,,,,,,,,,,,,,,,,,,,,,,,,,,,,,,,,,,,,,,,,,,,,,,,,,,
spelad,SE2,2025/26,2025-04-05,,Östersunds FK,Landskrona BoIS,3,3,D,,,,,,,,,,,,,,,,,,,,,,,,,,,,,,,,,,,,,,,,,,,,,,,,,,,,,,,,,,,,,,,,,,,,,,,,,,,,,,,,,,,,,,,,,,,
spelad,SE2,2025/26,2025-04-06,,Umeå,Trelleborgs FF,0,1,A,,,,,,,,,,,,,,,,,,,,,,,,,,,,,,,,,,,,,,,,,,,,,,,,,,,,,,,,,,,,,,,,,,,,,,,,,,,,,,,,,,,,,,,,,,,
spelad,SE2,2025/26,2025-04-07,,IK Brage,Falkenbergs FF,0,2,A,,,,,,,,,,,,,,,,,,,,,,,,,,,,,,,,,,,,,,,,,,,,,,,,,,,,,,,,,,,,,,,,,,,,,,,,,,,,,,,,,,,,,,,,,,,
spelad,SE2,2025/26,2025-04-07,,Varbergs BoIS FC,Örebro,2,1,H,,,,,,,,,,,,,,,,,,,,,,,,,,,,,,,,,,,,,,,,,,,,,,,,,,,,,,,,,,,,,,,,,,,,,,,,,,,,,,,,,,,,,,,,,,,
spelad,SE2,2025/26,2025-04-08,,Västerås SK,Örgryte,1,1,D,,,,,,,,,,,,,,,,,,,,,,,,,,,,,,,,,,,,,,,,,,,,,,,,,,,,,,,,,,,,,,,,,,,,,,,,,,,,,,,,,,,,,,,,,,,
spelad,SE2,2025/26,2025-04-11,,IK Oddevold,Kalmar FF,1,3,A,,,,,,,,,,,,,,,,,,,,,,,,,,,,,,,,,,,,,,,,,,,,,,,,,,,,,,,,,,,,,,,,,,,,,,,,,,,,,,,,,,,,,,,,,,,
spelad,SE2,2025/26,2025-04-12,,Landskrona BoIS,Utsiktens BK,2,1,H,,,,,,,,,,,,,,,,,,,,,,,,,,,,,,,,,,,,,,,,,,,,,,,,,,,,,,,,,,,,,,,,,,,,,,,,,,,,,,,,,,,,,,,,,,,
spelad,SE2,2025/26,2025-04-12,,Sandvikens IF,Trelleborgs FF,2,0,H,,,,,,,,,,,,,,,,,,,,,,,,,,,,,,,,,,,,,,,,,,,,,,,,,,,,,,,,,,,,,,,,,,,,,,,,,,,,,,,,,,,,,,,,,,,
spelad,SE2,2025/26,2025-04-12,,Umeå,Östersunds FK,2,2,D,,,,,,,,,,,,,,,,,,,,,,,,,,,,,,,,,,,,,,,,,,,,,,,,,,,,,,,,,,,,,,,,,,,,,,,,,,,,,,,,,,,,,,,,,,,
spelad,SE2,2025/26,2025-04-12,,Örgryte,GIF Sundsvall,0,0,D,,,,,,,,,,,,,,,,,,,,,,,,,,,,,,,,,,,,,,,,,,,,,,,,,,,,,,,,,,,,,,,,,,,,,,,,,,,,,,,,,,,,,,,,,,,
spelad,SE2,2025/26,2025-04-13,,IK Brage,Varbergs BoIS FC,1,1,D,,,,,,,,,,,,,,,,,,,,,,,,,,,,,,,,,,,,,,,,,,,,,,,,,,,,,,,,,,,,,,,,,,,,,,,,,,,,,,,,,,,,,,,,,,,
spelad,SE2,2025/26,2025-04-14,,Västerås SK,Falkenbergs FF,1,0,H,,,,,,,,,,,,,,,,,,,,,,,,,,,,,,,,,,,,,,,,,,,,,,,,,,,,,,,,,,,,,,,,,,,,,,,,,,,,,,,,,,,,,,,,,,,
spelad,SE2,2025/26,2025-04-15,,Örebro,Helsingborg,0,2,A,,,,,,,,,,,,,,,,,,,,,,,,,,,,,,,,,,,,,,,,,,,,,,,,,,,,,,,,,,,,,,,,,,,,,,,,,,,,,,,,,,,,,,,,,,,
spelad,SE2,2025/26,2025-04-19,,Falkenbergs FF,IK Oddevold,2,2,D,,,,,,,,,,,,,,,,,,,,,,,,,,,,,,,,,,,,,,,,,,,,,,,,,,,,,,,,,,,,,,,,,,,,,,,,,,,,,,,,,,,,,,,,,,,
spelad,SE2,2025/26,2025-04-19,,Örgryte,Örebro,3,0,H,,,,,,,,,,,,,,,,,,,,,,,,,,,,,,,,,,,,,,,,,,,,,,,,,,,,,,,,,,,,,,,,,,,,,,,,,,,,,,,,,,,,,,,,,,,
spelad,SE2,2025/26,2025-04-20,,GIF Sundsvall,Landskrona BoIS,1,2,A,,,,,,,,,,,,,,,,,,,,,,,,,,,,,,,,,,,,,,,,,,,,,,,,,,,,,,,,,,,,,,,,,,,,,,,,,,,,,,,,,,,,,,,,,,,
spelad,SE2,2025/26,2025-04-20,,Kalmar FF,Östersunds FK,2,0,H,,,,,,,,,,,,,,,,,,,,,,,,,,,,,,,,,,,,,,,,,,,,,,,,,,,,,,,,,,,,,,,,,,,,,,,,,,,,,,,,,,,,,,,,,,,
spelad,SE2,2025/26,2025-04-20,,Trelleborgs FF,IK Brage,0,1,A,,,,,,,,,,,,,,,,,,,,,,,,,,,,,,,,,,,,,,,,,,,,,,,,,,,,,,,,,,,,,,,,,,,,,,,,,,,,,,,,,,,,,,,,,,,
spelad,SE2,2025/26,2025-04-20,,Utsiktens BK,Sandvikens IF,4,1,H,,,,,,,,,,,,,,,,,,,,,,,,,,,,,,,,,,,,,,,,,,,,,,,,,,,,,,,,,,,,,,,,,,,,,,,,,,,,,,,,,,,,,,,,,,,
spelad,SE2,2025/26,2025-04-21,,Varbergs BoIS FC,Umeå,4,0,H,,,,,,,,,,,,,,,,,,,,,,,,,,,,,,,,,,,,,,,,,,,,,,,,,,,,,,,,,,,,,,,,,,,,,,,,,,,,,,,,,,,,,,,,,,,
spelad,SE2,2025/26,2025-04-22,,Helsingborg,Västerås SK,2,0,H,,,,,,,,,,,,,,,,,,,,,,,,,,,,,,,,,,,,,,,,,,,,,,,,,,,,,,,,,,,,,,,,,,,,,,,,,,,,,,,,,,,,,,,,,,,
spelad,SE2,2025/26,2025-04-26,,IK Oddevold,GIF Sundsvall,1,2,A,,,,,,,,,,,,,,,,,,,,,,,,,,,,,,,,,,,,,,,,,,,,,,,,,,,,,,,,,,,,,,,,,,,,,,,,,,,,,,,,,,,,,,,,,,,
spelad,SE2,2025/26,2025-04-26,,Landskrona BoIS,Sandvikens IF,1,0,H,,,,,,,,,,,,,,,,,,,,,,,,,,,,,,,,,,,,,,,,,,,,,,,,,,,,,,,,,,,,,,,,,,,,,,,,,,,,,,,,,,,,,,,,,,,
spelad,SE2,2025/26,2025-04-26,,Östersunds FK,Örgryte,2,1,H,,,,,,,,,,,,,,,,,,,,,,,,,,,,,,,,,,,,,,,,,,,,,,,,,,,,,,,,,,,,,,,,,,,,,,,,,,,,,,,,,,,,,,,,,,,
spelad,SE2,2025/26,2025-04-27,,Helsingborg,Kalmar FF,1,5,A,,,,,,,,,,,,,,,,,,,,,,,,,,,,,,,,,,,,,,,,,,,,,,,,,,,,,,,,,,,,,,,,,,,,,,,,,,,,,,,,,,,,,,,,,,,
spelad,SE2,2025/26,2025-04-27,,Trelleborgs FF,Varbergs BoIS FC,0,4,A,,,,,,,,,,,,,,,,,,,,,,,,,,,,,,,,,,,,,,,,,,,,,,,,,,,,,,,,,,,,,,,,,,,,,,,,,,,,,,,,,,,,,,,,,,,
spelad,SE2,2025/26,2025-04-27,,Umeå,IK Brage,0,1,A,,,,,,,,,,,,,,,,,,,,,,,,,,,,,,,,,,,,,,,,,,,,,,,,,,,,,,,,,,,,,,,,,,,,,,,,,,,,,,,,,,,,,,,,,,,
spelad,SE2,2025/26,2025-04-28,,Utsiktens BK,Västerås SK,2,2,D,,,,,,,,,,,,,,,,,,,,,,,,,,,,,,,,,,,,,,,,,,,,,,,,,,,,,,,,,,,,,,,,,,,,,,,,,,,,,,,,,,,,,,,,,,,
spelad,SE2,2025/26,2025-04-29,,Falkenbergs FF,Örebro,2,1,H,,,,,,,,,,,,,,,,,,,,,,,,,,,,,,,,,,,,,,,,,,,,,,,,,,,,,,,,,,,,,,,,,,,,,,,,,,,,,,,,,,,,,,,,,,,
spelad,SE2,2025/26,2025-05-03,,GIF Sundsvall,Utsiktens BK,2,2,D,,,,,,,,,,,,,,,,,,,,,,,,,,,,,,,,,,,,,,,,,,,,,,,,,,,,,,,,,,,,,,,,,,,,,,,,,,,,,,,,,,,,,,,,,,,
spelad,SE2,2025/26,2025-05-03,,Sandvikens IF,IK Oddevold,0,2,A,,,,,,,,,,,,,,,,,,,,,,,,,,,,,,,,,,,,,,,,,,,,,,,,,,,,,,,,,,,,,,,,,,,,,,,,,,,,,,,,,,,,,,,,,,,
spelad,SE2,2025/26,2025-05-03,,Umeå,Landskrona BoIS,0,2,A,,,,,,,,,,,,,,,,,,,,,,,,,,,,,,,,,,,,,,,,,,,,,,,,,,,,,,,,,,,,,,,,,,,,,,,,,,,,,,,,,,,,,,,,,,,
spelad,SE2,2025/26,2025-05-03,,Varbergs BoIS FC,Helsingborg,1,0,H,,,,,,,,,,,,,,,,,,,,,,,,,,,,,,,,,,,,,,,,,,,,,,,,,,,,,,,,,,,,,,,,,,,,,,,,,,,,,,,,,,,,,,,,,,,
spelad,SE2,2025/26,2025-05-04,,Örgryte,Falkenbergs FF,4,2,H,,,,,,,,,,,,,,,,,,,,,,,,,,,,,,,,,,,,,,,,,,,,,,,,,,,,,,,,,,,,,,,,,,,,,,,,,,,,,,,,,,,,,,,,,,,
spelad,SE2,2025/26,2025-05-05,,IK Brage,Östersunds FK,0,2,A,,,,,,,,,,,,,,,,,,,,,,,,,,,,,,,,,,,,,,,,,,,,,,,,,,,,,,,,,,,,,,,,,,,,,,,,,,,,,,,,,,,,,,,,,,,
spelad,SE2,2025/26,2025-05-05,,Örebro,Trelleborgs FF,0,0,D,,,,,,,,,,,,,,,,,,,,,,,,,,,,,,,,,,,,,,,,,,,,,,,,,,,,,,,,,,,,,,,,,,,,,,,,,,,,,,,,,,,,,,,,,,,
spelad,SE2,2025/26,2025-05-06,,Västerås SK,Kalmar FF,2,2,D,,,,,,,,,,,,,,,,,,,,,,,,,,,,,,,,,,,,,,,,,,,,,,,,,,,,,,,,,,,,,,,,,,,,,,,,,,,,,,,,,,,,,,,,,,,
spelad,SE2,2025/26,2025-05-10,,GIF Sundsvall,Västerås SK,1,2,A,,,,,,,,,,,,,,,,,,,,,,,,,,,,,,,,,,,,,,,,,,,,,,,,,,,,,,,,,,,,,,,,,,,,,,,,,,,,,,,,,,,,,,,,,,,
spelad,SE2,2025/26,2025-05-10,,IK Oddevold,Örebro,2,1,H,,,,,,,,,,,,,,,,,,,,,,,,,,,,,,,,,,,,,,,,,,,,,,,,,,,,,,,,,,,,,,,,,,,,,,,,,,,,,,,,,,,,,,,,,,,
spelad,SE2,2025/26,2025-05-10,,Sandvikens IF,Umeå,2,1,H,,,,,,,,,,,,,,,,,,,,,,,,,,,,,,,,,,,,,,,,,,,,,,,,,,,,,,,,,,,,,,,,,,,,,,,,,,,,,,,,,,,,,,,,,,,
spelad,SE2,2025/26,2025-05-10,,Utsiktens BK,Falkenbergs FF,2,2,D,,,,,,,,,,,,,,,,,,,,,,,,,,,,,,,,,,,,,,,,,,,,,,,,,,,,,,,,,,,,,,,,,,,,,,,,,,,,,,,,,,,,,,,,,,,
spelad,SE2,2025/26,2025-05-11,,Kalmar FF,Trelleborgs FF,2,0,H,,,,,,,,,,,,,,,,,,,,,,,,,,,,,,,,,,,,,,,,,,,,,,,,,,,,,,,,,,,,,,,,,,,,,,,,,,,,,,,,,,,,,,,,,,,
spelad,SE2,2025/26,2025-05-11,,Östersunds FK,Varbergs BoIS FC,0,1,A,,,,,,,,,,,,,,,,,,,,,,,,,,,,,,,,,,,,,,,,,,,,,,,,,,,,,,,,,,,,,,,,,,,,,,,,,,,,,,,,,,,,,,,,,,,
spelad,SE2,2025/26,2025-05-12,,Landskrona BoIS,Örgryte,1,1,D,,,,,,,,,,,,,,,,,,,,,,,,,,,,,,,,,,,,,,,,,,,,,,,,,,,,,,,,,,,,,,,,,,,,,,,,,,,,,,,,,,,,,,,,,,,
spelad,SE2,2025/26,2025-05-13,,Helsingborg,IK Brage,1,0,H,,,,,,,,,,,,,,,,,,,,,,,,,,,,,,,,,,,,,,,,,,,,,,,,,,,,,,,,,,,,,,,,,,,,,,,,,,,,,,,,,,,,,,,,,,,
spelad,SE2,2025/26,2025-05-16,,Falkenbergs FF,Kalmar FF,0,0,D,,,,,,,,,,,,,,,,,,,,,,,,,,,,,,,,,,,,,,,,,,,,,,,,,,,,,,,,,,,,,,,,,,,,,,,,,,,,,,,,,,,,,,,,,,,
spelad,SE2,2025/26,2025-05-16,,Örgryte,Varbergs BoIS FC,5,1,H,,,,,,,,,,,,,,,,,,,,,,,,,,,,,,,,,,,,,,,,,,,,,,,,,,,,,,,,,,,,,,,,,,,,,,,,,,,,,,,,,,,,,,,,,,,
spelad,SE2,2025/26,2025-05-17,,Trelleborgs FF,Västerås SK,5,0,H,,,,,,,,,,,,,,,,,,,,,,,,,,,,,,,,,,,,,,,,,,,,,,,,,,,,,,,,,,,,,,,,,,,,,,,,,,,,,,,,,,,,,,,,,,,
spelad,SE2,2025/26,2025-05-17,,Umeå,Utsiktens BK,1,3,A,,,,,,,,,,,,,,,,,,,,,,,,,,,,,,,,,,,,,,,,,,,,,,,,,,,,,,,,,,,,,,,,,,,,,,,,,,,,,,,,,,,,,,,,,,,
spelad,SE2,2025/26,2025-05-17,,Örebro,GIF Sundsvall,1,2,A,,,,,,,,,,,,,,,,,,,,,,,,,,,,,,,,,,,,,,,,,,,,,,,,,,,,,,,,,,,,,,,,,,,,,,,,,,,,,,,,,,,,,,,,,,,
spelad,SE2,2025/26,2025-05-17,,Östersunds FK,Sandvikens IF,2,2,D,,,,,,,,,,,,,,,,,,,,,,,,,,,,,,,,,,,,,,,,,,,,,,,,,,,,,,,,,,,,,,,,,,,,,,,,,,,,,,,,,,,,,,,,,,,
spelad,SE2,2025/26,2025-05-18,,IK Brage,IK Oddevold,1,2,A,,,,,,,,,,,,,,,,,,,,,,,,,,,,,,,,,,,,,,,,,,,,,,,,,,,,,,,,,,,,,,,,,,,,,,,,,,,,,,,,,,,,,,,,,,,
spelad,SE2,2025/26,2025-05-19,,Landskrona BoIS,Helsingborg,3,3,D,,,,,,,,,,,,,,,,,,,,,,,,,,,,,,,,,,,,,,,,,,,,,,,,,,,,,,,,,,,,,,,,,,,,,,,,,,,,,,,,,,,,,,,,,,,
spelad,SE2,2025/26,2025-05-21,,Falkenbergs FF,Trelleborgs FF,4,0,H,,,,,,,,,,,,,,,,,,,,,,,,,,,,,,,,,,,,,,,,,,,,,,,,,,,,,,,,,,,,,,,,,,,,,,,,,,,,,,,,,,,,,,,,,,,
spelad,SE2,2025/26,2025-05-21,,Utsiktens BK,Örebro,4,4,D,,,,,,,,,,,,,,,,,,,,,,,,,,,,,,,,,,,,,,,,,,,,,,,,,,,,,,,,,,,,,,,,,,,,,,,,,,,,,,,,,,,,,,,,,,,
spelad,SE2,2025/26,2025-05-21,,Västerås SK,Östersunds FK,1,0,H,,,,,,,,,,,,,,,,,,,,,,,,,,,,,,,,,,,,,,,,,,,,,,,,,,,,,,,,,,,,,,,,,,,,,,,,,,,,,,,,,,,,,,,,,,,
spelad,SE2,2025/26,2025-05-21,,Örgryte,Sandvikens IF,4,0,H,,,,,,,,,,,,,,,,,,,,,,,,,,,,,,,,,,,,,,,,,,,,,,,,,,,,,,,,,,,,,,,,,,,,,,,,,,,,,,,,,,,,,,,,,,,
spelad,SE2,2025/26,2025-05-22,,GIF Sundsvall,IK Brage,0,2,A,,,,,,,,,,,,,,,,,,,,,,,,,,,,,,,,,,,,,,,,,,,,,,,,,,,,,,,,,,,,,,,,,,,,,,,,,,,,,,,,,,,,,,,,,,,
spelad,SE2,2025/26,2025-05-22,,Helsingborg,IK Oddevold,0,2,A,,,,,,,,,,,,,,,,,,,,,,,,,,,,,,,,,,,,,,,,,,,,,,,,,,,,,,,,,,,,,,,,,,,,,,,,,,,,,,,,,,,,,,,,,,,
spelad,SE2,2025/26,2025-05-22,,Kalmar FF,Umeå,2,0,H,,,,,,,,,,,,,,,,,,,,,,,,,,,,,,,,,,,,,,,,,,,,,,,,,,,,,,,,,,,,,,,,,,,,,,,,,,,,,,,,,,,,,,,,,,,
spelad,SE2,2025/26,2025-05-22,,Varbergs BoIS FC,Landskrona BoIS,4,2,H,,,,,,,,,,,,,,,,,,,,,,,,,,,,,,,,,,,,,,,,,,,,,,,,,,,,,,,,,,,,,,,,,,,,,,,,,,,,,,,,,,,,,,,,,,,
spelad,SE2,2025/26,2025-05-24,,Östersunds FK,Örebro,3,1,H,,,,,,,,,,,,,,,,,,,,,,,,,,,,,,,,,,,,,,,,,,,,,,,,,,,,,,,,,,,,,,,,,,,,,,,,,,,,,,,,,,,,,,,,,,,
spelad,SE2,2025/26,2025-05-25,,Varbergs BoIS FC,Kalmar FF,0,0,D,,,,,,,,,,,,,,,,,,,,,,,,,,,,,,,,,,,,,,,,,,,,,,,,,,,,,,,,,,,,,,,,,,,,,,,,,,,,,,,,,,,,,,,,,,,
spelad,SE2,2025/26,2025-05-26,,IK Brage,Utsiktens BK,2,2,D,,,,,,,,,,,,,,,,,,,,,,,,,,,,,,,,,,,,,,,,,,,,,,,,,,,,,,,,,,,,,,,,,,,,,,,,,,,,,,,,,,,,,,,,,,,
spelad,SE2,2025/26,2025-05-26,,IK Oddevold,Västerås SK,1,5,A,,,,,,,,,,,,,,,,,,,,,,,,,,,,,,,,,,,,,,,,,,,,,,,,,,,,,,,,,,,,,,,,,,,,,,,,,,,,,,,,,,,,,,,,,,,
spelad,SE2,2025/26,2025-05-26,,Landskrona BoIS,Falkenbergs FF,0,3,A,,,,,,,,,,,,,,,,,,,,,,,,,,,,,,,,,,,,,,,,,,,,,,,,,,,,,,,,,,,,,,,,,,,,,,,,,,,,,,,,,,,,,,,,,,,
spelad,SE2,2025/26,2025-05-26,,Umeå,Örgryte,3,3,D,,,,,,,,,,,,,,,,,,,,,,,,,,,,,,,,,,,,,,,,,,,,,,,,,,,,,,,,,,,,,,,,,,,,,,,,,,,,,,,,,,,,,,,,,,,
spelad,SE2,2025/26,2025-05-27,,Sandvikens IF,GIF Sundsvall,0,1,A,,,,,,,,,,,,,,,,,,,,,,,,,,,,,,,,,,,,,,,,,,,,,,,,,,,,,,,,,,,,,,,,,,,,,,,,,,,,,,,,,,,,,,,,,,,
spelad,SE2,2025/26,2025-05-27,,Trelleborgs FF,Helsingborg,0,0,D,,,,,,,,,,,,,,,,,,,,,,,,,,,,,,,,,,,,,,,,,,,,,,,,,,,,,,,,,,,,,,,,,,,,,,,,,,,,,,,,,,,,,,,,,,,
spelad,SE2,2025/26,2025-05-30,,Örebro,IK Brage,3,3,D,,,,,,,,,,,,,,,,,,,,,,,,,,,,,,,,,,,,,,,,,,,,,,,,,,,,,,,,,,,,,,,,,,,,,,,,,,,,,,,,,,,,,,,,,,,
spelad,SE2,2025/26,2025-05-31,,Sandvikens IF,Varbergs BoIS FC,2,1,H,,,,,,,,,,,,,,,,,,,,,,,,,,,,,,,,,,,,,,,,,,,,,,,,,,,,,,,,,,,,,,,,,,,,,,,,,,,,,,,,,,,,,,,,,,,
spelad,SE2,2025/26,2025-05-31,,Utsiktens BK,Kalmar FF,1,1,D,,,,,,,,,,,,,,,,,,,,,,,,,,,,,,,,,,,,,,,,,,,,,,,,,,,,,,,,,,,,,,,,,,,,,,,,,,,,,,,,,,,,,,,,,,,
spelad,SE2,2025/26,2025-05-31,,Västerås SK,Umeå,2,2,D,,,,,,,,,,,,,,,,,,,,,,,,,,,,,,,,,,,,,,,,,,,,,,,,,,,,,,,,,,,,,,,,,,,,,,,,,,,,,,,,,,,,,,,,,,,
spelad,SE2,2025/26,2025-05-31,,Örgryte,Trelleborgs FF,2,0,H,,,,,,,,,,,,,,,,,,,,,,,,,,,,,,,,,,,,,,,,,,,,,,,,,,,,,,,,,,,,,,,,,,,,,,,,,,,,,,,,,,,,,,,,,,,
spelad,SE2,2025/26,2025-06-01,,GIF Sundsvall,Falkenbergs FF,0,0,D,,,,,,,,,,,,,,,,,,,,,,,,,,,,,,,,,,,,,,,,,,,,,,,,,,,,,,,,,,,,,,,,,,,,,,,,,,,,,,,,,,,,,,,,,,,
spelad,SE2,2025/26,2025-06-01,,Helsingborg,Östersunds FK,0,0,D,,,,,,,,,,,,,,,,,,,,,,,,,,,,,,,,,,,,,,,,,,,,,,,,,,,,,,,,,,,,,,,,,,,,,,,,,,,,,,,,,,,,,,,,,,,
spelad,SE2,2025/26,2025-06-01,,IK Oddevold,Landskrona BoIS,1,2,A,,,,,,,,,,,,,,,,,,,,,,,,,,,,,,,,,,,,,,,,,,,,,,,,,,,,,,,,,,,,,,,,,,,,,,,,,,,,,,,,,,,,,,,,,,,
spelad,SE2,2025/26,2025-06-13,,Örebro,Sandvikens IF,0,1,A,,,,,,,,,,,,,,,,,,,,,,,,,,,,,,,,,,,,,,,,,,,,,,,,,,,,,,,,,,,,,,,,,,,,,,,,,,,,,,,,,,,,,,,,,,,
spelad,SE2,2025/26,2025-06-14,,Falkenbergs FF,Helsingborg,2,2,D,,,,,,,,,,,,,,,,,,,,,,,,,,,,,,,,,,,,,,,,,,,,,,,,,,,,,,,,,,,,,,,,,,,,,,,,,,,,,,,,,,,,,,,,,,,
spelad,SE2,2025/26,2025-06-14,,Kalmar FF,Landskrona BoIS,3,2,H,,,,,,,,,,,,,,,,,,,,,,,,,,,,,,,,,,,,,,,,,,,,,,,,,,,,,,,,,,,,,,,,,,,,,,,,,,,,,,,,,,,,,,,,,,,
spelad,SE2,2025/26,2025-06-14,,Umeå,GIF Sundsvall,0,1,A,,,,,,,,,,,,,,,,,,,,,,,,,,,,,,,,,,,,,,,,,,,,,,,,,,,,,,,,,,,,,,,,,,,,,,,,,,,,,,,,,,,,,,,,,,,
spelad,SE2,2025/26,2025-06-14,,Östersunds FK,IK Oddevold,1,3,A,,,,,,,,,,,,,,,,,,,,,,,,,,,,,,,,,,,,,,,,,,,,,,,,,,,,,,,,,,,,,,,,,,,,,,,,,,,,,,,,,,,,,,,,,,,
spelad,SE2,2025/26,2025-06-15,,IK Brage,Örgryte,3,2,H,,,,,,,,,,,,,,,,,,,,,,,,,,,,,,,,,,,,,,,,,,,,,,,,,,,,,,,,,,,,,,,,,,,,,,,,,,,,,,,,,,,,,,,,,,,
spelad,SE2,2025/26,2025-06-15,,Trelleborgs FF,Utsiktens BK,1,1,D,,,,,,,,,,,,,,,,,,,,,,,,,,,,,,,,,,,,,,,,,,,,,,,,,,,,,,,,,,,,,,,,,,,,,,,,,,,,,,,,,,,,,,,,,,,
spelad,SE2,2025/26,2025-06-15,,Varbergs BoIS FC,Västerås SK,1,0,H,,,,,,,,,,,,,,,,,,,,,,,,,,,,,,,,,,,,,,,,,,,,,,,,,,,,,,,,,,,,,,,,,,,,,,,,,,,,,,,,,,,,,,,,,,,
spelad,SE2,2025/26,2025-06-22,,IK Oddevold,Varbergs BoIS FC,2,1,H,,,,,,,,,,,,,,,,,,,,,,,,,,,,,,,,,,,,,,,,,,,,,,,,,,,,,,,,,,,,,,,,,,,,,,,,,,,,,,,,,,,,,,,,,,,
spelad,SE2,2025/26,2025-06-22,,Kalmar FF,Örgryte,2,3,A,,,,,,,,,,,,,,,,,,,,,,,,,,,,,,,,,,,,,,,,,,,,,,,,,,,,,,,,,,,,,,,,,,,,,,,,,,,,,,,,,,,,,,,,,,,
spelad,SE2,2025/26,2025-06-22,,Landskrona BoIS,Örebro,1,0,H,,,,,,,,,,,,,,,,,,,,,,,,,,,,,,,,,,,,,,,,,,,,,,,,,,,,,,,,,,,,,,,,,,,,,,,,,,,,,,,,,,,,,,,,,,,
spelad,SE2,2025/26,2025-06-22,,Sandvikens IF,Falkenbergs FF,4,1,H,,,,,,,,,,,,,,,,,,,,,,,,,,,,,,,,,,,,,,,,,,,,,,,,,,,,,,,,,,,,,,,,,,,,,,,,,,,,,,,,,,,,,,,,,,,
spelad,SE2,2025/26,2025-06-22,,Utsiktens BK,Östersunds FK,1,0,H,,,,,,,,,,,,,,,,,,,,,,,,,,,,,,,,,,,,,,,,,,,,,,,,,,,,,,,,,,,,,,,,,,,,,,,,,,,,,,,,,,,,,,,,,,,
spelad,SE2,2025/26,2025-06-22,,Västerås SK,IK Brage,2,2,D,,,,,,,,,,,,,,,,,,,,,,,,,,,,,,,,,,,,,,,,,,,,,,,,,,,,,,,,,,,,,,,,,,,,,,,,,,,,,,,,,,,,,,,,,,,
spelad,SE2,2025/26,2025-06-23,,GIF Sundsvall,Trelleborgs FF,4,2,H,,,,,,,,,,,,,,,,,,,,,,,,,,,,,,,,,,,,,,,,,,,,,,,,,,,,,,,,,,,,,,,,,,,,,,,,,,,,,,,,,,,,,,,,,,,
spelad,SE2,2025/26,2025-06-23,,Helsingborg,Umeå,5,1,H,,,,,,,,,,,,,,,,,,,,,,,,,,,,,,,,,,,,,,,,,,,,,,,,,,,,,,,,,,,,,,,,,,,,,,,,,,,,,,,,,,,,,,,,,,,
spelad,SE2,2025/26,2025-06-27,,IK Brage,Sandvikens IF,1,2,A,,,,,,,,,,,,,,,,,,,,,,,,,,,,,,,,,,,,,,,,,,,,,,,,,,,,,,,,,,,,,,,,,,,,,,,,,,,,,,,,,,,,,,,,,,,
spelad,SE2,2025/26,2025-06-27,,Varbergs BoIS FC,Utsiktens BK,1,1,D,,,,,,,,,,,,,,,,,,,,,,,,,,,,,,,,,,,,,,,,,,,,,,,,,,,,,,,,,,,,,,,,,,,,,,,,,,,,,,,,,,,,,,,,,,,
spelad,SE2,2025/26,2025-06-28,,GIF Sundsvall,Östersunds FK,1,1,D,,,,,,,,,,,,,,,,,,,,,,,,,,,,,,,,,,,,,,,,,,,,,,,,,,,,,,,,,,,,,,,,,,,,,,,,,,,,,,,,,,,,,,,,,,,
spelad,SE2,2025/26,2025-06-28,,Trelleborgs FF,IK Oddevold,0,0,D,,,,,,,,,,,,,,,,,,,,,,,,,,,,,,,,,,,,,,,,,,,,,,,,,,,,,,,,,,,,,,,,,,,,,,,,,,,,,,,,,,,,,,,,,,,
spelad,SE2,2025/26,2025-06-28,,Västerås SK,Landskrona BoIS,1,0,H,,,,,,,,,,,,,,,,,,,,,,,,,,,,,,,,,,,,,,,,,,,,,,,,,,,,,,,,,,,,,,,,,,,,,,,,,,,,,,,,,,,,,,,,,,,
spelad,SE2,2025/26,2025-06-28,,Örgryte,Helsingborg,0,2,A,,,,,,,,,,,,,,,,,,,,,,,,,,,,,,,,,,,,,,,,,,,,,,,,,,,,,,,,,,,,,,,,,,,,,,,,,,,,,,,,,,,,,,,,,,,
spelad,SE2,2025/26,2025-06-29,,Falkenbergs FF,Umeå,2,0,H,,,,,,,,,,,,,,,,,,,,,,,,,,,,,,,,,,,,,,,,,,,,,,,,,,,,,,,,,,,,,,,,,,,,,,,,,,,,,,,,,,,,,,,,,,,
spelad,SE2,2025/26,2025-06-29,,Örebro,Kalmar FF,2,2,D,,,,,,,,,,,,,,,,,,,,,,,,,,,,,,,,,,,,,,,,,,,,,,,,,,,,,,,,,,,,,,,,,,,,,,,,,,,,,,,,,,,,,,,,,,,
spelad,SE2,2025/26,2025-07-19,,IK Oddevold,Örgryte,0,1,A,,,,,,,,,,,,,,,,,,,,,,,,,,,,,,,,,,,,,,,,,,,,,,,,,,,,,,,,,,,,,,,,,,,,,,,,,,,,,,,,,,,,,,,,,,,
spelad,SE2,2025/26,2025-07-19,,Sandvikens IF,Västerås SK,0,3,A,,,,,,,,,,,,,,,,,,,,,,,,,,,,,,,,,,,,,,,,,,,,,,,,,,,,,,,,,,,,,,,,,,,,,,,,,,,,,,,,,,,,,,,,,,,
spelad,SE2,2025/26,2025-07-19,,Umeå,Örebro,1,1,D,,,,,,,,,,,,,,,,,,,,,,,,,,,,,,,,,,,,,,,,,,,,,,,,,,,,,,,,,,,,,,,,,,,,,,,,,,,,,,,,,,,,,,,,,,,
spelad,SE2,2025/26,2025-07-19,,Östersunds FK,Falkenbergs FF,3,1,H,,,,,,,,,,,,,,,,,,,,,,,,,,,,,,,,,,,,,,,,,,,,,,,,,,,,,,,,,,,,,,,,,,,,,,,,,,,,,,,,,,,,,,,,,,,
spelad,SE2,2025/26,2025-07-20,,Kalmar FF,IK Brage,2,2,D,,,,,,,,,,,,,,,,,,,,,,,,,,,,,,,,,,,,,,,,,,,,,,,,,,,,,,,,,,,,,,,,,,,,,,,,,,,,,,,,,,,,,,,,,,,
spelad,SE2,2025/26,2025-07-20,,Varbergs BoIS FC,GIF Sundsvall,0,2,A,,,,,,,,,,,,,,,,,,,,,,,,,,,,,,,,,,,,,,,,,,,,,,,,,,,,,,,,,,,,,,,,,,,,,,,,,,,,,,,,,,,,,,,,,,,
spelad,SE2,2025/26,2025-07-21,,Landskrona BoIS,Trelleborgs FF,1,2,A,,,,,,,,,,,,,,,,,,,,,,,,,,,,,,,,,,,,,,,,,,,,,,,,,,,,,,,,,,,,,,,,,,,,,,,,,,,,,,,,,,,,,,,,,,,
spelad,SE2,2025/26,2025-07-21,,Utsiktens BK,Helsingborg,1,2,A,,,,,,,,,,,,,,,,,,,,,,,,,,,,,,,,,,,,,,,,,,,,,,,,,,,,,,,,,,,,,,,,,,,,,,,,,,,,,,,,,,,,,,,,,,,
spelad,SE2,2025/26,2025-07-26,,GIF Sundsvall,Örebro,1,1,D,,,,,,,,,,,,,,,,,,,,,,,,,,,,,,,,,,,,,,,,,,,,,,,,,,,,,,,,,,,,,,,,,,,,,,,,,,,,,,,,,,,,,,,,,,,
spelad,SE2,2025/26,2025-07-26,,IK Brage,Umeå,2,2,D,,,,,,,,,,,,,,,,,,,,,,,,,,,,,,,,,,,,,,,,,,,,,,,,,,,,,,,,,,,,,,,,,,,,,,,,,,,,,,,,,,,,,,,,,,,
spelad,SE2,2025/26,2025-07-26,,IK Oddevold,Sandvikens IF,1,1,D,,,,,,,,,,,,,,,,,,,,,,,,,,,,,,,,,,,,,,,,,,,,,,,,,,,,,,,,,,,,,,,,,,,,,,,,,,,,,,,,,,,,,,,,,,,
spelad,SE2,2025/26,2025-07-27,,Falkenbergs FF,Landskrona BoIS,1,1,D,,,,,,,,,,,,,,,,,,,,,,,,,,,,,,,,,,,,,,,,,,,,,,,,,,,,,,,,,,,,,,,,,,,,,,,,,,,,,,,,,,,,,,,,,,,
spelad,SE2,2025/26,2025-07-27,,Kalmar FF,Utsiktens BK,1,0,H,,,,,,,,,,,,,,,,,,,,,,,,,,,,,,,,,,,,,,,,,,,,,,,,,,,,,,,,,,,,,,,,,,,,,,,,,,,,,,,,,,,,,,,,,,,
spelad,SE2,2025/26,2025-07-27,,Örgryte,Östersunds FK,6,0,H,,,,,,,,,,,,,,,,,,,,,,,,,,,,,,,,,,,,,,,,,,,,,,,,,,,,,,,,,,,,,,,,,,,,,,,,,,,,,,,,,,,,,,,,,,,
spelad,SE2,2025/26,2025-07-28,,Helsingborg,Varbergs BoIS FC,1,2,A,,,,,,,,,,,,,,,,,,,,,,,,,,,,,,,,,,,,,,,,,,,,,,,,,,,,,,,,,,,,,,,,,,,,,,,,,,,,,,,,,,,,,,,,,,,
spelad,SE2,2025/26,2025-07-28,,Västerås SK,Trelleborgs FF,3,0,H,,,,,,,,,,,,,,,,,,,,,,,,,,,,,,,,,,,,,,,,,,,,,,,,,,,,,,,,,,,,,,,,,,,,,,,,,,,,,,,,,,,,,,,,,,,
spelad,SE2,2025/26,2025-08-01,,Örebro,IK Oddevold,0,0,D,,,,,,,,,,,,,,,,,,,,,,,,,,,,,,,,,,,,,,,,,,,,,,,,,,,,,,,,,,,,,,,,,,,,,,,,,,,,,,,,,,,,,,,,,,,
spelad,SE2,2025/26,2025-08-02,,Sandvikens IF,IK Brage,2,5,A,,,,,,,,,,,,,,,,,,,,,,,,,,,,,,,,,,,,,,,,,,,,,,,,,,,,,,,,,,,,,,,,,,,,,,,,,,,,,,,,,,,,,,,,,,,
spelad,SE2,2025/26,2025-08-02,,Trelleborgs FF,Kalmar FF,0,0,D,,,,,,,,,,,,,,,,,,,,,,,,,,,,,,,,,,,,,,,,,,,,,,,,,,,,,,,,,,,,,,,,,,,,,,,,,,,,,,,,,,,,,,,,,,,
spelad,SE2,2025/26,2025-08-02,,Utsiktens BK,GIF Sundsvall,4,1,H,,,,,,,,,,,,,,,,,,,,,,,,,,,,,,,,,,,,,,,,,,,,,,,,,,,,,,,,,,,,,,,,,,,,,,,,,,,,,,,,,,,,,,,,,,,
spelad,SE2,2025/26,2025-08-02,,Varbergs BoIS FC,Örgryte,1,2,A,,,,,,,,,,,,,,,,,,,,,,,,,,,,,,,,,,,,,,,,,,,,,,,,,,,,,,,,,,,,,,,,,,,,,,,,,,,,,,,,,,,,,,,,,,,
spelad,SE2,2025/26,2025-08-02,,Östersunds FK,Helsingborg,2,2,D,,,,,,,,,,,,,,,,,,,,,,,,,,,,,,,,,,,,,,,,,,,,,,,,,,,,,,,,,,,,,,,,,,,,,,,,,,,,,,,,,,,,,,,,,,,
spelad,SE2,2025/26,2025-08-03,,Landskrona BoIS,Västerås SK,1,2,A,,,,,,,,,,,,,,,,,,,,,,,,,,,,,,,,,,,,,,,,,,,,,,,,,,,,,,,,,,,,,,,,,,,,,,,,,,,,,,,,,,,,,,,,,,,
spelad,SE2,2025/26,2025-08-04,,Umeå,Falkenbergs FF,0,2,A,,,,,,,,,,,,,,,,,,,,,,,,,,,,,,,,,,,,,,,,,,,,,,,,,,,,,,,,,,,,,,,,,,,,,,,,,,,,,,,,,,,,,,,,,,,
spelad,SE2,2025/26,2025-08-09,,Falkenbergs FF,IK Brage,0,1,A,,,,,,,,,,,,,,,,,,,,,,,,,,,,,,,,,,,,,,,,,,,,,,,,,,,,,,,,,,,,,,,,,,,,,,,,,,,,,,,,,,,,,,,,,,,
spelad,SE2,2025/26,2025-08-09,,GIF Sundsvall,Sandvikens IF,1,0,H,,,,,,,,,,,,,,,,,,,,,,,,,,,,,,,,,,,,,,,,,,,,,,,,,,,,,,,,,,,,,,,,,,,,,,,,,,,,,,,,,,,,,,,,,,,
spelad,SE2,2025/26,2025-08-09,,Landskrona BoIS,Östersunds FK,2,0,H,,,,,,,,,,,,,,,,,,,,,,,,,,,,,,,,,,,,,,,,,,,,,,,,,,,,,,,,,,,,,,,,,,,,,,,,,,,,,,,,,,,,,,,,,,,
spelad,SE2,2025/26,2025-08-09,,Örgryte,IK Oddevold,0,0,D,,,,,,,,,,,,,,,,,,,,,,,,,,,,,,,,,,,,,,,,,,,,,,,,,,,,,,,,,,,,,,,,,,,,,,,,,,,,,,,,,,,,,,,,,,,
spelad,SE2,2025/26,2025-08-10,,Helsingborg,Utsiktens BK,3,0,H,,,,,,,,,,,,,,,,,,,,,,,,,,,,,,,,,,,,,,,,,,,,,,,,,,,,,,,,,,,,,,,,,,,,,,,,,,,,,,,,,,,,,,,,,,,
spelad,SE2,2025/26,2025-08-10,,Kalmar FF,Varbergs BoIS FC,2,0,H,,,,,,,,,,,,,,,,,,,,,,,,,,,,,,,,,,,,,,,,,,,,,,,,,,,,,,,,,,,,,,,,,,,,,,,,,,,,,,,,,,,,,,,,,,,
spelad,SE2,2025/26,2025-08-10,,Trelleborgs FF,Umeå,0,2,A,,,,,,,,,,,,,,,,,,,,,,,,,,,,,,,,,,,,,,,,,,,,,,,,,,,,,,,,,,,,,,,,,,,,,,,,,,,,,,,,,,,,,,,,,,,
spelad,SE2,2025/26,2025-08-12,,Västerås SK,Örebro,2,1,H,,,,,,,,,,,,,,,,,,,,,,,,,,,,,,,,,,,,,,,,,,,,,,,,,,,,,,,,,,,,,,,,,,,,,,,,,,,,,,,,,,,,,,,,,,,
spelad,SE2,2025/26,2025-08-15,,IK Oddevold,Trelleborgs FF,3,2,H,,,,,,,,,,,,,,,,,,,,,,,,,,,,,,,,,,,,,,,,,,,,,,,,,,,,,,,,,,,,,,,,,,,,,,,,,,,,,,,,,,,,,,,,,,,
spelad,SE2,2025/26,2025-08-15,,Utsiktens BK,Varbergs BoIS FC,1,1,D,,,,,,,,,,,,,,,,,,,,,,,,,,,,,,,,,,,,,,,,,,,,,,,,,,,,,,,,,,,,,,,,,,,,,,,,,,,,,,,,,,,,,,,,,,,
spelad,SE2,2025/26,2025-08-16,,Helsingborg,Falkenbergs FF,0,0,D,,,,,,,,,,,,,,,,,,,,,,,,,,,,,,,,,,,,,,,,,,,,,,,,,,,,,,,,,,,,,,,,,,,,,,,,,,,,,,,,,,,,,,,,,,,
spelad,SE2,2025/26,2025-08-16,,IK Brage,Västerås SK,3,1,H,,,,,,,,,,,,,,,,,,,,,,,,,,,,,,,,,,,,,,,,,,,,,,,,,,,,,,,,,,,,,,,,,,,,,,,,,,,,,,,,,,,,,,,,,,,
spelad,SE2,2025/26,2025-08-16,,Umeå,Kalmar FF,0,1,A,,,,,,,,,,,,,,,,,,,,,,,,,,,,,,,,,,,,,,,,,,,,,,,,,,,,,,,,,,,,,,,,,,,,,,,,,,,,,,,,,,,,,,,,,,,
spelad,SE2,2025/26,2025-08-16,,Östersunds FK,GIF Sundsvall,1,3,A,,,,,,,,,,,,,,,,,,,,,,,,,,,,,,,,,,,,,,,,,,,,,,,,,,,,,,,,,,,,,,,,,,,,,,,,,,,,,,,,,,,,,,,,,,,
spelad,SE2,2025/26,2025-08-17,,Sandvikens IF,Landskrona BoIS,0,1,A,,,,,,,,,,,,,,,,,,,,,,,,,,,,,,,,,,,,,,,,,,,,,,,,,,,,,,,,,,,,,,,,,,,,,,,,,,,,,,,,,,,,,,,,,,,
spelad,SE2,2025/26,2025-08-17,,Örebro,Örgryte,1,3,A,,,,,,,,,,,,,,,,,,,,,,,,,,,,,,,,,,,,,,,,,,,,,,,,,,,,,,,,,,,,,,,,,,,,,,,,,,,,,,,,,,,,,,,,,,,
spelad,SE2,2025/26,2025-08-23,,Örgryte,IK Brage,2,2,D,,,,,,,,,,,,,,,,,,,,,,,,,,,,,,,,,,,,,,,,,,,,,,,,,,,,,,,,,,,,,,,,,,,,,,,,,,,,,,,,,,,,,,,,,,,
spelad,SE2,2025/26,2025-08-24,,Varbergs BoIS FC,Östersunds FK,1,1,D,,,,,,,,,,,,,,,,,,,,,,,,,,,,,,,,,,,,,,,,,,,,,,,,,,,,,,,,,,,,,,,,,,,,,,,,,,,,,,,,,,,,,,,,,,,
spelad,SE2,2025/26,2025-08-24,,Västerås SK,Utsiktens BK,3,0,H,,,,,,,,,,,,,,,,,,,,,,,,,,,,,,,,,,,,,,,,,,,,,,,,,,,,,,,,,,,,,,,,,,,,,,,,,,,,,,,,,,,,,,,,,,,
spelad,SE2,2025/26,2025-08-25,,Falkenbergs FF,Sandvikens IF,4,0,H,,,,,,,,,,,,,,,,,,,,,,,,,,,,,,,,,,,,,,,,,,,,,,,,,,,,,,,,,,,,,,,,,,,,,,,,,,,,,,,,,,,,,,,,,,,
spelad,SE2,2025/26,2025-08-25,,GIF Sundsvall,IK Oddevold,0,1,A,,,,,,,,,,,,,,,,,,,,,,,,,,,,,,,,,,,,,,,,,,,,,,,,,,,,,,,,,,,,,,,,,,,,,,,,,,,,,,,,,,,,,,,,,,,
spelad,SE2,2025/26,2025-08-25,,Trelleborgs FF,Landskrona BoIS,1,0,H,,,,,,,,,,,,,,,,,,,,,,,,,,,,,,,,,,,,,,,,,,,,,,,,,,,,,,,,,,,,,,,,,,,,,,,,,,,,,,,,,,,,,,,,,,,
spelad,SE2,2025/26,2025-08-25,,Örebro,Umeå,1,1,D,,,,,,,,,,,,,,,,,,,,,,,,,,,,,,,,,,,,,,,,,,,,,,,,,,,,,,,,,,,,,,,,,,,,,,,,,,,,,,,,,,,,,,,,,,,
spelad,SE2,2025/26,2025-08-26,,Kalmar FF,Helsingborg,2,0,H,,,,,,,,,,,,,,,,,,,,,,,,,,,,,,,,,,,,,,,,,,,,,,,,,,,,,,,,,,,,,,,,,,,,,,,,,,,,,,,,,,,,,,,,,,,
spelad,SE2,2025/26,2025-08-30,,Landskrona BoIS,GIF Sundsvall,2,1,H,,,,,,,,,,,,,,,,,,,,,,,,,,,,,,,,,,,,,,,,,,,,,,,,,,,,,,,,,,,,,,,,,,,,,,,,,,,,,,,,,,,,,,,,,,,
spelad,SE2,2025/26,2025-08-30,,Sandvikens IF,Örebro,2,1,H,,,,,,,,,,,,,,,,,,,,,,,,,,,,,,,,,,,,,,,,,,,,,,,,,,,,,,,,,,,,,,,,,,,,,,,,,,,,,,,,,,,,,,,,,,,
spelad,SE2,2025/26,2025-08-30,,Varbergs BoIS FC,Falkenbergs FF,3,2,H,,,,,,,,,,,,,,,,,,,,,,,,,,,,,,,,,,,,,,,,,,,,,,,,,,,,,,,,,,,,,,,,,,,,,,,,,,,,,,,,,,,,,,,,,,,
spelad,SE2,2025/26,2025-08-30,,Västerås SK,Helsingborg,4,0,H,,,,,,,,,,,,,,,,,,,,,,,,,,,,,,,,,,,,,,,,,,,,,,,,,,,,,,,,,,,,,,,,,,,,,,,,,,,,,,,,,,,,,,,,,,,
spelad,SE2,2025/26,2025-08-30,,Östersunds FK,Kalmar FF,0,0,D,,,,,,,,,,,,,,,,,,,,,,,,,,,,,,,,,,,,,,,,,,,,,,,,,,,,,,,,,,,,,,,,,,,,,,,,,,,,,,,,,,,,,,,,,,,
spelad,SE2,2025/26,2025-08-31,,IK Brage,Trelleborgs FF,2,1,H,,,,,,,,,,,,,,,,,,,,,,,,,,,,,,,,,,,,,,,,,,,,,,,,,,,,,,,,,,,,,,,,,,,,,,,,,,,,,,,,,,,,,,,,,,,
spelad,SE2,2025/26,2025-08-31,,Umeå,IK Oddevold,0,2,A,,,,,,,,,,,,,,,,,,,,,,,,,,,,,,,,,,,,,,,,,,,,,,,,,,,,,,,,,,,,,,,,,,,,,,,,,,,,,,,,,,,,,,,,,,,
spelad,SE2,2025/26,2025-08-31,,Utsiktens BK,Örgryte,1,2,A,,,,,,,,,,,,,,,,,,,,,,,,,,,,,,,,,,,,,,,,,,,,,,,,,,,,,,,,,,,,,,,,,,,,,,,,,,,,,,,,,,,,,,,,,,,
spelad,SE2,2025/26,2025-09-13,,Falkenbergs FF,Utsiktens BK,3,1,H,,,,,,,,,,,,,,,,,,,,,,,,,,,,,,,,,,,,,,,,,,,,,,,,,,,,,,,,,,,,,,,,,,,,,,,,,,,,,,,,,,,,,,,,,,,
spelad,SE2,2025/26,2025-09-13,,GIF Sundsvall,Varbergs BoIS FC,2,3,A,,,,,,,,,,,,,,,,,,,,,,,,,,,,,,,,,,,,,,,,,,,,,,,,,,,,,,,,,,,,,,,,,,,,,,,,,,,,,,,,,,,,,,,,,,,
spelad,SE2,2025/26,2025-09-13,,IK Oddevold,IK Brage,4,0,H,,,,,,,,,,,,,,,,,,,,,,,,,,,,,,,,,,,,,,,,,,,,,,,,,,,,,,,,,,,,,,,,,,,,,,,,,,,,,,,,,,,,,,,,,,,
spelad,SE2,2025/26,2025-09-13,,Örebro,Östersunds FK,2,0,H,,,,,,,,,,,,,,,,,,,,,,,,,,,,,,,,,,,,,,,,,,,,,,,,,,,,,,,,,,,,,,,,,,,,,,,,,,,,,,,,,,,,,,,,,,,
spelad,SE2,2025/26,2025-09-14,,Kalmar FF,Västerås SK,2,1,H,,,,,,,,,,,,,,,,,,,,,,,,,,,,,,,,,,,,,,,,,,,,,,,,,,,,,,,,,,,,,,,,,,,,,,,,,,,,,,,,,,,,,,,,,,,
spelad,SE2,2025/26,2025-09-14,,Trelleborgs FF,Sandvikens IF,1,2,A,,,,,,,,,,,,,,,,,,,,,,,,,,,,,,,,,,,,,,,,,,,,,,,,,,,,,,,,,,,,,,,,,,,,,,,,,,,,,,,,,,,,,,,,,,,
spelad,SE2,2025/26,2025-09-15,,Örgryte,Umeå,3,1,H,,,,,,,,,,,,,,,,,,,,,,,,,,,,,,,,,,,,,,,,,,,,,,,,,,,,,,,,,,,,,,,,,,,,,,,,,,,,,,,,,,,,,,,,,,,
spelad,SE2,2025/26,2025-09-16,,Helsingborg,Landskrona BoIS,0,0,D,,,,,,,,,,,,,,,,,,,,,,,,,,,,,,,,,,,,,,,,,,,,,,,,,,,,,,,,,,,,,,,,,,,,,,,,,,,,,,,,,,,,,,,,,,,
spelad,SE2,2025/26,2025-09-19,,Falkenbergs FF,GIF Sundsvall,3,0,H,,,,,,,,,,,,,,,,,,,,,,,,,,,,,,,,,,,,,,,,,,,,,,,,,,,,,,,,,,,,,,,,,,,,,,,,,,,,,,,,,,,,,,,,,,,
spelad,SE2,2025/26,2025-09-19,,Västerås SK,IK Oddevold,2,0,H,,,,,,,,,,,,,,,,,,,,,,,,,,,,,,,,,,,,,,,,,,,,,,,,,,,,,,,,,,,,,,,,,,,,,,,,,,,,,,,,,,,,,,,,,,,
spelad,SE2,2025/26,2025-09-19,,Östersunds FK,Umeå,3,0,H,,,,,,,,,,,,,,,,,,,,,,,,,,,,,,,,,,,,,,,,,,,,,,,,,,,,,,,,,,,,,,,,,,,,,,,,,,,,,,,,,,,,,,,,,,,
spelad,SE2,2025/26,2025-09-20,,Helsingborg,Örgryte,0,1,A,,,,,,,,,,,,,,,,,,,,,,,,,,,,,,,,,,,,,,,,,,,,,,,,,,,,,,,,,,,,,,,,,,,,,,,,,,,,,,,,,,,,,,,,,,,
spelad,SE2,2025/26,2025-09-20,,IK Brage,Örebro,4,5,A,,,,,,,,,,,,,,,,,,,,,,,,,,,,,,,,,,,,,,,,,,,,,,,,,,,,,,,,,,,,,,,,,,,,,,,,,,,,,,,,,,,,,,,,,,,
spelad,SE2,2025/26,2025-09-20,,Kalmar FF,Sandvikens IF,4,0,H,,,,,,,,,,,,,,,,,,,,,,,,,,,,,,,,,,,,,,,,,,,,,,,,,,,,,,,,,,,,,,,,,,,,,,,,,,,,,,,,,,,,,,,,,,,
spelad,SE2,2025/26,2025-09-20,,Utsiktens BK,Landskrona BoIS,4,0,H,,,,,,,,,,,,,,,,,,,,,,,,,,,,,,,,,,,,,,,,,,,,,,,,,,,,,,,,,,,,,,,,,,,,,,,,,,,,,,,,,,,,,,,,,,,
spelad,SE2,2025/26,2025-09-20,,Varbergs BoIS FC,Trelleborgs FF,3,1,H,,,,,,,,,,,,,,,,,,,,,,,,,,,,,,,,,,,,,,,,,,,,,,,,,,,,,,,,,,,,,,,,,,,,,,,,,,,,,,,,,,,,,,,,,,,
spelad,SE2,2025/26,2025-09-24,,IK Brage,GIF Sundsvall,0,1,A,,,,,,,,,,,,,,,,,,,,,,,,,,,,,,,,,,,,,,,,,,,,,,,,,,,,,,,,,,,,,,,,,,,,,,,,,,,,,,,,,,,,,,,,,,,
spelad,SE2,2025/26,2025-09-24,,IK Oddevold,Falkenbergs FF,2,2,D,,,,,,,,,,,,,,,,,,,,,,,,,,,,,,,,,,,,,,,,,,,,,,,,,,,,,,,,,,,,,,,,,,,,,,,,,,,,,,,,,,,,,,,,,,,
spelad,SE2,2025/26,2025-09-24,,Landskrona BoIS,Kalmar FF,0,0,D,,,,,,,,,,,,,,,,,,,,,,,,,,,,,,,,,,,,,,,,,,,,,,,,,,,,,,,,,,,,,,,,,,,,,,,,,,,,,,,,,,,,,,,,,,,
spelad,SE2,2025/26,2025-09-24,,Örebro,Varbergs BoIS FC,1,1,D,,,,,,,,,,,,,,,,,,,,,,,,,,,,,,,,,,,,,,,,,,,,,,,,,,,,,,,,,,,,,,,,,,,,,,,,,,,,,,,,,,,,,,,,,,,
spelad,SE2,2025/26,2025-09-25,,Sandvikens IF,Helsingborg,0,1,A,,,,,,,,,,,,,,,,,,,,,,,,,,,,,,,,,,,,,,,,,,,,,,,,,,,,,,,,,,,,,,,,,,,,,,,,,,,,,,,,,,,,,,,,,,,
spelad,SE2,2025/26,2025-09-25,,Trelleborgs FF,Örgryte,0,2,A,,,,,,,,,,,,,,,,,,,,,,,,,,,,,,,,,,,,,,,,,,,,,,,,,,,,,,,,,,,,,,,,,,,,,,,,,,,,,,,,,,,,,,,,,,,
spelad,SE2,2025/26,2025-09-25,,Umeå,Västerås SK,1,2,A,,,,,,,,,,,,,,,,,,,,,,,,,,,,,,,,,,,,,,,,,,,,,,,,,,,,,,,,,,,,,,,,,,,,,,,,,,,,,,,,,,,,,,,,,,,
spelad,SE2,2025/26,2025-09-25,,Östersunds FK,Utsiktens BK,2,1,H,,,,,,,,,,,,,,,,,,,,,,,,,,,,,,,,,,,,,,,,,,,,,,,,,,,,,,,,,,,,,,,,,,,,,,,,,,,,,,,,,,,,,,,,,,,
spelad,SE2,2025/26,2025-09-28,,Falkenbergs FF,Östersunds FK,4,0,H,,,,,,,,,,,,,,,,,,,,,,,,,,,,,,,,,,,,,,,,,,,,,,,,,,,,,,,,,,,,,,,,,,,,,,,,,,,,,,,,,,,,,,,,,,,
spelad,SE2,2025/26,2025-09-28,,Varbergs BoIS FC,IK Oddevold,1,1,D,,,,,,,,,,,,,,,,,,,,,,,,,,,,,,,,,,,,,,,,,,,,,,,,,,,,,,,,,,,,,,,,,,,,,,,,,,,,,,,,,,,,,,,,,,,
spelad,SE2,2025/26,2025-09-28,,Västerås SK,Sandvikens IF,3,0,H,,,,,,,,,,,,,,,,,,,,,,,,,,,,,,,,,,,,,,,,,,,,,,,,,,,,,,,,,,,,,,,,,,,,,,,,,,,,,,,,,,,,,,,,,,,
spelad,SE2,2025/26,2025-09-29,,GIF Sundsvall,Umeå,3,1,H,,,,,,,,,,,,,,,,,,,,,,,,,,,,,,,,,,,,,,,,,,,,,,,,,,,,,,,,,,,,,,,,,,,,,,,,,,,,,,,,,,,,,,,,,,,
spelad,SE2,2025/26,2025-09-29,,Helsingborg,Trelleborgs FF,4,1,H,,,,,,,,,,,,,,,,,,,,,,,,,,,,,,,,,,,,,,,,,,,,,,,,,,,,,,,,,,,,,,,,,,,,,,,,,,,,,,,,,,,,,,,,,,,
spelad,SE2,2025/26,2025-09-29,,Utsiktens BK,IK Brage,2,1,H,,,,,,,,,,,,,,,,,,,,,,,,,,,,,,,,,,,,,,,,,,,,,,,,,,,,,,,,,,,,,,,,,,,,,,,,,,,,,,,,,,,,,,,,,,,
spelad,SE2,2025/26,2025-09-30,,Kalmar FF,Örebro,2,1,H,,,,,,,,,,,,,,,,,,,,,,,,,,,,,,,,,,,,,,,,,,,,,,,,,,,,,,,,,,,,,,,,,,,,,,,,,,,,,,,,,,,,,,,,,,,
spelad,SE2,2025/26,2025-09-30,,Örgryte,Landskrona BoIS,2,0,H,,,,,,,,,,,,,,,,,,,,,,,,,,,,,,,,,,,,,,,,,,,,,,,,,,,,,,,,,,,,,,,,,,,,,,,,,,,,,,,,,,,,,,,,,,,
spelad,SE2,2025/26,2025-10-04,,IK Brage,Kalmar FF,1,3,A,,,,,,,,,,,,,,,,,,,,,,,,,,,,,,,,,,,,,,,,,,,,,,,,,,,,,,,,,,,,,,,,,,,,,,,,,,,,,,,,,,,,,,,,,,,
spelad,SE2,2025/26,2025-10-04,,Umeå,Helsingborg,1,0,H,,,,,,,,,,,,,,,,,,,,,,,,,,,,,,,,,,,,,,,,,,,,,,,,,,,,,,,,,,,,,,,,,,,,,,,,,,,,,,,,,,,,,,,,,,,
spelad,SE2,2025/26,2025-10-04,,Östersunds FK,Västerås SK,1,6,A,,,,,,,,,,,,,,,,,,,,,,,,,,,,,,,,,,,,,,,,,,,,,,,,,,,,,,,,,,,,,,,,,,,,,,,,,,,,,,,,,,,,,,,,,,,
spelad,SE2,2025/26,2025-10-05,,IK Oddevold,Utsiktens BK,1,0,H,,,,,,,,,,,,,,,,,,,,,,,,,,,,,,,,,,,,,,,,,,,,,,,,,,,,,,,,,,,,,,,,,,,,,,,,,,,,,,,,,,,,,,,,,,,
spelad,SE2,2025/26,2025-10-05,,Trelleborgs FF,GIF Sundsvall,2,1,H,,,,,,,,,,,,,,,,,,,,,,,,,,,,,,,,,,,,,,,,,,,,,,,,,,,,,,,,,,,,,,,,,,,,,,,,,,,,,,,,,,,,,,,,,,,
spelad,SE2,2025/26,2025-10-05,,Örebro,Falkenbergs FF,4,1,H,,,,,,,,,,,,,,,,,,,,,,,,,,,,,,,,,,,,,,,,,,,,,,,,,,,,,,,,,,,,,,,,,,,,,,,,,,,,,,,,,,,,,,,,,,,
spelad,SE2,2025/26,2025-10-06,,Landskrona BoIS,Varbergs BoIS FC,2,1,H,,,,,,,,,,,,,,,,,,,,,,,,,,,,,,,,,,,,,,,,,,,,,,,,,,,,,,,,,,,,,,,,,,,,,,,,,,,,,,,,,,,,,,,,,,,
spelad,SE2,2025/26,2025-10-06,,Sandvikens IF,Örgryte,1,1,D,,,,,,,,,,,,,,,,,,,,,,,,,,,,,,,,,,,,,,,,,,,,,,,,,,,,,,,,,,,,,,,,,,,,,,,,,,,,,,,,,,,,,,,,,,,
spelad,SE2,2025/26,2025-10-18,2025-10-18T15:00:00+00:00,Falkenbergs FF,Örgryte,3,0,H,,,6,6,,,,Kaspar Sjoberg,0,5,,,0,1,0,0,,,,,,,,,,,,,,,,,,,,,,,,,,,,,,,,,,,,,,,,,,,,,,,48,52,,,,,0,3,,,,,,,,,,,73,137,,,0,0,4-4-2,3-4-3,Falcon Alkoholfri Arena,3559,365
spelad,SE2,2025/26,2025-10-18,2025-10-18T13:00:00+00:00,Kalmar FF,IK Oddevold,3,2,H,,,12,10,,,,Jasmin Svraka,1,2,,,1,1,0,0,,,,,,,,,,,,,,,,,,,,,,,,,,,,,,,,,,,,,,,,,,,,,,,49,51,,,,,0,6,,,,,,,,,,,68,72,,,0,1,4-2-3-1,4-2-3-1,Guldfågeln,,365
spelad,SE2,2025/26,2025-10-18,2025-10-18T13:00:00+00:00,Varbergs BoIS FC,Sandvikens IF,0,0,D,,,13,7,,,,Rinon Hasani,2,2,,,3,1,0,0,,,,,,,,,,,,,,,,,,,,,,,,,,,,,,,,,,,,,,,,,,,,,,,49,51,,,,,2,0,,,,,,,,,,,88,93,,,0,0,4-3-3,4-2-3-1,Paskbergsvallen,,365
spelad,SE2,2025/26,2025-10-18,2025-10-18T11:00:00+00:00,Västerås SK,GIF Sundsvall,2,1,H,,,23,7,,,,Erik Mattsson,7,1,,,1,2,0,0,,,,,,,,,,,,,,,,,,,,,,,,,,,,,,,,,,,,,,,,,,,,,,,60,40,,,,,3,1,,,,,,,,,,,56,39,,,0,1,3-4-3,4-4-2,Iver Arena,,365
spelad,SE2,2025/26,2025-10-18,2025-10-18T13:00:00+00:00,Östersunds FK,IK Brage,1,0,H,,,11,12,,,,Fredrik Alknäs,7,6,,,1,0,0,0,,,,,,,,,,,,,,,,,,,,,,,,,,,,,,,,,,,,,,,,,,,,,,,46,54,,,,,4,2,,,,,,,,,,,84,111,,,0,0,4-4-2,4-2-3-1,Jämtkraft Arena,,365
spelad,SE2,2025/26,2025-10-19,2025-10-19T13:00:00+00:00,Helsingborg,Örebro,3,2,H,,,18,15,,,,Adi Aganovic,6,6,,,2,2,0,0,,,,,,,,,,,,,,,,,,,,,,,,,,,,,,,,,,,,,,,,,,,,,,,49,51,,,,,0,0,,,,,,,,,,,0,0,,,0,1,4-4-2,4-3-3,Olympia,,365
spelad,SE2,2025/26,2025-10-19,2025-10-19T13:00:00+00:00,Landskrona BoIS,Umeå,1,3,A,,,7,10,,,,Per Martin Melin,11,0,,,1,1,0,0,,,,,,,,,,,,,,,,,,,,,,,,,,,,,,,,,,,,,,,,,,,,,,,62,38,,,,,1,1,,,,,,,,,,,85,61,,,1,1,4-2-3-1,5-4-1,Landskrona Idrottsplats,,365
spelad,SE2,2025/26,2025-10-19,2025-10-19T11:00:00+00:00,Utsiktens BK,Trelleborgs FF,3,1,H,,,1,1,,,,Fredrick Oppong,4,6,,,1,0,0,0,,,,,,,,,,,,,,,,,,,,,,,,,,,,,,,,,,,,,,,,,,,,,,,45,55,,,,,0,0,,,,,,,,,,,71,87,,,1,0,4-3-3,4-3-3,Bravida,,365
spelad,SE2,2025/26,2025-10-24,2025-10-24T17:00:00+00:00,Örgryte,Västerås SK,0,2,A,10,10,6,5,,,,Fredrik Alknäs,6,4,,,3,2,0,0,,,,,,,,,,,,,,,,,,,,,,,,,,,,,,,,,,,,,,,,,,,,,,,51,49,,,,,1,1,,,,,,,,,,,126,102,,,0,1,3-4-3,3-4-3,Gamla Ullevi,7373,365
spelad,SE2,2025/26,2025-10-25,2025-10-25T13:00:00+00:00,GIF Sundsvall,Kalmar FF,0,2,A,4,14,3,11,,,,Fredrick Oppong,4,8,,,0,0,0,0,,,,,,,,,,,,,,,,,,,,,,,,,,,,,,,,,,,,,,,,,,,,,,,49,51,,,,,2,2,,,,,,,,,,,77,99,,,0,0,4-4-2,4-2-3-1,NP3 Arena,,365
spelad,SE2,2025/26,2025-10-25,2025-10-25T13:00:00+00:00,IK Brage,Helsingborg,3,2,H,24,10,20,9,,,,Farouk Ben Ahmed Nehdi,2,7,,,1,0,0,0,,,,,,,,,,,,,,,,,,,,,,,,,,,,,,,,,,,,,,,,,,,,,,,53,47,,,,,3,1,,,,,,,,,,,100,92,,,2,2,4-4-2,4-4-2,Borlänge Energi Arena Domnarvsvallen,,365
spelad,SE2,2025/26,2025-10-25,2025-10-25T13:00:00+00:00,IK Oddevold,Östersunds FK,0,0,D,6,4,4,2,,,,Kaspar Sjoberg,7,4,,,1,3,0,0,,,,,,,,,,,,,,,,,,,,,,,,,,,,,,,,,,,,,,,,,,,,,,,58,42,,,,,7,2,,,,,,,,,,,66,25,,,0,0,5-4-1,4-2-3-1,Rimnersvallen,,365
spelad,SE2,2025/26,2025-10-25,2025-10-25T13:00:00+00:00,Sandvikens IF,Utsiktens BK,3,1,H,21,24,19,19,,,,Jasmin Svraka,7,3,,,2,3,0,1,,,,,,,,,,,,,,,,,,,,,,,,,,,,,,,,,,,,,,,,,,,,,,,51,49,,,,,1,1,,,,,,,,,,,101,90,,,1,1,4-3-3,4-4-2,Arena Jernvallen,,365
spelad,SE2,2025/26,2025-10-25,2025-10-25T11:00:00+00:00,Umeå,Varbergs BoIS FC,2,2,D,12,12,9,9,,,,Philip Lindh,5,7,,,3,3,0,0,,,,,,,,,,,,,,,,,,,,,,,,,,,,,,,,,,,,,,,,,,,,,,,50,50,,,,,1,1,,,,,,,,,,,103,103,,,1,1,5-4-1,4-3-3,Umeå Energi Arena SOL,,365
spelad,SE2,2025/26,2025-10-26,2025-10-26T12:00:00+00:00,Trelleborgs FF,Falkenbergs FF,1,1,D,15,7,2,4,,,,Magnus Lindgren,5,2,,,2,1,0,1,,,,,,,,,,,,,,,,,,,,,,,,,,,,,,,,,,,,,,,,,,,,,,,51,49,,,,,5,0,,,,,,,,,,,104,93,,,0,1,4-3-3,4-4-2,Vångavallen,,365
spelad,SE2,2025/26,2025-10-26,2025-10-26T14:00:00+00:00,Örebro,Landskrona BoIS,1,2,A,11,8,4,5,,,,Erik Mattsson,3,3,,,1,1,0,0,,,,,,,,,,,,,,,,,,,,,,,,,,,,,,,,,,,,,,,,,,,,,,,49,51,,,,,3,1,,,,,,,,,,,81,83,,,1,1,4-4-2,4-2-3-1,Behrn Arena,,365
spelad,SE2,2025/26,2025-11-01,2025-11-01T12:00:00+00:00,Falkenbergs FF,Västerås SK,0,1,A,5,8,1,3,,,,Farouk Ben Ahmed Nehdi,2,3,,,2,1,0,0,,,,,,,,,,,,,,,,,,,,,,,,,,,,,,,,,,,,,,,,,,,,,,,44,56,,,,,3,0,,,,,,,,,,,70,68,,,0,0,4-4-2,3-4-3,Falcon Alkoholfri Arena,,365
spelad,SE2,2025/26,2025-11-01,2025-11-01T14:00:00+00:00,Helsingborg,GIF Sundsvall,1,1,D,16,8,5,3,,,,Jasmin Svraka,7,3,,,2,3,0,0,,,,,,,,,,,,,,,,,,,,,,,,,,,,,,,,,,,,,,,,,,,,,,,48,52,,,,,1,1,,,,,,,,,,,62,76,,,1,0,4-4-2,5-3-2,Olympia,,365
spelad,SE2,2025/26,2025-11-01,2025-11-01T14:00:00+00:00,Umeå,Sandvikens IF,1,2,A,10,13,8,12,,,,Magnus Lindgren,4,4,,,4,2,0,0,,,,,,,,,,,,,,,,,,,,,,,,,,,,,,,,,,,,,,,,,,,,,,,44,56,,,,,0,0,,,,,,,,,,,42,58,,,1,0,5-4-1,4-3-3,Umeå Energi Arena SOL,,365
spelad,SE2,2025/26,2025-11-01,2025-11-01T14:00:00+00:00,Varbergs BoIS FC,IK Brage,1,2,A,20,9,16,9,,,,Fredrick Oppong,7,2,,,1,0,0,0,,,,,,,,,,,,,,,,,,,,,,,,,,,,,,,,,,,,,,,,,,,,,,,54,46,,,,,2,0,,,,,,,,,,,96,98,,,0,1,4-3-3,4-4-2,Paskbergsvallen,,365
spelad,SE2,2025/26,2025-11-01,2025-11-01T12:00:00+00:00,Örgryte,Kalmar FF,0,2,A,6,4,1,3,,,,Erik Mattsson,10,7,,,1,2,1,0,,,,,,,,,,,,,,,,,,,,,,,,,,,,,,,,,,,,,,,,,,,,,,,54,46,,,,,2,0,,,,,,,,,,,107,68,,,0,1,3-4-3,4-3-3,Gamla Ullevi,7988,365
spelad,SE2,2025/26,2025-11-01,2025-11-01T14:00:00+00:00,Östersunds FK,Trelleborgs FF,2,0,H,19,14,16,10,,,,Fredrik Alknäs,2,3,,,1,0,0,1,,,,,,,,,,,,,,,,,,,,,,,,,,,,,,,,,,,,,,,,,,,,,,,48,52,,,,,4,1,,,,,,,,,,,103,113,,,2,0,4-2-3-1,4-3-3,Jämtkraft Arena,1746,365
spelad,SE2,2025/26,2025-11-02,2025-11-02T14:00:00+00:00,Örebro,Utsiktens BK,2,1,H,14,7,8,1,,,,Kaspar Sjoberg,8,3,,,2,2,0,0,,,,,,,,,,,,,,,,,,,,,,,,,,,,,,,,,,,,,,,,,,,,,,,57,43,,,,,1,1,,,,,,,,,,,169,147,,,0,0,5-3-2,4-4-2,Behrn Arena,,365
spelad,SE2,2025/26,2025-11-03,2025-11-03T18:00:00+00:00,Landskrona BoIS,IK Oddevold,2,2,D,9,5,7,4,,,,Rinon Hasani,3,1,,,2,1,0,0,,,,,,,,,,,,,,,,,,,,,,,,,,,,,,,,,,,,,,,,,,,,,,,55,45,,,,,1,2,,,,,,,,,,,0,0,,,2,1,4-2-3-1,3-5-2,Landskrona Idrottsplats,3019,365
spelad,SE2,2025/26,2025-11-08,2025-11-08T14:00:00+00:00,GIF Sundsvall,Örgryte,1,1,D,16,17,12,13,,,,Farouk Ben Ahmed Nehdi,9,8,,,2,0,0,0,,,,,,,,,,,,,,,,,,,,,,,,,,,,,,,,,,,,,,,,,,,,,,,47,53,,,,,0,0,,,,,,,,,,,79,80,,,0,0,5-4-1,3-4-3,NP3 Arena,,365
spelad,SE2,2025/26,2025-11-08,2025-11-08T14:00:00+00:00,IK Brage,Landskrona BoIS,4,1,H,21,3,16,3,,,,Jasmin Svraka,7,6,,,2,2,0,1,,,,,,,,,,,,,,,,,,,,,,,,,,,,,,,,,,,,,,,,,,,,,,,53,47,,,,,2,2,,,,,,,,,,,58,66,,,0,1,4-4-2,4-1-2-1-2,Borlänge Energi Arena Domnarvsvallen,,365
spelad,SE2,2025/26,2025-11-08,2025-11-08T14:00:00+00:00,IK Oddevold,Helsingborg,1,4,A,8,13,5,8,,,,Magnus Lindgren,6,6,,,1,0,0,0,,,,,,,,,,,,,,,,,,,,,,,,,,,,,,,,,,,,,,,,,,,,,,,58,42,,,,,1,1,,,,,,,,,,,105,74,,,1,1,3-5-2,4-4-2,Rimnersvallen,,365
spelad,SE2,2025/26,2025-11-08,2025-11-08T14:00:00+00:00,Kalmar FF,Falkenbergs FF,1,2,A,30,12,20,9,,,,Fredrick Oppong,10,0,,,0,1,0,0,,,,,,,,,,,,,,,,,,,,,,,,,,,,,,,,,,,,,,,,,,,,,,,64,36,,,,,1,0,,,,,,,,,,,82,51,,,1,2,4-4-2,4-4-2,Guldfågeln,6789,365
spelad,SE2,2025/26,2025-11-08,2025-11-08T14:00:00+00:00,Sandvikens IF,Östersunds FK,5,0,H,27,9,24,7,,,,Per Martin Melin,4,3,,,3,2,0,0,,,,,,,,,,,,,,,,,,,,,,,,,,,,,,,,,,,,,,,,,,,,,,,63,37,,,,,2,0,,,,,,,,,,,95,75,,,2,0,4-3-3,4-2-3-1,Arena Jernvallen,,365
spelad,SE2,2025/26,2025-11-08,2025-11-08T14:00:00+00:00,Trelleborgs FF,Örebro,1,1,D,19,14,14,10,,,,Rinon Hasani,8,2,,,4,4,0,0,,,,,,,,,,,,,,,,,,,,,,,,,,,,,,,,,,,,,,,,,,,,,,,60,40,,,,,1,0,,,,,,,,,,,124,126,,,0,0,4-3-3,5-3-2,Vångavallen,,365
spelad,SE2,2025/26,2025-11-08,2025-11-08T14:00:00+00:00,Utsiktens BK,Umeå,1,4,A,13,26,9,20,,,,Fredrik Alknäs,3,7,,,4,1,0,0,,,,,,,,,,,,,,,,,,,,,,,,,,,,,,,,,,,,,,,,,,,,,,,46,54,,,,,1,0,,,,,,,,,,,85,79,,,1,2,4-4-2,5-4-1,Bravida,,365
spelad,SE2,2025/26,2025-11-08,2025-11-08T14:00:00+00:00,Västerås SK,Varbergs BoIS FC,4,1,H,29,16,24,12,,,,Kaspar Sjoberg,6,5,,,1,0,0,0,,,,,,,,,,,,,,,,,,,,,,,,,,,,,,,,,,,,,,,,,,,,,,,57,43,,,,,3,2,,,,,,,,,,,90,74,,,0,1,3-4-3,4-3-3,Hitachi Energy Arena,,365
spelad,SE2,2026/27,2026-04-03,2026-04-03T13:00:00+00:00,Helsingborg,Östers IF,4,1,H,9,11,8,5,,,,Farouk Ben Ahmed Nehdi,4,8,,,1,0,0,0,,,,,,,,,,,,,,,,,,,,,,,,,,,,,,,,,,,,,,,,,,,,,,,52,48,,,,,2,1,,,,,,,,,,,69,81,,,2,1,4-4-2,4-3-3,Olympia,9868,365
spelad,SE2,2026/27,2026-04-04,2026-04-04T10:30:00+00:00,IFK Norrköping,IFK Värnamo,6,0,H,16,6,12,4,,,,Fredrick Oppong,4,4,,,0,1,0,0,,,,,,,,,,,,,,,,,,,,,,,,,,,,,,,,,,,,,,,,,,,,,,,51,49,,,,,1,3,,,,,,,,,,,87,95,,,4,0,4-3-3,4-3-3,PlatinumCars Arena,7523,365
spelad,SE2,2026/27,2026-04-05,2026-04-05T13:00:00+00:00,Norrby,IK Brage,0,1,A,7,10,3,3,,,,Rinon Hasani,4,2,,,2,1,1,0,,,,,,,,,,,,,,,,,,,,,,,,,,,,,,,,,,,,,,,,,,,,,,,50,50,,,,,3,1,,,,,,,,,,,91,96,,,0,0,4-4-2,4-3-3,Borås Arena,349,365
spelad,SE2,2026/27,2026-04-06,2026-04-06T11:00:00+00:00,Falkenbergs FF,Ljungskile,1,1,D,4,9,1,4,,,,Jasmin Svraka,5,5,,,2,1,0,0,,,,,,,,,,,,,,,,,,,,,,,,,,,,,,,,,,,,,,,,,,,,,,,50,50,,,,,1,1,,,,,,,,,,,82,80,,,1,0,4-4-2,4-2-3-1,Falcon Alkoholfri Arena,2047,365
spelad,SE2,2026/27,2026-04-06,2026-04-06T11:00:00+00:00,GIF Sundsvall,Nordic United FC,3,2,H,,,,,,,,Max Persson,,,,,4,3,0,0,,,,,,,,,,,,,,,,,,,,,,,,,,,,,,,,,,,,,,,,,,,,,,,,,,,,,,,,,,,,,,,,,,,,,0,1,4-4-2,5-4-1,NP3 Arena,1770,365
spelad,SE2,2026/27,2026-04-06,2026-04-06T13:00:00+00:00,Varbergs BoIS FC,Östersunds FK,1,2,A,8,6,2,1,,,,Fredrik Alknäs,2,4,,,1,1,0,0,,,,,,,,,,,,,,,,,,,,,,,,,,,,,,,,,,,,,,,,,,,,,,,52,48,,,,,0,1,,,,,,,,,,,43,41,,,1,1,4-3-3,5-3-2,Paskbergsvallen,1381,365
spelad,SE2,2026/27,2026-04-06,2026-04-06T13:00:00+00:00,Örebro,Landskrona BoIS,1,0,H,3,14,2,6,,,,Tess Olofsson,2,12,,,0,2,0,0,,,,,,,,,,,,,,,,,,,,,,,,,,,,,,,,,,,,,,,,,,,,,,,41,59,,,,,1,1,,,,,,,,,,,48,67,,,0,0,4-3-3,4-2-3-1,Behrn Arena,7236,365
spelad,SE2,2026/27,2026-04-07,2026-04-07T17:00:00+00:00,IK Oddevold,Sandvikens IF,2,2,D,11,8,6,5,,,,Richard Sundell,5,3,,,0,1,0,0,,,,,,,,,,,,,,,,,,,,,,,,,,,,,,,,,,,,,,,,,,,,,,,47,53,,,,,0,3,,,,,,,,,,,84,65,,,1,0,3-4-3,4-4-2,Rimnersvallen,411,365
spelad,SE2,2026/27,2026-04-11,2026-04-11T11:00:00+00:00,Ljungskile,IFK Norrköping,0,1,A,15,6,7,3,,,,Niclas Karlsson,13,1,,,2,2,0,0,,,,,,,,,,,,,,,,,,,,,,,,,,,,,,,,,,,,,,,,,,,,,,,44,56,,,,,2,0,,,,,,,,,,,99,81,,,0,1,4-2-3-1,4-3-3,Uddevalla Arena,1338,365
spelad,SE2,2026/27,2026-04-11,2026-04-11T13:00:00+00:00,Nordic United FC,Helsingborg,3,1,H,,,,,,,,Jasmin Svraka,,,,,1,1,0,0,,,,,,,,,,,,,,,,,,,,,,,,,,,,,,,,,,,,,,,,,,,,,,,,,,,,,,,,,,,,,,,,,,,,,0,0,4-4-2,4-2-3-1,Södertälje Fotbollsarena,,365
spelad,SE2,2026/27,2026-04-11,2026-04-11T11:00:00+00:00,Östers IF,Örebro,0,0,D,4,8,2,4,,,,Oscar Johnson,2,5,,,4,2,0,0,,,,,,,,,,,,,,,,,,,,,,,,,,,,,,,,,,,,,,,,,,,,,,,46,54,,,,,1,0,,,,,,,,,,,0,0,,,0,0,4-3-3,4-2-3-1,Visma Arena,,365
spelad,SE2,2026/27,2026-04-11,2026-04-11T15:00:00+00:00,Östersunds FK,Norrby,1,1,D,8,11,3,5,,,,Max Persson,5,6,,,1,0,0,0,,,,,,,,,,,,,,,,,,,,,,,,,,,,,,,,,,,,,,,,,,,,,,,58,42,,,,,0,0,,,,,,,,,,,106,60,,,1,0,3-5-2,4-4-2,Jämtkraft Arena,,365
spelad,SE2,2026/27,2026-04-12,2026-04-12T13:00:00+00:00,IK Brage,IK Oddevold,3,4,A,9,9,5,7,,,,Fredrik Alknäs,7,6,,,3,4,0,1,,,,,,,,,,,,,,,,,,,,,,,,,,,,,,,,,,,,,,,,,,,,,,,43,57,,,,,0,0,,,,,,,,,,,76,75,,,1,3,4-1-4-1,3-4-3,Borlänge Energi Arena Domnarvsvallen,1915,365
spelad,SE2,2026/27,2026-04-12,2026-04-12T13:00:00+00:00,Landskrona BoIS,Falkenbergs FF,1,2,A,6,12,3,8,,,,F. Oppong,0,4,,,1,0,0,0,,,,,,,,,,,,,,,,,,,,,,,,,,,,,,,,,,,,,,,,,,,,,,,51,49,,,,,2,0,,,,,,,,,,,73,72,,,1,1,4-2-3-1,4-4-2,Landskrona IP,3488,365
spelad,SE2,2026/27,2026-04-12,2026-04-12T15:00:00+00:00,Sandvikens IF,Varbergs BoIS FC,2,2,D,8,4,7,3,,,,Farouk Ben Ahmed Nehdi,2,7,,,2,2,0,0,,,,,,,,,,,,,,,,,,,,,,,,,,,,,,,,,,,,,,,,,,,,,,,56,44,,,,,0,0,,,,,,,,,,,51,40,,,1,2,4-4-2,4-3-3,Arena Jernvallen,1372,365
spelad,SE2,2026/27,2026-04-14,2026-04-14T17:00:00+00:00,IFK Värnamo,GIF Sundsvall,3,0,H,8,4,5,0,,,,Rinon Hasani,7,5,,,3,2,0,0,,,,,,,,,,,,,,,,,,,,,,,,,,,,,,,,,,,,,,,,,,,,,,,61,39,,,,,2,2,,,,,,,,,,,74,67,,,1,0,4-2-3-1,4-4-2,Finnvedsvallen,1002,365
spelad,SE2,2026/27,2026-04-18,2026-04-18T15:00:00+00:00,Landskrona BoIS,Ljungskile,1,0,H,7,8,1,3,,,,Fredrik Alknäs,1,6,,,3,3,0,0,,,,,,,,,,,,,,,,,,,,,,,,,,,,,,,,,,,,,,,,,,,,,,,58,42,,,,,2,0,,,,,,,,,,,92,97,,,0,0,4-2-3-1,4-2-3-1,Landskrona IP,1973,365
spelad,SE2,2026/27,2026-04-18,2026-04-18T13:00:00+00:00,Sandvikens IF,IFK Värnamo,0,1,A,6,6,1,2,,,,Mohammed Al-Hakim,5,5,,,3,0,0,0,,,,,,,,,,,,,,,,,,,,,,,,,,,,,,,,,,,,,,,,,,,,,,,47,53,,,,,1,0,,,,,,,,,,,135,121,,,0,0,4-4-2,4-4-2,Arena Jernvallen,1342,365
spelad,SE2,2026/27,2026-04-18,2026-04-18T11:00:00+00:00,Varbergs BoIS FC,Nordic United FC,4,1,H,,,,,,,,Rinon Hasani,,,,,3,3,0,0,,,,,,,,,,,,,,,,,,,,,,,,,,,,,,,,,,,,,,,,,,,,,,,,,,,,,,,,,,,,,,,,,,,,,2,1,4-3-3,5-4-1,Varberg Energi Arena,1267,365
spelad,SE2,2026/27,2026-04-19,2026-04-19T13:00:00+00:00,Helsingborg,Östersunds FK,2,1,H,11,13,4,6,,,,Niclas Karlsson,7,8,,,3,1,0,0,,,,,,,,,,,,,,,,,,,,,,,,,,,,,,,,,,,,,,,,,,,,,,,56,44,,,,,4,1,,,,,,,,,,,110,123,,,1,0,4-4-2,4-4-2,Olympia,5618,365
spelad,SE2,2026/27,2026-04-19,2026-04-19T11:00:00+00:00,Norrby,Falkenbergs FF,2,2,D,11,7,7,3,,,,Fredrick Oppong,8,1,,,1,2,0,0,,,,,,,,,,,,,,,,,,,,,,,,,,,,,,,,,,,,,,,,,,,,,,,50,50,,,,,1,1,,,,,,,,,,,96,86,,,2,1,4-4-2,4-4-2,Borås Arena,463,365
spelad,SE2,2026/27,2026-04-20,2026-04-20T17:05:00+00:00,GIF Sundsvall,IK Brage,1,2,A,4,7,1,3,,,,Jasmin Svraka,5,1,,,4,2,0,0,,,,,,,,,,,,,,,,,,,,,,,,,,,,,,,,,,,,,,,,,,,,,,,57,43,,,,,0,0,,,,,,,,,,,218,176,,,0,1,4-4-2,4-3-3,NP3 Arena,1778,365
spelad,SE2,2026/27,2026-04-20,2026-04-20T17:00:00+00:00,IK Oddevold,Östers IF,1,2,A,14,12,8,5,,,,Max Persson,8,6,,,1,1,0,0,,,,,,,,,,,,,,,,,,,,,,,,,,,,,,,,,,,,,,,,,,,,,,,52,48,,,,,0,0,,,,,,,,,,,75,98,,,1,0,3-4-3,4-3-3,Rimnersvallen,407,365
spelad,SE2,2026/27,2026-04-21,2026-04-21T17:00:00+00:00,Örebro,IFK Norrköping,2,1,H,8,9,6,3,,,,Victor Wolf,3,4,,,4,0,0,0,,,,,,,,,,,,,,,,,,,,,,,,,,,,,,,,,,,,,,,,,,,,,,,51,49,,,,,2,0,,,,,,,,,,,135,161,,,1,1,4-3-3,3-4-3,Behrn Arena,11712,365
spelad,SE2,2026/27,2026-04-24,2026-04-24T17:00:00+00:00,Ljungskile,Helsingborg,4,1,H,16,6,9,3,,,,Rinon Hasani,7,3,,,2,2,0,1,,,,,,,,,,,,,,,,,,,,,,,,,,,,,,,,,,,,,,,,,,,,,,,54,46,,,,,2,1,,,,,,,,,,,94,75,,,0,1,4-2-3-1,4-4-2,Uddevalla Arena Konstgräs,1303,365
spelad,SE2,2026/27,2026-04-25,2026-04-25T13:00:00+00:00,Falkenbergs FF,GIF Sundsvall,1,0,H,5,5,3,2,,,,Niclas Karlsson,7,4,,,1,0,1,0,,,,,,,,,,,,,,,,,,,,,,,,,,,,,,,,,,,,,,,,,,,,,,,54,46,,,,,1,0,,,,,,,,,,,178,130,,,1,0,4-4-2,5-3-2,Falcon Alkoholfri Arena,1822,365
spelad,SE2,2026/27,2026-04-25,2026-04-25T15:00:00+00:00,Nordic United FC,Sandvikens IF,2,1,H,,,,,,,,Fredrick Oppong,,,,,2,1,0,0,,,,,,,,,,,,,,,,,,,,,,,,,,,,,,,,,,,,,,,,,,,,,,,,,,,,,,,,,,,,,,,,,,,,,1,1,4-4-2,4-4-2,Södertälje Fotbollsarena,342,365
spelad,SE2,2026/27,2026-04-25,2026-04-25T15:00:00+00:00,Örebro,Norrby,1,1,D,6,7,3,2,,,,Jasmin Svraka,5,3,,,2,2,0,0,,,,,,,,,,,,,,,,,,,,,,,,,,,,,,,,,,,,,,,,,,,,,,,61,39,,,,,0,2,,,,,,,,,,,98,80,,,0,1,4-4-2,4-4-2,Behrn Arena,5872,365
spelad,SE2,2026/27,2026-04-25,2026-04-25T11:00:00+00:00,Östers IF,Östersunds FK,1,0,H,4,10,2,5,,,,Fredrik Alknäs,3,10,,,2,3,0,1,,,,,,,,,,,,,,,,,,,,,,,,,,,,,,,,,,,,,,,,,,,,,,,46,54,,,,,1,1,,,,,,,,,,,148,118,,,0,0,4-3-3,3-4-3,Visma Arena,2665,365
spelad,SE2,2026/27,2026-04-26,2026-04-26T11:00:00+00:00,IFK Värnamo,IK Oddevold,3,1,H,11,5,6,3,,,,Kristoffer Karlsson,2,7,,,1,2,0,0,,,,,,,,,,,,,,,,,,,,,,,,,,,,,,,,,,,,,,,,,,,,,,,51,49,,,,,4,4,,,,,,,,,,,96,125,,,1,1,3-4-3,3-4-3,Finnvedsvallen,1151,365
spelad,SE2,2026/27,2026-04-26,2026-04-26T13:00:00+00:00,IK Brage,Varbergs BoIS FC,2,2,D,6,4,4,2,,,,Oscar Johnson,3,2,,,2,3,0,0,,,,,,,,,,,,,,,,,,,,,,,,,,,,,,,,,,,,,,,,,,,,,,,52,48,,,,,2,1,,,,,,,,,,,75,62,,,0,2,4-3-3,4-3-3,Borlänge Energi Arena Domnarvsvallen,1617,365
spelad,SE2,2026/27,2026-04-28,2026-04-28T17:00:00+00:00,IFK Norrköping,Landskrona BoIS,1,3,A,6,6,2,5,,,,Farouk Ben Ahmed Nehdi,12,3,,,0,4,0,0,,,,,,,,,,,,,,,,,,,,,,,,,,,,,,,,,,,,,,,,,,,,,,,50,50,,,,,1,1,,,,,,,,,,,90,88,,,1,1,4-3-3,4-2-3-1,PlatinumCars Arena,5816,365
spelad,SE2,2026/27,2026-05-02,2026-05-02T15:00:00+00:00,GIF Sundsvall,IK Oddevold,1,3,A,11,10,6,6,,,,Glenn Nyberg (Sweden),5,5,,,1,1,0,0,,,,,,,,,,,,,,,,,,,,,,,,,,,,,,,,,,,,,,,,,,,,,,,48,52,,,,,1,3,,,,,,,,,,,22,38,,,0,1,4-4-2,3-4-3,NP3 Arena,1851,365
spelad,SE2,2026/27,2026-05-02,2026-05-02T11:00:00+00:00,Ljungskile,Nordic United FC,0,2,A,,,,,,,,Max Persson,,,,,1,3,0,0,,,,,,,,,,,,,,,,,,,,,,,,,,,,,,,,,,,,,,,,,,,,,,,,,,,,,,,,,,,,,,,,,,,,,0,0,4-2-3-1,3-4-3,Uddevalla Arena Konstgräs,1100,365
spelad,SE2,2026/27,2026-05-02,2026-05-02T13:00:00+00:00,Sandvikens IF,Norrby,2,2,D,6,7,4,6,,,,Fredrik Alknäs,9,3,,,1,0,1,0,,,,,,,,,,,,,,,,,,,,,,,,,,,,,,,,,,,,,,,,,,,,,,,62,38,,,,,0,0,,,,,,,,,,,35,27,,,1,2,4-4-2,4-4-2,Arena Jernvallen,1123,365
spelad,SE2,2026/27,2026-05-02,2026-05-02T13:00:00+00:00,Varbergs BoIS FC,Örebro,0,0,D,1,2,0,2,,,,Farouk Ben Ahmed Nehdi,8,2,,,1,3,0,0,,,,,,,,,,,,,,,,,,,,,,,,,,,,,,,,,,,,,,,,,,,,,,,81,19,,,,,0,0,,,,,,,,,,,5,4,,,0,0,4-3-3,4-2-3-1,Paskbergsvallen,1786,365
spelad,SE2,2026/27,2026-05-03,2026-05-03T13:00:00+00:00,Helsingborg,IK Brage,2,0,H,7,11,4,3,,,,Fredrick Oppong,7,8,,,2,0,0,0,,,,,,,,,,,,,,,,,,,,,,,,,,,,,,,,,,,,,,,,,,,,,,,43,57,,,,,1,4,,,,,,,,,,,170,184,,,1,0,4-4-2,4-3-3,Olympia,6194,365
spelad,SE2,2026/27,2026-05-03,2026-05-03T11:00:00+00:00,Östersunds FK,IFK Värnamo,3,2,H,16,8,8,2,,,,Jasmin Svraka,6,3,,,3,1,0,0,,,,,,,,,,,,,,,,,,,,,,,,,,,,,,,,,,,,,,,,,,,,,,,55,45,,,,,2,0,,,,,,,,,,,92,74,,,3,0,4-3-3,4-4-2,Jämtkraft Arena,1848,365
spelad,SE2,2026/27,2026-05-04,2026-05-04T17:05:00+00:00,Landskrona BoIS,Östers IF,2,2,D,12,12,8,5,,,,Niclas Karlsson,6,5,,,4,2,0,0,,,,,,,,,,,,,,,,,,,,,,,,,,,,,,,,,,,,,,,,,,,,,,,51,49,,,,,0,0,,,,,,,,,,,48,31,,,2,1,4-2-3-1,4-3-3,Landskrona IP,2748,365
spelad,SE2,2026/27,2026-05-05,2026-05-05T17:00:00+00:00,Falkenbergs FF,IFK Norrköping,1,0,H,10,9,5,5,,,,Rambod Beigi,7,7,,,1,0,0,0,,,,,,,,,,,,,,,,,,,,,,,,,,,,,,,,,,,,,,,,,,,,,,,47,53,,,,,1,3,,,,,,,,,,,65,80,,,0,0,4-4-2,4-3-3,Falcon Alkoholfri Arena,2361,365
spelad,SE2,2026/27,2026-05-08,2026-05-08T17:00:00+00:00,Varbergs BoIS FC,IFK Värnamo,3,2,H,19,5,8,2,,,,Rinon Hasani,9,1,,,4,2,0,1,,,,,,,,,,,,,,,,,,,,,,,,,,,,,,,,,,,,,,,,,,,,,,,58,42,,,,,0,0,,,,,,,,,,,99,95,,,1,0,4-3-3,4-4-2,Paskbergsvallen,1712,365
spelad,SE2,2026/27,2026-05-08,2026-05-08T17:00:00+00:00,Örebro,IK Brage,0,3,A,11,7,5,5,,,,Fredrik Alknäs,5,5,,,2,3,0,0,,,,,,,,,,,,,,,,,,,,,,,,,,,,,,,,,,,,,,,,,,,,,,,52,48,,,,,0,3,,,,,,,,,,,69,63,,,0,0,4-4-2,4-3-3,Behrn Arena,5712,365
spelad,SE2,2026/27,2026-05-09,2026-05-09T15:00:00+00:00,GIF Sundsvall,IFK Norrköping,1,3,A,0,0,0,0,,,,Max Persson,1,10,,,1,2,0,0,,,,,,,,,,,,,,,,,,,,,,,,,,,,,,,,,,,,,,,,,,,,,,,50,50,,,,,2,1,,,,,,,,,,,14,56,,,0,1,5-4-1,4-4-2,NP3 Arena,2277,365
spelad,SE2,2026/27,2026-05-09,2026-05-09T11:00:00+00:00,IK Oddevold,Landskrona BoIS,1,1,D,0,0,0,0,,,,Jasmin Svraka,4,4,,,1,1,0,0,,,,,,,,,,,,,,,,,,,,,,,,,,,,,,,,,,,,,,,,,,,,,,,50,50,,,,,1,0,,,,,,,,,,,0,0,,,1,0,3-4-3,4-2-3-1,Rimnersvallen,1112,365
spelad,SE2,2026/27,2026-05-09,2026-05-09T11:00:00+00:00,Nordic United FC,Östers IF,4,2,H,,,,,,,,Rambod Beigi,,,,,2,2,0,0,,,,,,,,,,,,,,,,,,,,,,,,,,,,,,,,,,,,,,,,,,,,,,,,,,,,,,,,,,,,,,,,,,,,,1,1,4-4-2,4-3-3,Södertälje Fotbollsarena,369,365
spelad,SE2,2026/27,2026-05-09,2026-05-09T13:00:00+00:00,Norrby,Helsingborg,3,3,D,10,9,7,7,,,,Adi Aganovic,1,6,,,1,1,0,0,,,,,,,,,,,,,,,,,,,,,,,,,,,,,,,,,,,,,,,,,,,,,,,46,54,,,,,3,1,,,,,,,,,,,95,91,,,2,0,4-4-2,4-4-2,Borås Arena,1031,365
spelad,SE2,2026/27,2026-05-09,2026-05-09T15:00:00+00:00,Sandvikens IF,Ljungskile,1,0,H,0,0,0,0,,,,Richard Sundell,5,7,,,2,4,1,0,,,,,,,,,,,,,,,,,,,,,,,,,,,,,,,,,,,,,,,,,,,,,,,50,50,,,,,1,3,,,,,,,,,,,76,77,,,1,0,4-4-2,4-2-3-1,Arena Jernvallen,1157,365
spelad,SE2,2026/27,2026-05-09,2026-05-09T11:00:00+00:00,Östersunds FK,Falkenbergs FF,2,2,D,0,0,0,0,,,,Philip Lindh,7,5,,,2,0,0,0,,,,,,,,,,,,,,,,,,,,,,,,,,,,,,,,,,,,,,,,,,,,,,,60,40,,,,,2,0,,,,,,,,,,,194,80,,,0,0,5-3-2,4-4-2,Jämtkraft Arena,1635,365
spelad,SE2,2026/27,2026-05-12,2026-05-12T17:00:00+00:00,IFK Värnamo,Örebro,0,1,A,12,5,4,3,,,,Niclas Karlsson,9,2,,,2,0,0,0,,,,,,,,,,,,,,,,,,,,,,,,,,,,,,,,,,,,,,,,,,,,,,,65,35,,,,,0,1,,,3,2,,,,,,,91,67,,,0,0,3-5-2,4-4-2,Finnvedsvallen,1001,365
spelad,SE2,2026/27,2026-05-12,2026-05-12T17:00:00+00:00,Landskrona BoIS,Norrby,1,1,D,10,7,3,2,,,,Kristoffer Karlsson,4,2,,,2,1,0,0,,,,,,,,,,,,,,,,,,,,,,,,,,,,,,,,,,,,,,,,,,,,,,,67,33,,,,,2,2,,,0,1,,,,,,,89,70,,,0,1,4-2-3-1,4-4-2,Landskrona IP,2080,365
spelad,SE2,2026/27,2026-05-13,2026-05-13T17:00:00+00:00,Falkenbergs FF,Varbergs BoIS FC,0,3,A,8,10,3,3,,,,Jasmin Svraka,4,2,,,2,2,1,0,,,,,,,,,,,,,,,,,,,,,,,,,,,,,,,,,,,,,,,,,,,,,,,58,42,,,,,0,1,,,3,1,,,,,,,84,87,,,0,0,4-4-1-1,4-3-3,Falcon Alkoholfri Arena,3778,365
spelad,SE2,2026/27,2026-05-13,2026-05-13T17:00:00+00:00,Helsingborg,IK Oddevold,2,2,D,6,14,2,7,,,,Farouk Ben Ahmed Nehdi,2,4,,,5,1,0,0,,,,,,,,,,,,,,,,,,,,,,,,,,,,,,,,,,,,,,,,,,,,,,,51,49,,,,,2,4,,,1,2,,,,,,,99,91,,,0,1,4-4-2,3-4-3,Olympia,5222,365
spelad,SE2,2026/27,2026-05-13,2026-05-13T17:00:00+00:00,IFK Norrköping,Nordic United FC,1,1,D,,,,,,,,Fredrick Oppong,,,,,1,1,0,0,,,,,,,,,,,,,,,,,,,,,,,,,,,,,,,,,,,,,,,,,,,,,,,,,,,,,,,,,,,,,,,,,,,,,0,0,4-3-3,5-4-1,PlatinumCars Arena,5079,365
spelad,SE2,2026/27,2026-05-13,2026-05-13T17:00:00+00:00,IK Brage,Östersunds FK,2,4,A,6,9,4,4,,,,Rambod Beigi,1,3,,,0,2,0,0,,,,,,,,,,,,,,,,,,,,,,,,,,,,,,,,,,,,,,,,,,,,,,,50,50,,,,,6,2,,,,,,,,,,,87,86,,,1,2,4-3-3,5-4-1,Borlänge Energi Arena Domnarvsvallen,1237,365
spelad,SE2,2026/27,2026-05-13,2026-05-13T17:00:00+00:00,Östers IF,Sandvikens IF,1,0,H,12,16,2,6,,,,Rinon Hasani,5,6,,,1,3,0,0,,,,,,,,,,,,,,,,,,,,,,,,,,,,,,,,,,,,,,,,,,,,,,,50,50,,,,,1,0,,,,,,,,,,,85,92,,,0,0,4-3-3,4-4-2,Visma Arena,2262,365
spelad,SE2,2026/27,2026-05-14,2026-05-14T15:00:00+00:00,Ljungskile,GIF Sundsvall,1,0,H,12,7,2,4,,,,Fredrik Alknäs,5,6,,,0,2,0,0,,,,,,,,,,,,,,,,,,,,,,,,,,,,,,,,,,,,,,,,,,,,,,,61,39,,,,,0,2,,,3,0,,,,,,,89,70,,,1,0,4-2-3-1,4-4-2,Uddevalla Arena Konstgräs,789,365
spelad,SE2,2026/27,2026-05-16,2026-05-16T15:00:00+00:00,IK Brage,IFK Norrköping,0,0,D,6,4,3,0,,,,Erik Mattsson,12,4,,,2,2,0,0,,,,,,,,,,,,,,,,,,,,,,,,,,,,,,,,,,,,,,,,,,,,,,,47,53,,,,,3,1,,,,,,,,,,,75,65,,,0,0,4-3-3,4-3-3,Borlänge Energi Arena Domnarvsvallen,2257,365
spelad,SE2,2026/27,2026-05-17,2026-05-17T15:00:00+00:00,IFK Värnamo,Norrby,2,2,D,11,6,3,5,,,,Jasmin Svraka,6,4,,,2,3,0,0,,,,,,,,,,,,,,,,,,,,,,,,,,,,,,,,,,,,,,,,,,,,,,,54,46,,,,,0,1,,,1,0,,,,,,,74,74,,,0,0,3-5-2,4-4-2,Finnvedsvallen,935,365
spelad,SE2,2026/27,2026-05-17,2026-05-17T13:00:00+00:00,Nordic United FC,Falkenbergs FF,1,4,A,,,,,,,,Max Persson,,,,,1,0,0,0,,,,,,,,,,,,,,,,,,,,,,,,,,,,,,,,,,,,,,,,,,,,,,,,,,,,,,,,,,,,,,,,,,,,,0,2,4-4-2,4-2-3-1,Södertälje Fotbollsarena,372,365
spelad,SE2,2026/27,2026-05-17,2026-05-17T13:00:00+00:00,Östers IF,Ljungskile,1,4,A,13,10,6,6,,,,Farouk Ben Ahmed Nehdi,9,7,,,1,0,0,0,,,,,,,,,,,,,,,,,,,,,,,,,,,,,,,,,,,,,,,,,,,,,,,64,36,,,,,0,2,,,2,0,,,,,,,89,73,,,0,1,4-4-2,4-3-3,Visma Arena,2695,365
spelad,SE2,2026/27,2026-05-17,2026-05-17T11:00:00+00:00,Östersunds FK,Sandvikens IF,2,1,H,10,8,4,3,,,,Niclas Karlsson,6,2,,,1,1,0,0,,,,,,,,,,,,,,,,,,,,,,,,,,,,,,,,,,,,,,,,,,,,,,,51,49,,,,,5,1,,,,,,,,,,,81,67,,,0,0,3-3-1-3,4-4-2,Jämtkraft Arena,1790,365
spelad,SE2,2026/27,2026-05-18,2026-05-18T17:00:00+00:00,GIF Sundsvall,Landskrona BoIS,2,1,H,8,6,5,4,,,,Fredrick Oppong,3,8,,,1,1,0,0,,,,,,,,,,,,,,,,,,,,,,,,,,,,,,,,,,,,,,,,,,,,,,,35,65,,,,,2,2,,,,,,,,,,,20,47,,,1,0,4-4-2,4-2-3-1,NP3 Arena,1726,365
spelad,SE2,2026/27,2026-05-18,2026-05-18T17:05:00+00:00,IK Oddevold,Örebro,4,1,H,13,3,3,1,,,,Rinon Hasani,6,1,,,0,2,0,0,,,,,,,,,,,,,,,,,,,,,,,,,,,,,,,,,,,,,,,,,,,,,,,60,40,,,,,0,0,,,7,0,,,,,,,86,83,,,1,0,3-4-3,4-4-2,Rimnersvallen,988,365
spelad,SE2,2026/27,2026-05-19,2026-05-19T17:00:00+00:00,Helsingborg,Varbergs BoIS FC,1,3,A,9,11,3,7,,,,Fredrik Alknäs,4,6,,,2,1,0,0,,,,,,,,,,,,,,,,,,,,,,,,,,,,,,,,,,,,,,,,,,,,,,,59,41,,,,,0,0,,,2,1,,,,,,,89,87,,,1,1,3-5-1-1,4-1-4-1,Olympia,5707,365
spelad,SE2,2026/27,2026-05-23,2026-05-23T15:00:00+00:00,Falkenbergs FF,IFK Värnamo,3,1,H,11,9,4,4,,,,Fredrick Oppong,5,2,,,1,1,0,0,,,,,,,,,,,,,,,,,,,,,,,,,,,,,,,,,,,,,,,,,,,,,,,52,48,,,,,1,1,,,1,3,,,,,,,254,230,,,2,0,4-1-4-1,4-3-3,Falcon Alkoholfri Arena,1937,365
spelad,SE2,2026/27,2026-05-23,2026-05-23T13:00:00+00:00,IK Oddevold,Östersunds FK,1,0,H,8,8,4,1,,,,Fredrik Alknäs,3,8,,,2,1,0,0,,,,,,,,,,,,,,,,,,,,,,,,,,,,,,,,,,,,,,,,,,,,,,,57,43,,,,,0,1,,,,,,,,,,,64,83,,,1,0,3-4-3,5-3-2,Rimnersvallen,954,365
spelad,SE2,2026/27,2026-05-23,2026-05-23T13:00:00+00:00,Nordic United FC,IK Brage,1,0,H,,,,,,,,Rinon Hasani,,,,,0,1,0,0,,,,,,,,,,,,,,,,,,,,,,,,,,,,,,,,,,,,,,,,,,,,,,,,,,,,,,,,,,,,,,,,,,,,,0,0,4-4-2,4-4-2,Södertälje Fotbollsarena,384,365
spelad,SE2,2026/27,2026-05-23,2026-05-23T11:00:00+00:00,Norrby,Ljungskile,2,1,H,13,9,4,4,,,,Mohammed Al Hakim,4,5,,,1,1,0,0,,,,,,,,,,,,,,,,,,,,,,,,,,,,,,,,,,,,,,,,,,,,,,,42,58,,,,,1,1,,,1,3,,,,,,,88,105,,,0,1,4-4-2,4-3-3,Borås Arena,615,365
spelad,SE2,2026/27,2026-05-24,2026-05-24T15:00:00+00:00,Sandvikens IF,Landskrona BoIS,0,1,A,22,8,7,4,,,,Philip Lindh,8,1,,,0,3,0,1,,,,,,,,,,,,,,,,,,,,,,,,,,,,,,,,,,,,,,,,,,,,,,,63,37,,,,,0,0,,,,,,,,,,,90,59,,,0,1,4-4-2,4-2-3-1,Arena Jernvallen,1062,365
spelad,SE2,2026/27,2026-05-24,2026-05-24T13:00:00+00:00,Varbergs BoIS FC,GIF Sundsvall,1,0,H,15,10,6,1,,,,Rambod Beigi,6,7,,,2,3,0,0,,,,,,,,,,,,,,,,,,,,,,,,,,,,,,,,,,,,,,,,,,,,,,,48,52,,,,,0,0,,,,,,,,,,,128,126,,,0,0,4-3-3,4-4-2,Paskbergsvallen,1867,365
spelad,SE2,2026/27,2026-05-25,,IFK Norrköping,Östers IF,2,0,H,,,,,,,,,,,,,,,,,,,,,,,,,,,,,,,,,,,,,,,,,,,,,,,,,,,,,,,,,,,,,,,,,,,,,,,,,,,,,,,,,,,,,,,,,,,
spelad,SE2,2026/27,2026-05-26,2026-05-26T17:00:00+00:00,Örebro,Helsingborg,1,2,A,12,13,5,5,,,,Farouk Ben Ahmed Nehdi,6,5,,,1,3,1,0,,,,,,,,,,,,,,,,,,,,,,,,,,,,,,,,,,,,,,,,,,,,,,,50,50,,,,,0,1,,,3,4,,,,,,,125,115,,,0,2,4-4-2,4-4-2,Behrn Arena,6075,365
spelad,SE2,2026/27,2026-05-30,2026-05-30T13:00:00+00:00,Falkenbergs FF,IK Oddevold,2,1,H,10,15,4,5,,,,Niclas Karlsson,3,8,,,0,0,0,0,,,,,,,,,,,,,,,,,,,,,,,,,,,,,,,,,,,,,,,,,,,,,,,40,60,,,,,2,1,,,3,5,,,,,,,83,115,,,0,0,5-3-2,3-4-3,Falcon Alkoholfri Arena,1549,365
spelad,SE2,2026/27,2026-05-30,2026-05-30T13:00:00+00:00,GIF Sundsvall,Sandvikens IF,0,3,A,5,7,2,5,,,,Fredrik Alknäs,7,3,,,2,0,0,0,,,,,,,,,,,,,,,,,,,,,,,,,,,,,,,,,,,,,,,,,,,,,,,47,53,,,,,0,3,,,,,,,,,,,68,79,,,0,1,5-3-2,4-4-2,NP3 Arena,2012,365
spelad,SE2,2026/27,2026-05-30,2026-05-30T11:00:00+00:00,Landskrona BoIS,IK Brage,2,2,D,15,11,6,3,,,,Jasmin Svraka,12,5,,,1,2,0,0,,,,,,,,,,,,,,,,,,,,,,,,,,,,,,,,,,,,,,,,,,,,,,,60,40,,,,,1,1,,,2,4,,,,,,,127,106,,,1,1,4-1-4-1,4-3-3,Landskrona IP,3044,365
spelad,SE2,2026/27,2026-05-30,2026-05-30T11:00:00+00:00,Ljungskile,Varbergs BoIS FC,1,3,A,10,14,2,7,,,,Fredrick Oppong,1,5,,,3,3,0,0,,,,,,,,,,,,,,,,,,,,,,,,,,,,,,,,,,,,,,,,,,,,,,,51,49,,,,,0,0,,,,,,,,,,,97,106,,,0,2,4-2-3-1,4-3-3,Uddevalla Arena Konstgräs,1538,365
spelad,SE2,2026/27,2026-05-30,2026-05-30T15:00:00+00:00,Östers IF,Norrby,2,1,H,9,5,4,3,,,,Rambod Beigi,4,6,,,0,1,0,0,,,,,,,,,,,,,,,,,,,,,,,,,,,,,,,,,,,,,,,,,,,,,,,54,46,,,,,3,1,,,,,,,,,,,98,87,,,2,0,4-3-3,4-4-2,Visma Arena,2004,365
spelad,SE2,2026/27,2026-05-31,2026-05-31T15:00:00+00:00,Helsingborg,IFK Norrköping,0,2,A,7,6,3,2,,,,Rinon Hasani,4,4,,,3,4,0,0,,,,,,,,,,,,,,,,,,,,,,,,,,,,,,,,,,,,,,,,,,,,,,,50,50,,,,,4,1,,,1,1,,,,,,,79,85,,,0,0,4-2-3-1,4-1-3-2,Olympia,7919,365
spelad,SE2,2026/27,2026-05-31,2026-05-31T13:00:00+00:00,IFK Värnamo,Nordic United FC,0,2,A,,,,,,,,Richard Sundell,,,,,0,2,0,0,,,,,,,,,,,,,,,,,,,,,,,,,,,,,,,,,,,,,,,,,,,,,,,,,,,,,,,,,,,,,,,,,,,,,0,0,3-5-2,4-4-2,Finnvedsvallen,789,365
spelad,SE2,2026/27,2026-05-31,2026-05-31T15:00:00+00:00,Östersunds FK,Örebro,3,2,H,9,2,7,2,,,,Max Persson,7,3,,,3,1,0,0,,,,,,,,,,,,,,,,,,,,,,,,,,,,,,,,,,,,,,,,,,,,,,,55,45,,,,,2,3,,,,,,,,,,,100,70,,,1,2,3-5-2,4-4-2,Jämtkraft Arena,1843,365
spelad,SE2,2026/27,2026-06-09,2026-06-09T17:00:00+00:00,IK Brage,Ljungskile,2,2,D,11,10,4,6,,,,Max Persson,2,7,,,4,3,0,0,,,,,,,,,,,,,,,,,,,,,,,,,,,,,,,,,,,,,,,,,,,,,,,47,53,,,,,2,0,,,,,,,,,,,78,94,,,0,0,4-3-3,4-4-2,Borlänge Energi Arena Domnarvsvallen,1569,365
spelad,SE2,2026/27,2026-06-09,2026-06-09T17:00:00+00:00,IK Oddevold,IFK Norrköping,1,2,A,8,8,3,3,,,,Rambod Beigi,4,1,,,1,1,0,0,,,,,,,,,,,,,,,,,,,,,,,,,,,,,,,,,,,,,,,,,,,,,,,42,58,,,,,3,0,,,1,2,,,,,,,93,100,,,1,2,3-4-3,4-4-2,Rimnersvallen,1141,365
spelad,SE2,2026/27,2026-06-09,2026-06-09T17:00:00+00:00,Nordic United FC,Östersunds FK,1,1,D,,,,,,,,Farouk Ben Ahmed Nehdi,,,,,1,4,0,0,,,,,,,,,,,,,,,,,,,,,,,,,,,,,,,,,,,,,,,,,,,,,,,,,,,,,,,,,,,,,,,,,,,,,0,1,5-3-2,3-4-3,Södertälje Fotbollsarena,782,365
spelad,SE2,2026/27,2026-06-09,2026-06-09T17:00:00+00:00,Sandvikens IF,Falkenbergs FF,4,2,H,9,8,4,4,,,,Mohammed Al-Hakim,2,7,,,1,1,0,0,,,,,,,,,,,,,,,,,,,,,,,,,,,,,,,,,,,,,,,,,,,,,,,49,51,,,,,1,1,,,2,0,,,,,,,97,108,,,4,1,3-4-3,5-3-2,Arena Jernvallen,1317,365
spelad,SE2,2026/27,2026-06-09,2026-06-09T17:00:00+00:00,Östers IF,IFK Värnamo,3,0,H,7,14,7,5,,,,Fredrick Oppong,2,5,,,0,2,0,0,,,,,,,,,,,,,,,,,,,,,,,,,,,,,,,,,,,,,,,,,,,,,,,51,49,,,,,1,2,,,,,,,,,,,96,83,,,3,0,4-2-3-1,4-4-2,Visma Arena,3335,365
spelad,SE2,2026/27,2026-06-10,2026-06-10T17:00:00+00:00,Varbergs BoIS FC,Norrby,2,0,H,8,14,6,4,,,,Fredrik Alknäs,3,7,,,1,1,0,0,,,,,,,,,,,,,,,,,,,,,,,,,,,,,,,,,,,,,,,,,,,,,,,43,57,,,,,2,1,,,,,,,,,,,76,92,,,1,0,4-3-3,4-4-2,Paskbergsvallen,,365
spelad,SE2,2026/27,2026-06-10,2026-06-10T17:00:00+00:00,Örebro,GIF Sundsvall,0,1,A,14,8,6,4,,,,Niclas Karlsson,6,5,,,1,2,0,0,,,,,,,,,,,,,,,,,,,,,,,,,,,,,,,,,,,,,,,,,,,,,,,69,31,,,,,3,1,,,4,2,,,,,,,92,62,,,0,0,4-2-3-1,5-3-2,Behrn Arena,4044,365
spelad,SE2,2026/27,2026-06-11,2026-06-11T17:00:00+00:00,Helsingborg,Landskrona BoIS,0,3,A,17,10,3,5,,,,Jasmin Svraka,10,2,,,2,4,0,0,,,,,,,,,,,,,,,,,,,,,,,,,,,,,,,,,,,,,,,,,,,,,,,64,36,,,,,2,1,,,5,1,,,,,,,116,92,,,0,1,4-4-2,4-3-3,Olympia,12014,365
spelad,SE2,2026/27,2026-06-14,2026-06-14T13:00:00+00:00,Falkenbergs FF,Örebro,1,1,D,13,15,6,2,,,,Rambod Beigi,4,11,,,1,1,0,0,,,,,,,,,,,,,,,,,,,,,,,,,,,,,,,,,,,,,,,,,,,,,,,48,52,,,,,0,2,,,5,7,,,,,,,88,83,,,0,1,5-3-2,4-2-3-1,Falcon Alkoholfri Arena,1741,365
spelad,SE2,2026/27,2026-06-14,2026-06-14T13:00:00+00:00,Ljungskile,Östersunds FK,1,1,D,8,2,4,1,,,,Niclas Karlsson,1,8,,,1,1,0,0,,,,,,,,,,,,,,,,,,,,,,,,,,,,,,,,,,,,,,,,,,,,,,,42,58,,,,,3,0,,,,,,,,,,,94,137,,,0,0,4-2-3-1,3-4-3,Uddevalla Arena Konstgräs,,365
spelad,SE2,2026/27,2026-06-14,2026-06-14T11:00:00+00:00,Norrby,IK Oddevold,0,2,A,8,22,1,6,,,,Fredrick Oppong,4,8,,,4,3,0,0,,,,,,,,,,,,,,,,,,,,,,,,,,,,,,,,,,,,,,,,,,,,,,,46,54,,,,,1,0,,,3,6,,,,,,,81,87,,,0,0,4-4-2,3-4-3,Borås Arena,452,365
spelad,SE2,2026/27,2026-06-14,2026-06-14T15:00:00+00:00,Sandvikens IF,IK Brage,3,2,H,7,12,3,4,,,,Farouk Ben Ahmed Nehdi,3,8,,,0,4,0,0,,,,,,,,,,,,,,,,,,,,,,,,,,,,,,,,,,,,,,,,,,,,,,,50,50,,,,,2,0,,,0,1,,,,,,,99,97,,,1,1,3-4-3,4-3-3,Arena Jernvallen,1107,365
spelad,SE2,2026/27,2026-06-15,2026-06-15T17:00:00+00:00,GIF Sundsvall,Östers IF,0,4,A,13,11,8,7,,,,Jasmin Svraka,1,5,,,2,1,0,0,,,,,,,,,,,,,,,,,,,,,,,,,,,,,,,,,,,,,,,,,,,,,,,50,50,,,,,1,1,,,,,,,,,,,83,69,,,0,4,5-4-1,4-2-3-1,NP3 Arena,1688,365
spelad,SE2,2026/27,2026-06-15,2026-06-15T17:05:00+00:00,IFK Norrköping,Varbergs BoIS FC,2,0,H,7,11,2,1,,,,Max Persson,4,4,,,2,2,0,0,,,,,,,,,,,,,,,,,,,,,,,,,,,,,,,,,,,,,,,,,,,,,,,50,50,,,,,0,1,,,0,3,,,,,,,133,108,,,1,0,4-3-3,4-3-3,PlatinumCars Arena,6219,365
spelad,SE2,2026/27,2026-06-16,2026-06-16T17:00:00+00:00,IFK Värnamo,Helsingborg,0,1,A,10,8,2,2,,,,Oscar Johnson,10,4,,,2,2,0,0,,,,,,,,,,,,,,,,,,,,,,,,,,,,,,,,,,,,,,,,,,,,,,,50,50,,,,,1,2,,,3,2,,,,,,,72,89,,,0,1,4-4-2,4-4-2,Finnvedsvallen,1348,365
spelad,SE2,2026/27,2026-06-16,2026-06-16T17:00:00+00:00,Landskrona BoIS,Nordic United FC,2,0,H,9,12,3,2,,,,R. Hasani,3,6,,,3,4,0,0,,,,,,,,,,,,,,,,,,,,,,,,,,,,,,,,,,,,,,,,,,,,,,,49,51,,,,,1,2,,,1,3,,,,,,,74,88,,,2,0,4-3-3,4-4-2,Landskrona IP,2340,365
spelad,SE2,2026/27,2026-06-21,2026-06-21T13:00:00+00:00,Helsingborg,GIF Sundsvall,5,2,H,17,7,7,3,,,,Niclas Karlsson,6,4,,,0,0,0,0,,,,,,,,,,,,,,,,,,,,,,,,,,,,,,,,,,,,,,,,,,,,,,,65,35,,,,,0,3,,,1,1,,,,,,,70,53,,,1,1,4-4-2,5-4-1,Olympia,5131,365
spelad,SE2,2026/27,2026-06-21,2026-06-21T13:00:00+00:00,IK Brage,IFK Värnamo,5,1,H,9,5,8,3,,,,Rambod Beigi,9,3,,,2,2,0,0,,,,,,,,,,,,,,,,,,,,,,,,,,,,,,,,,,,,,,,,,,,,,,,39,61,,,,,1,1,,,,,,,,,,,2,5,,,2,1,4-4-2,4-4-2,Borlänge Energi Arena Domnarvsvallen,1105,365
spelad,SE2,2026/27,2026-06-21,2026-06-21T15:00:00+00:00,Norrby,Nordic United FC,0,0,D,8,16,4,6,,,,Victor Wolf,8,6,,,1,2,0,0,,,,,,,,,,,,,,,,,,,,,,,,,,,,,,,,,,,,,,,,,,,,,,,43,57,,,,,2,3,,,0,6,,,,,,,57,45,,,0,0,4-4-2,4-4-2,Borås Arena,,365
spelad,SE2,2026/27,2026-06-21,2026-06-21T13:00:00+00:00,Östers IF,Falkenbergs FF,1,3,A,15,17,5,8,,,,Max Persson,6,5,,,2,3,0,0,,,,,,,,,,,,,,,,,,,,,,,,,,,,,,,,,,,,,,,,,,,,,,,55,45,,,,,0,0,,,4,4,,,,,,,0,0,,,0,2,4-3-3,4-4-2,Visma Arena,3308,365
spelad,SE2,2026/27,2026-06-21,2026-06-21T15:00:00+00:00,Östersunds FK,IFK Norrköping,0,2,A,5,11,2,5,,,,Rinon Hasani,4,2,,,2,3,0,0,,,,,,,,,,,,,,,,,,,,,,,,,,,,,,,,,,,,,,,,,,,,,,,51,49,,,,,1,0,,,,,,,,,,,68,65,,,0,1,3-4-3,4-3-3,Jämtkraft Arena,,365
spelad,SE2,2026/27,2026-06-22,2026-06-22T17:00:00+00:00,IK Oddevold,Ljungskile,0,0,D,17,13,3,5,,,,Farouk Ben Ahmed Nehdi,9,7,,,1,3,0,0,,,,,,,,,,,,,,,,,,,,,,,,,,,,,,,,,,,,,,,,,,,,,,,53,47,,,,,1,3,,,7,3,,,,,,,78,83,,,0,0,3-4-3,4-2-3-1,Rimnersvallen,3750,365
spelad,SE2,2026/27,2026-06-22,2026-06-22T17:00:00+00:00,Varbergs BoIS FC,Landskrona BoIS,2,3,A,8,14,4,9,,,,Fredrick Oppong,7,0,,,1,4,0,0,,,,,,,,,,,,,,,,,,,,,,,,,,,,,,,,,,,,,,,,,,,,,,,50,50,,,,,2,2,,,,,,,,,,,107,94,,,2,1,4-3-3,4-3-3,Paskbergsvallen,2091,365
spelad,SE2,2026/27,2026-06-22,2026-06-22T17:05:00+00:00,Örebro,Sandvikens IF,1,1,D,20,14,6,2,,,,Fredrik Alknäs,9,5,,,3,2,0,0,,,,,,,,,,,,,,,,,,,,,,,,,,,,,,,,,,,,,,,,,,,,,,,51,49,,,,,0,1,,,10,5,,,,,,,90,81,,,1,1,4-4-1-1,3-4-3,Behrn Arena,4056,365
spelad,SE2,2026/27,2026-06-26,2026-06-26T17:00:00+00:00,IK Brage,Falkenbergs FF,2,4,A,6,6,4,3,,,,Fredrik Alknäs,2,3,,,2,0,0,0,,,,,,,,,,,,,,,,,,,,,,,,,,,,,,,,,,,,,,,,,,,,,,,45,55,,,,,5,1,,,0,1,,,,,,,105,105,,,2,1,4-4-2,4-4-2,Borlänge Energi Arena Domnarvsvallen,2260,365
spelad,SE2,2026/27,2026-06-27,2026-06-27T15:00:00+00:00,GIF Sundsvall,Östersunds FK,0,2,A,0,0,0,0,,,,Fredrick Oppong,1,0,,,1,2,0,0,,,,,,,,,,,,,,,,,,,,,,,,,,,,,,,,,,,,,,,,,,,,,,,37,63,,,,,0,0,,,,,,,,,,,14,20,,,0,0,5-4-1,3-4-3,NP3 Arena,3026,365
spelad,SE2,2026/27,2026-06-27,2026-06-27T13:00:00+00:00,Ljungskile,Örebro,3,2,H,24,11,9,5,,,,Granit Maqedonci,8,4,,,3,1,0,0,,,,,,,,,,,,,,,,,,,,,,,,,,,,,,,,,,,,,,,,,,,,,,,49,51,,,,,1,1,,,4,5,,,,,,,96,93,,,1,2,4-2-3-1,4-1-4-1,Uddevalla Arena Konstgräs,704,365
spelad,SE2,2026/27,2026-06-27,2026-06-27T15:00:00+00:00,Nordic United FC,IK Oddevold,3,3,D,12,13,3,4,,,,Jasmin Svraka,5,4,,,0,1,0,0,,,,,,,,,,,,,,,,,,,,,,,,,,,,,,,,,,,,,,,,,,,,,,,47,53,,,,,0,0,,,6,5,,,,,,,69,79,,,2,0,4-4-2,3-4-3,Södertälje Fotbollsarena,280,365
spelad,SE2,2026/27,2026-06-27,2026-06-27T13:00:00+00:00,Varbergs BoIS FC,Östers IF,2,1,H,9,12,3,4,,,,Rinon Hasani,6,10,,,1,1,0,0,,,,,,,,,,,,,,,,,,,,,,,,,,,,,,,,,,,,,,,,,,,,,,,50,50,,,,,0,0,,,,,,,,,,,79,86,,,0,0,4-3-3,4-3-3,Varberg Energi Arena,998,365
spelad,SE2,2026/27,2026-06-28,2026-06-28T13:00:00+00:00,IFK Norrköping,Norrby,0,1,A,13,7,2,4,,,,Rambod Beigi,10,5,,,1,2,0,0,,,,,,,,,,,,,,,,,,,,,,,,,,,,,,,,,,,,,,,,,,,,,,,72,28,,,,,1,0,,,5,0,,,,,,,152,68,,,0,1,4-3-3,4-4-2,PlatinumCars Arena,6022,365
spelad,SE2,2026/27,2026-06-28,2026-06-28T13:00:00+00:00,Landskrona BoIS,IFK Värnamo,1,0,H,6,11,4,1,,,,Farouk Ben Ahmed Nehdi,3,2,,,2,1,0,0,,,,,,,,,,,,,,,,,,,,,,,,,,,,,,,,,,,,,,,,,,,,,,,50,50,,,,,2,3,,,1,4,,,,,,,96,89,,,0,0,4-3-3,4-4-2,Landskrona IP,3285,365
spelad,SE2,2026/27,2026-06-28,2026-06-28T15:00:00+00:00,Sandvikens IF,Helsingborg,4,2,H,11,11,9,5,,,,Max Persson,3,9,,,2,2,0,1,,,,,,,,,,,,,,,,,,,,,,,,,,,,,,,,,,,,,,,,,,,,,,,54,46,,,,,4,0,,,,,,,,,,,83,100,,,2,1,3-4-3,4-2-3-1,Arena Jernvallen,1337,365
spelad,SE2,2026/27,2026-07-18,2026-07-18T11:00:00+00:00,IK Oddevold,Varbergs BoIS FC,2,4,A,9,7,3,3,,,,Max Persson,5,3,,,0,2,0,0,,,,,,,,,,,,,,,,,,,,,,,,,,,,,,,,,,,,,,,,,,,,,,,44,56,,,,,1,0,,,0,2,,,,,,,67,81,,,1,1,3-4-3,4-3-3,Rimnersvallen,752,365
spelad,SE2,2026/27,2026-07-18,2026-07-18T15:00:00+00:00,Östers IF,IK Brage,3,2,H,16,10,8,7,,,,Jasmin Svraka,11,8,,,4,2,0,1,,,,,,,,,,,,,,,,,,,,,,,,,,,,,,,,,,,,,,,,,,,,,,,50,50,,,,,1,1,,,,,,,,,,,78,62,,,1,1,4-2-3-1,4-4-2,Visma Arena,2645,365
spelad,SE2,2026/27,2026-07-18,2026-07-18T13:00:00+00:00,Östersunds FK,Landskrona BoIS,2,0,H,3,3,3,1,,,,Rambod Beigi,2,9,,,1,0,0,0,,,,,,,,,,,,,,,,,,,,,,,,,,,,,,,,,,,,,,,,,,,,,,,49,51,,,,,1,0,,,,,,,,,,,56,81,,,1,0,5-3-2,4-1-4-1,Jämtkraft Arena,2009,365
spelad,SE2,2026/27,2026-07-19,2026-07-19T11:00:00+00:00,IFK Norrköping,Sandvikens IF,3,0,H,9,5,3,1,,,,Niclas Karlsson,7,3,,,1,2,0,0,,,,,,,,,,,,,,,,,,,,,,,,,,,,,,,,,,,,,,,,,,,,,,,55,45,,,,,2,0,,,2,2,,,,,,,88,68,,,2,0,4-3-3,3-4-3,PlatinumCars Arena,6819,365
spelad,SE2,2026/27,2026-07-19,2026-07-19T13:00:00+00:00,IFK Värnamo,Ljungskile,2,3,A,11,13,8,6,,,,Fredrik Alknäs,8,1,,,1,2,0,0,,,,,,,,,,,,,,,,,,,,,,,,,,,,,,,,,,,,,,,,,,,,,,,61,39,,,,,0,0,,,,,,,,,,,131,96,,,0,1,4-4-2,4-2-3-1,Paskbergsvallen,591,365
spelad,SE2,2026/27,2026-07-19,2026-07-19T13:00:00+00:00,Nordic United FC,Örebro,2,0,H,12,7,5,3,,,,Philip Lindh,2,2,,,0,0,0,0,,,,,,,,,,,,,,,,,,,,,,,,,,,,,,,,,,,,,,,,,,,,,,,39,61,,,,,1,2,,,,,,,,,,,82,113,,,2,0,4-5-1,4-3-1-2,Södertälje Fotbollsarena,787,365
spelad,SE2,2026/27,2026-07-20,2026-07-20T17:00:00+00:00,Norrby,GIF Sundsvall,3,1,H,23,9,10,2,,,,Farouk Ben Ahmed Nehdi,7,5,,,0,1,0,0,,,,,,,,,,,,,,,,,,,,,,,,,,,,,,,,,,,,,,,,,,,,,,,60,40,,,,,1,1,,,10,1,,,,,,,85,75,,,0,0,4-4-2,4-4-2,Borås Arena,447,365
spelad,SE2,2026/27,2026-07-21,2026-07-21T17:00:00+00:00,Falkenbergs FF,Helsingborg,2,3,A,7,9,3,3,,,,Abdinaser Bashir,2,3,,,1,2,0,0,,,,,,,,,,,,,,,,,,,,,,,,,,,,,,,,,,,,,,,,,,,,,,,54,46,,,,,2,4,,,1,2,,,,,,,106,75,,,2,3,4-4-2,4-4-2,Falcon Alkoholfri Arena,4453,365
spelad,SE2,2026/27,2026-07-25,2026-07-25T13:00:00+00:00,IFK Värnamo,IK Brage,0,0,D,9,9,6,3,,,,Max Persson,3,2,,,3,3,0,0,,,,,,,,,,,,,,,,,,,,,,,,,,,,,,,,,,,,,,,,,,,,,,,46,54,,,,,2,0,,,1,1,,,,,,,0,0,,,0,0,4-4-2,4-1-4-1,Finnvedsvallen,1045,365
spelad,SE2,2026/27,2026-07-26,2026-07-26T11:00:00+00:00,GIF Sundsvall,Falkenbergs FF,1,2,A,11,7,5,3,,,,Rambod Beigi,5,3,,,1,2,0,0,,,,,,,,,,,,,,,,,,,,,,,,,,,,,,,,,,,,,,,,,,,,,,,38,62,,,,,0,1,,,3,1,,,,,,,85,112,,,1,1,4-4-2,4-4-2,NP3 Arena,2240,365
spelad,SE2,2026/27,2026-07-26,2026-07-26T15:00:00+00:00,Norrby,Östersunds FK,2,2,D,7,11,1,4,,,,Jasmin Svraka,6,5,,,4,1,0,0,,,,,,,,,,,,,,,,,,,,,,,,,,,,,,,,,,,,,,,,,,,,,,,40,60,,,,,1,0,,,1,3,,,,,,,1,1,,,1,0,4-4-2,3-4-1-2,Borås Arena,419,365
spelad,SE2,2026/27,2026-07-27,2026-07-27T17:00:00+00:00,Örebro,IK Oddevold,0,0,D,15,7,2,3,,,,Victor Wolf,4,5,,,2,0,0,1,,,,,,,,,,,,,,,,,,,,,,,,,,,,,,,,,,,,,,,,,,,,,,,67,33,,,,,2,0,,,6,1,,,,,,,106,72,,,0,0,4-4-1-1,4-4-1-1,Behrn Arena,4635,365
spelad,SE2,2026/27,2026-07-27,2026-07-27T17:05:00+00:00,Östers IF,Varbergs BoIS FC,3,0,H,14,17,5,3,,,,Niclas Karlsson,3,2,,,3,1,0,0,,,,,,,,,,,,,,,,,,,,,,,,,,,,,,,,,,,,,,,,,,,,,,,50,50,,,,,2,0,,,3,4,,,,,,,99,124,,,0,0,4-3-3,4-3-3,Visma Arena,3267,365
spelad,SE2,2026/27,2026-07-28,2026-07-28T17:00:00+00:00,Helsingborg,Nordic United FC,1,1,D,18,6,5,3,,,,Fredrik Alknäs,10,1,,,0,2,0,0,,,,,,,,,,,,,,,,,,,,,,,,,,,,,,,,,,,,,,,,,,,,,,,60,40,,,,,0,1,,,6,1,,,,,,,74,77,,,0,0,4-2-3-1,5-4-1,Olympia,8289,365
spelad,SE2,2026/27,2026-07-28,2026-07-28T17:00:00+00:00,Landskrona BoIS,IFK Norrköping,0,1,A,14,14,5,2,,,,Farouk Ben Ahmed Nehdi,6,3,,,2,1,0,0,,,,,,,,,,,,,,,,,,,,,,,,,,,,,,,,,,,,,,,,,,,,,,,47,53,,,,,3,3,,,4,1,,,,,,,80,114,,,0,1,4-3-3,4-3-3,Landskrona IP,4044,365
spelad,SE2,2026/27,2026-07-31,2026-07-31T17:00:00+00:00,IK Oddevold,Norrby,0,0,D,14,7,6,4,,,,Niclas Karlsson,3,0,,,3,0,0,0,,,,,,,,,,,,,,,,,,,,,,,,,,,,,,,,,,,,,,,,,,,,,,,59,41,,,,,1,1,,,4,0,,,,,,,177,122,,,0,0,,,Rimnersvallen,,365
spelad,SE2,2026/27,2026-08-01,2026-08-01T15:00:00+00:00,IFK Norrköping,Helsingborg,2,0,H,8,6,4,2,,,,Jasmin Svraka,4,2,,,0,5,0,0,,,,,,,,,,,,,,,,,,,,,,,,,,,,,,,,,,,,,,,,,,,,,,,56,44,,,,,2,2,,,1,1,,,,,,,94,92,,,1,0,,,PlatinumCars Arena,,365
spelad,SE2,2026/27,2026-08-01,2026-08-01T15:00:00+00:00,IK Brage,Landskrona BoIS,2,1,H,8,7,2,5,,,,Rinon Hasani,3,4,,,2,0,0,0,,,,,,,,,,,,,,,,,,,,,,,,,,,,,,,,,,,,,,,,,,,,,,,44,56,,,,,3,1,,,,,,,,,,,64,72,,,0,0,,,Borlänge Energi Arena Domnarvsvallen,,365
spelad,SE2,2026/27,2026-08-01,2026-08-01T13:00:00+00:00,Sandvikens IF,GIF Sundsvall,5,0,H,10,4,7,3,,,,Fredrik Alknäs,10,1,,,2,0,0,0,,,,,,,,,,,,,,,,,,,,,,,,,,,,,,,,,,,,,,,,,,,,,,,66,34,,,,,1,1,,,,,,,,,,,62,39,,,3,0,,,Arena Jernvallen,,365
spelad,SE2,2026/27,2026-08-01,2026-08-01T13:00:00+00:00,Varbergs BoIS FC,Falkenbergs FF,2,1,H,15,9,7,2,,,,Farouk Ben Ahmed Nehdi,3,4,,,1,1,0,0,,,,,,,,,,,,,,,,,,,,,,,,,,,,,,,,,,,,,,,,,,,,,,,45,55,,,,,0,0,,,,,,,,,,,79,62,,,1,0,,,Varberg Energi Arena,,365
spelad,SE2,2026/27,2026-08-01,2026-08-01T11:00:00+00:00,Östersunds FK,Östers IF,1,0,H,25,7,10,3,,,,M. Persson,8,6,,,0,4,0,0,,,,,,,,,,,,,,,,,,,,,,,,,,,,,,,,,,,,,,,,,,,,,,,66,34,,,,,1,1,,,6,1,,,,,,,112,63,,,0,0,,,Jämtkraft Arena,,365
spelad,SE2,2026/27,2026-08-02,2026-08-02T13:00:00+00:00,Nordic United FC,Ljungskile,2,2,D,10,20,4,7,,,,R. Beigi,5,4,,,1,1,0,0,,,,,,,,,,,,,,,,,,,,,,,,,,,,,,,,,,,,,,,,,,,,,,,50,50,,,,,1,1,,,2,6,,,,,,,86,101,,,1,1,,,Södertälje Fotbollsarena,,365
spelad,SE2,2026/27,2026-08-03,2026-08-03T17:05:00+00:00,Örebro,IFK Värnamo,1,3,A,5,13,3,4,,,,Erik Mattsson,6,6,,,2,0,0,0,,,,,,,,,,,,,,,,,,,,,,,,,,,,,,,,,,,,,,,,,,,,,,,48,52,,,,,2,0,,,1,6,,,,,,,57,59,,,1,0,,,Behrn Arena,,365
spelad,SE2,2026/27,2026-08-07,2026-08-07T17:00:00+00:00,Östersunds FK,GIF Sundsvall,1,0,H,14,3,2,0,,,,R. Hasani,5,1,,,1,3,0,0,,,,,,,,,,,,,,,,,,,,,,,,,,,,,,,,,,,,,,,,,,,,,,,66,34,,,,,3,1,,,2,1,,,,,,,120,60,,,1,0,,,Jämtkraft Arena,,365
spelad,SE2,2026/27,2026-08-08,2026-08-08T11:00:00+00:00,Falkenbergs FF,Nordic United FC,1,1,D,6,22,1,4,,,,P. Lindh,1,8,,,3,1,0,0,,,,,,,,,,,,,,,,,,,,,,,,,,,,,,,,,,,,,,,,,,,,,,,44,56,,,,,0,6,,,2,10,,,,,,,69,82,,,0,0,,,Falcon Alkoholfri Arena,,365
spelad,SE2,2026/27,2026-08-08,2026-08-08T15:00:00+00:00,IFK Norrköping,IK Brage,3,0,H,11,4,7,1,,,,R. Beigi,6,7,,,0,2,0,0,,,,,,,,,,,,,,,,,,,,,,,,,,,,,,,,,,,,,,,,,,,,,,,55,45,,,,,4,2,,,,,,,,,,,86,81,,,3,0,,,PlatinumCars Arena,,365
spelad,SE2,2026/27,2026-08-08,2026-08-08T11:00:00+00:00,Ljungskile,IK Oddevold,0,1,A,6,6,2,3,,,,Jasmin Svraka,5,7,,,3,2,0,1,,,,,,,,,,,,,,,,,,,,,,,,,,,,,,,,,,,,,,,,,,,,,,,60,40,,,,,0,0,,,,,,,,,,,52,59,,,0,0,,,Uddevalla Arena Konstgräs,,365
spelad,SE2,2026/27,2026-08-08,2026-08-08T13:00:00+00:00,Östers IF,Landskrona BoIS,0,1,A,7,7,4,3,,,,Farouk Ben Ahmed Nehdi,3,8,,,1,2,0,0,,,,,,,,,,,,,,,,,,,,,,,,,,,,,,,,,,,,,,,,,,,,,,,50,50,,,,,0,0,,,1,0,,,,,,,73,66,,,0,1,,,Visma Arena,,365
spelad,SE2,2026/27,2026-08-09,2026-08-09T13:00:00+00:00,Varbergs BoIS FC,Sandvikens IF,0,1,A,10,11,5,6,,,,Fredrik Alknas,12,4,,,2,1,0,0,,,,,,,,,,,,,,,,,,,,,,,,,,,,,,,,,,,,,,,,,,,,,,,44,56,,,,,0,0,,,,,,,,,,,75,82,,,0,1,,,Paskbergsvallen,,365
spelad,SE2,2026/27,2026-08-10,2026-08-10T17:00:00+00:00,Norrby,Örebro,3,1,H,11,12,7,4,,,,R. Sundell,1,11,,,0,1,0,0,,,,,,,,,,,,,,,,,,,,,,,,,,,,,,,,,,,,,,,,,,,,,,,39,61,,,,,0,1,,,2,5,,,,,,,6,17,,,2,1,,,Borås Arena,,365
spelad,SE2,2026/27,2026-08-11,2026-08-11T17:00:00+00:00,Helsingborg,IFK Värnamo,1,2,A,14,8,8,4,,,,J. Kobberr&#248;d,9,1,,,1,0,0,0,,,,,,,,,,,,,,,,,,,,,,,,,,,,,,,,,,,,,,,,,,,,,,,50,50,,,,,0,2,,,2,1,,,,,,,179,108,,,0,2,,,Olympia,,365
spelad,SE2,2026/27,2026-08-14,2026-08-14T17:00:00+00:00,IK Brage,Örebro,3,3,D,12,17,5,4,,,,E. Mattsson,5,10,,,1,1,0,0,,,,,,,,,,,,,,,,,,,,,,,,,,,,,,,,,,,,,,,,,,,,,,,49,51,,,,,0,3,,,2,5,,,,,,,119,101,,,1,1,,,Borlänge Energi Arena Domnarvsvallen,,365
spelad,SE2,2026/27,2026-08-14,2026-08-14T17:00:00+00:00,Landskrona BoIS,IK Oddevold,1,1,D,10,11,2,5,,,,J. Nieminen,7,2,,,1,0,0,0,,,,,,,,,,,,,,,,,,,,,,,,,,,,,,,,,,,,,,,,,,,,,,,66,34,,,,,3,0,,,1,3,,,,,,,96,70,,,0,1,,,Landskrona IP,,365
spelad,SE2,2026/27,2026-08-15,2026-08-15T15:00:00+00:00,Falkenbergs FF,Norrby,2,0,H,17,10,4,3,,,,R. Hasani,5,5,,,0,2,0,0,,,,,,,,,,,,,,,,,,,,,,,,,,,,,,,,,,,,,,,,,,,,,,,51,49,,,,,1,1,,,5,4,,,,,,,80,85,,,1,0,,,Falcon Alkoholfri Arena,,365
spelad,SE2,2026/27,2026-08-15,2026-08-15T13:00:00+00:00,GIF Sundsvall,Helsingborg,1,1,D,23,13,8,5,,,,Max Persson,6,5,,,1,3,0,0,,,,,,,,,,,,,,,,,,,,,,,,,,,,,,,,,,,,,,,,,,,,,,,50,50,,,,,0,1,,,,,,,,,,,82,65,,,0,0,,,NP3 Arena,,365
spelad,SE2,2026/27,2026-08-15,2026-08-15T11:00:00+00:00,Ljungskile,Östers IF,2,3,A,17,13,5,7,,,,Fredrik Alknäs,5,3,,,3,1,0,0,,,,,,,,,,,,,,,,,,,,,,,,,,,,,,,,,,,,,,,,,,,,,,,53,47,,,,,1,5,,,6,2,,,,,,,94,87,,,2,2,,,Uddevalla Arena Konstgräs,,365
spelad,SE2,2026/27,2026-08-15,2026-08-15T13:00:00+00:00,Nordic United FC,Varbergs BoIS FC,0,0,D,17,11,5,4,,,,Niclas Karlsson,9,4,,,0,0,0,0,,,,,,,,,,,,,,,,,,,,,,,,,,,,,,,,,,,,,,,,,,,,,,,50,50,,,,,0,0,,,,,,,,,,,55,35,,,0,0,,,Södertälje Fotbollsarena,,365
spelad,SE2,2026/27,2026-08-15,2026-08-15T15:00:00+00:00,Sandvikens IF,IFK Norrköping,1,4,A,5,18,2,10,,,,Farouk Ben Ahmed Nehdi,1,6,,,2,0,0,0,,,,,,,,,,,,,,,,,,,,,,,,,,,,,,,,,,,,,,,,,,,,,,,45,55,,,,,1,2,,,2,1,,,,,,,38,64,,,1,1,,,Arena Jernvallen,,365
spelad,SE2,2026/27,2026-08-16,2026-08-16T11:00:00+00:00,IFK Värnamo,Östersunds FK,1,1,D,5,9,2,5,,,,F. Oppong,2,6,,,2,2,0,0,,,,,,,,,,,,,,,,,,,,,,,,,,,,,,,,,,,,,,,,,,,,,,,37,63,,,,,0,2,,,2,1,,,,,,,64,87,,,1,0,,,Finnvedsvallen,,365
spelad,SE2,2026/27,2026-08-23,2026-08-23T13:00:00+00:00,IK Brage,Nordic United FC,1,2,A,11,15,5,9,,,,Farouk Nehdi,4,8,,,2,1,0,0,,,,,,,,,,,,,,,,,,,,,,,,,,,,,,,,,,,,,,,,,,,,,,,50,50,,,,,0,0,,,,,,,,,,,72,65,,,0,2,,,Borlänge Energi Arena Domnarvsvallen,,365
spelad,SE2,2026/27,2026-08-23,2026-08-23T11:00:00+00:00,IK Oddevold,Helsingborg,3,1,H,16,6,12,2,,,,A. Aganovic,5,5,,,3,3,0,0,,,,,,,,,,,,,,,,,,,,,,,,,,,,,,,,,,,,,,,,,,,,,,,37,63,,,,,3,3,,,3,3,,,,,,,73,72,,,2,1,,,Rimnersvallen,,365
spelad,SE2,2026/27,2026-08-23,2026-08-23T15:00:00+00:00,Norrby,Sandvikens IF,1,1,D,20,10,10,5,,,,M. Persson,5,6,,,2,0,0,0,,,,,,,,,,,,,,,,,,,,,,,,,,,,,,,,,,,,,,,,,,,,,,,41,59,,,,,2,1,,,6,2,,,,,,,84,99,,,1,0,,,Borås Arena,,365
spelad,SE2,2026/27,2026-08-24,2026-08-24T17:05:00+00:00,IFK Norrköping,Falkenbergs FF,2,1,H,9,9,4,4,,,,Jasmin Svraka,7,5,,,2,0,0,0,,,,,,,,,,,,,,,,,,,,,,,,,,,,,,,,,,,,,,,,,,,,,,,52,48,,,,,0,0,,,3,1,,,,,,,90,85,,,2,0,,,PlatinumCars Arena,,365
spelad,SE2,2026/27,2026-08-24,2026-08-24T17:00:00+00:00,IFK Värnamo,Landskrona BoIS,1,1,D,6,14,3,7,,,,Niclas Karlsson,4,5,,,1,3,0,0,,,,,,,,,,,,,,,,,,,,,,,,,,,,,,,,,,,,,,,,,,,,,,,37,63,,,,,1,0,,,2,1,,,,,,,73,82,,,1,0,,,Finnvedsvallen,,365
spelad,SE2,2026/27,2026-08-24,2026-08-24T17:00:00+00:00,Östersunds FK,Ljungskile,0,0,D,13,6,4,1,,,,Rambod Beigi,10,5,,,2,0,0,0,,,,,,,,,,,,,,,,,,,,,,,,,,,,,,,,,,,,,,,,,,,,,,,60,40,,,,,0,0,,,,,,,,,,,101,77,,,0,0,,,Jämtkraft Arena,,365
spelad,SE2,2026/27,2026-08-25,2026-08-25T17:00:00+00:00,Örebro,Varbergs BoIS FC,2,1,H,0,0,0,0,,,,F. Oppong,0,0,,,1,0,0,0,,,,,,,,,,,,,,,,,,,,,,,,,,,,,,,,,,,,,,,,,,,,,,,50,50,,,,,0,0,,,,,,,,,,,0,0,,,2,0,,,Behrn Arena,,365
spelad,SE2,2026/27,2026-08-25,2026-08-25T17:00:00+00:00,Östers IF,GIF Sundsvall,1,0,H,7,16,4,6,,,,Fredrik Klitte,1,9,,,2,4,1,0,,,,,,,,,,,,,,,,,,,,,,,,,,,,,,,,,,,,,,,,,,,,,,,50,50,,,,,0,1,,,,,,,,,,,0,0,,,0,0,,,Visma Arena,,365
spelad,SE2,2026/27,2026-08-29,2026-08-29T13:00:00+00:00,Falkenbergs FF,IK Brage,4,1,H,16,9,8,5,,,,Toni Galic,4,4,,,1,1,0,0,,,,,,,,,,,,,,,,,,,,,,,,,,,,,,,,,,,,,,,,,,,,,,,54,46,,,,,5,2,,,,,,,,,,,101,100,,,2,0,,,Falcon Alkoholfri Arena,,365
spelad,SE2,2026/27,2026-08-29,2026-08-29T11:00:00+00:00,Landskrona BoIS,Östersunds FK,1,1,D,10,10,3,4,,,,Per Martin Melin,4,3,,,1,1,0,0,,,,,,,,,,,,,,,,,,,,,,,,,,,,,,,,,,,,,,,,,,,,,,,50,50,,,,,1,0,,,0,1,,,,,,,87,100,,,1,0,,,Landskrona IP,,365
spelad,SE2,2026/27,2026-08-29,2026-08-29T11:00:00+00:00,Ljungskile,IFK Värnamo,0,1,A,14,8,6,3,,,,Max Persson,5,5,,,1,4,0,0,,,,,,,,,,,,,,,,,,,,,,,,,,,,,,,,,,,,,,,,,,,,,,,44,56,,,,,1,1,,,,,,,,,,,82,95,,,0,0,,,Uddevalla Arena Konstgräs,,365
spelad,SE2,2026/27,2026-08-29,2026-08-29T15:00:00+00:00,Nordic United FC,IFK Norrköping,1,3,A,14,10,3,5,,,,R. Hasani,15,2,,,2,2,0,0,,,,,,,,,,,,,,,,,,,,,,,,,,,,,,,,,,,,,,,,,,,,,,,42,58,,,,,0,0,,,5,2,,,,,,,58,68,,,1,2,,,Södertälje Fotbollsarena,,365
spelad,SE2,2026/27,2026-08-30,2026-08-30T15:00:00+00:00,Sandvikens IF,Östers IF,1,1,D,12,3,4,1,,,,Niclas Karlsson,3,4,,,3,1,0,0,,,,,,,,,,,,,,,,,,,,,,,,,,,,,,,,,,,,,,,,,,,,,,,55,45,,,,,4,3,,,3,0,,,,,,,62,57,,,1,0,,,Arena Jernvallen,,365
spelad,SE2,2026/27,2026-08-30,2026-08-30T13:00:00+00:00,Varbergs BoIS FC,IK Oddevold,3,1,H,10,21,5,6,,,,Joakim Sars,5,7,,,1,4,0,0,,,,,,,,,,,,,,,,,,,,,,,,,,,,,,,,,,,,,,,,,,,,,,,45,55,,,,,1,0,,,,,,,,,,,63,81,,,3,0,,,Paskbergsvallen,,365
spelad,SE2,2026/27,2026-08-31,2026-08-31T17:00:00+00:00,GIF Sundsvall,Norrby,1,0,H,9,17,5,7,,,,Farouk Ben Ahmed Nehdi,9,6,,,2,1,0,0,,,,,,,,,,,,,,,,,,,,,,,,,,,,,,,,,,,,,,,,,,,,,,,49,51,,,,,1,0,,,,,,,,,,,32,36,,,1,0,,,NP3 Arena,,365
spelad,SE2,2026/27,2026-09-01,2026-09-01T17:00:00+00:00,Helsingborg,Örebro,1,1,D,13,10,7,3,,,,Fredrik Alknäs,3,4,,,3,2,0,0,,,,,,,,,,,,,,,,,,,,,,,,,,,,,,,,,,,,,,,,,,,,,,,42,58,,,,,0,3,,,2,3,,,,,,,75,78,,,0,0,,,Olympia,,365
spelad,SE2,2026/27,2026-09-04,2026-09-04T17:00:00+00:00,IFK Norrköping,Ljungskile,2,2,D,24,13,13,5,,,,Per Martin Melin,10,6,,,1,2,1,0,,,,,,,,,,,,,,,,,,,,,,,,,,,,,,,,,,,,,,,,,,,,,,,64,36,,,,,2,1,,,5,2,,,,,,,100,88,,,1,1,,,PlatinumCars Arena,,365
spelad,SE2,2026/27,2026-09-04,2026-09-04T17:00:00+00:00,Östers IF,Nordic United FC,1,2,A,11,18,4,6,,,,F. Oppong,3,6,,,2,2,0,0,,,,,,,,,,,,,,,,,,,,,,,,,,,,,,,,,,,,,,,,,,,,,,,38,62,,,,,1,3,,,2,8,,,,,,,70,87,,,0,0,,,Visma Arena,,365
spelad,SE2,2026/27,2026-09-05,2026-09-05T15:00:00+00:00,Helsingborg,Sandvikens IF,0,2,A,1,11,0,7,,,,R. Hasani,4,4,,,1,1,0,0,,,,,,,,,,,,,,,,,,,,,,,,,,,,,,,,,,,,,,,,,,,,,,,40,60,,,,,0,1,,,,,,,,,,,69,99,,,0,1,,,Olympia,,365
spelad,SE2,2026/27,2026-09-05,2026-09-05T11:00:00+00:00,IFK Värnamo,Varbergs BoIS FC,1,1,D,13,7,7,4,,,,Farouk Nehdi,12,8,,,0,0,0,0,,,,,,,,,,,,,,,,,,,,,,,,,,,,,,,,,,,,,,,,,,,,,,,50,50,,,,,1,0,,,,,,,,,,,72,69,,,0,0,,,Finnvedsvallen,,365
spelad,SE2,2026/27,2026-09-05,2026-09-05T15:00:00+00:00,IK Brage,GIF Sundsvall,0,1,A,11,9,2,4,,,,Fredrik Alknäs,6,5,,,1,1,0,0,,,,,,,,,,,,,,,,,,,,,,,,,,,,,,,,,,,,,,,,,,,,,,,52,48,,,,,0,0,,,,,,,,,,,74,74,,,0,1,,,Borlänge Energi Arena Domnarvsvallen,,365
spelad,SE2,2026/27,2026-09-05,2026-09-05T13:00:00+00:00,IK Oddevold,Falkenbergs FF,2,1,H,13,7,3,4,,,,Max Persson,3,4,,,3,0,0,0,,,,,,,,,,,,,,,,,,,,,,,,,,,,,,,,,,,,,,,,,,,,,,,41,59,,,,,0,0,,,,,,,,,,,76,87,,,1,1,,,Rimnersvallen,,365
spelad,SE2,2026/27,2026-09-05,2026-09-05T13:00:00+00:00,Norrby,Landskrona BoIS,1,3,A,12,9,7,7,,,,Victor Wolf,8,11,,,3,3,0,0,,,,,,,,,,,,,,,,,,,,,,,,,,,,,,,,,,,,,,,,,,,,,,,42,58,,,,,1,0,,,2,0,,,,,,,81,90,,,1,1,,,Borås Arena,,365
spelad,SE2,2026/27,2026-09-07,2026-09-07T17:05:00+00:00,Örebro,Östersunds FK,0,1,A,9,8,1,2,,,,Adam Ladeback,2,1,,,0,2,0,0,,,,,,,,,,,,,,,,,,,,,,,,,,,,,,,,,,,,,,,,,,,,,,,53,47,,,,,1,1,,,4,2,,,,,,,93,83,,,0,0,5-3-2,3-4-3,Behrn Arena,4288,365
spelad,SE2,2026/27,2026-09-09,2026-09-09T17:00:00+00:00,Landskrona BoIS,Helsingborg,1,2,A,9,7,2,6,,,,Farouk Ben Ahmed Nehdi,5,7,,,3,4,0,0,,,,,,,,,,,,,,,,,,,,,,,,,,,,,,,,,,,,,,,,,,,,,,,50,50,,,,,0,2,,,1,1,,,,,,,73,90,,,1,1,4-3-3,3-5-2,Landskrona IP,5400,365
spelad,SE2,2026/27,2026-09-09,2026-09-09T17:00:00+00:00,Ljungskile,Norrby,2,1,H,19,7,7,3,,,,Fredrick Oppong,9,3,,,1,2,0,0,,,,,,,,,,,,,,,,,,,,,,,,,,,,,,,,,,,,,,,,,,,,,,,51,49,,,,,1,2,,,6,2,,,,,,,93,84,,,0,1,4-2-3-1,4-4-2,Uddevalla Arena Konstgräs,,365
spelad,SE2,2026/27,2026-09-09,2026-09-09T17:00:00+00:00,Nordic United FC,IFK Värnamo,2,4,A,19,14,7,6,,,,Jasmin Svraka,4,8,,,2,1,0,0,,,,,,,,,,,,,,,,,,,,,,,,,,,,,,,,,,,,,,,,,,,,,,,50,50,,,,,0,0,,,,,,,,,,,0,0,,,0,1,5-4-1,4-2-3-1,Södertälje Fotbollsarena,413,365
spelad,SE2,2026/27,2026-09-09,2026-09-09T17:00:00+00:00,Sandvikens IF,IK Oddevold,0,1,A,11,5,4,4,,,,Abdinaser Bashir,7,4,,,1,0,0,0,,,,,,,,,,,,,,,,,,,,,,,,,,,,,,,,,,,,,,,,,,,,,,,69,31,,,,,0,0,,,,,,,,,,,81,60,,,0,1,4-2-3-1,4-4-1-1,Arena Jernvallen,1043,365
spelad,SE2,2026/27,2026-09-10,2026-09-10T17:00:00+00:00,Falkenbergs FF,Östers IF,2,1,H,15,8,5,2,,,,Fredrik Alknäs,4,12,,,1,1,0,0,,,,,,,,,,,,,,,,,,,,,,,,,,,,,,,,,,,,,,,,,,,,,,,50,50,,,,,0,1,,,5,4,,,,,,,94,92,,,0,0,4-4-2,4-3-3,Falcon Alkoholfri Arena,3229,365
spelad,SE2,2026/27,2026-09-10,2026-09-10T17:00:00+00:00,GIF Sundsvall,Örebro,0,3,A,10,17,4,5,,,,Per Martin Melin,1,7,,,2,0,0,0,,,,,,,,,,,,,,,,,,,,,,,,,,,,,,,,,,,,,,,,,,,,,,,36,64,,,,,0,2,,,2,3,,,,,,,74,105,,,0,1,4-4-2,5-3-2,NP3 Arena,2326,365
spelad,SE2,2026/27,2026-09-10,2026-09-10T17:00:00+00:00,Varbergs BoIS FC,IFK Norrköping,0,2,A,19,13,6,5,,,,Rambod Beigi,7,4,,,2,0,0,0,,,,,,,,,,,,,,,,,,,,,,,,,,,,,,,,,,,,,,,,,,,,,,,50,50,,,,,2,0,,,6,3,,,,,,,95,107,,,0,0,4-3-3,4-3-3,Paskbergsvallen,2672,365
spelad,SE2,2026/27,2026-09-10,2026-09-10T17:00:00+00:00,Östersunds FK,IK Brage,1,1,D,7,2,2,1,,,,Rinon Hasani,14,2,,,1,0,0,0,,,,,,,,,,,,,,,,,,,,,,,,,,,,,,,,,,,,,,,,,,,,,,,70,30,,,,,1,0,,,,,,,,,,,129,52,,,0,0,5-4-1,4-4-2,Jämtkraft Arena,2250,365
spelad,SE2,2026/27,2026-09-13,2026-09-13T13:00:00+00:00,IFK Norrköping,IK Oddevold,0,0,D,11,10,2,4,,,,Farouk Ben Ahmed Nehdi,6,6,,,2,2,0,0,,,,,,,,,,,,,,,,,,,,,,,,,,,,,,,,,,,,,,,,,,,,,,,58,42,,,,,0,1,,,3,2,,,,,,,92,92,,,0,0,4-3-3,4-3-3,PlatinumCars Arena,6323,365
spelad,SE2,2026/27,2026-09-13,2026-09-13T15:00:00+00:00,Ljungskile,Falkenbergs FF,0,2,A,13,9,4,2,,,,Rambod Beigi,5,2,,,1,1,0,0,,,,,,,,,,,,,,,,,,,,,,,,,,,,,,,,,,,,,,,,,,,,,,,50,50,,,,,1,1,,,3,2,,,,,,,88,93,,,0,1,4-2-3-1,4-4-2,Uddevalla Arena Konstgräs,697,365
spelad,SE2,2026/27,2026-09-14,2026-09-14T17:00:00+00:00,Norrby,Varbergs BoIS FC,1,2,A,18,8,8,3,,,,Áki Leitisstein Hansen,12,6,,,1,1,0,0,,,,,,,,,,,,,,,,,,,,,,,,,,,,,,,,,,,,,,,,,,,,,,,52,48,,,,,1,0,,,1,2,,,,,,,88,69,,,1,0,4-4-2,4-3-3,Borås Arena,636,365
spelad,SE2,2026/27,2026-09-14,2026-09-14T17:00:00+00:00,Örebro,Nordic United FC,1,1,D,15,16,6,6,,,,Rinon Hasani,9,5,,,4,4,1,0,,,,,,,,,,,,,,,,,,,,,,,,,,,,,,,,,,,,,,,,,,,,,,,55,45,,,,,0,2,,,6,2,,,,,,,70,67,,,0,0,3-4-3,4-4-2,Behrn Arena,6578,365
spelad,SE2,2026/27,2026-09-14,2026-09-14T17:05:00+00:00,Östersunds FK,Helsingborg,1,0,H,12,3,5,2,,,,Max Persson,7,4,,,0,1,0,0,,,,,,,,,,,,,,,,,,,,,,,,,,,,,,,,,,,,,,,,,,,,,,,60,40,,,,,6,3,,,5,0,,,,,,,46,28,,,0,0,5-4-1,3-5-2,Jämtkraft Arena,2615,365
spelad,SE2,2026/27,2026-09-15,2026-09-15T17:00:00+00:00,IFK Värnamo,Östers IF,1,3,A,20,13,10,5,,,,Per Martin Melin,11,3,,,1,0,0,0,,,,,,,,,,,,,,,,,,,,,,,,,,,,,,,,,,,,,,,,,,,,,,,50,50,,,,,0,1,,,2,3,,,,,,,66,78,,,0,1,4-4-2,4-2-3-1,Finnvedsvallen,3241,365
spelad,SE2,2026/27,2026-09-15,2026-09-15T17:00:00+00:00,IK Brage,Sandvikens IF,1,1,D,11,9,5,5,,,,Philip Lindh,3,7,,,3,0,0,0,,,,,,,,,,,,,,,,,,,,,,,,,,,,,,,,,,,,,,,,,,,,,,,40,60,,,,,0,3,,,,,,,,,,,61,62,,,1,1,4-4-2,4-2-3-1,Borlänge Energi Arena Domnarvsvallen,4402,365
spelad,SE2,2026/27,2026-09-15,2026-09-15T17:00:00+00:00,Landskrona BoIS,GIF Sundsvall,4,0,H,21,2,11,1,,,,Fredrik Alknäs,9,2,,,0,0,0,0,,,,,,,,,,,,,,,,,,,,,,,,,,,,,,,,,,,,,,,,,,,,,,,50,50,,,,,1,1,,,3,0,,,,,,,71,68,,,3,0,4-3-3,4-5-1,Landskrona IP,2008,365
spelad,SE2,2026/27,2026-09-18,2026-09-18T17:00:00+00:00,Falkenbergs FF,Östersunds FK,0,0,D,8,10,5,1,,,,Kristoffer Karlsson,5,9,,,0,0,0,0,,,,,,,,,,,,,,,,,,,,,,,,,,,,,,,,,,,,,,,,,,,,,,,40,60,,,,,1,1,,,3,5,,,,,,,0,0,,,0,0,4-4-2,3-5-2,Falcon Alkoholfri Arena,1986,365
spelad,SE2,2026/27,2026-09-19,2026-09-19T13:00:00+00:00,IK Oddevold,IFK Värnamo,1,2,A,16,15,6,7,,,,Farouk Ben Ahmed Nehdi,10,5,,,0,0,0,0,,,,,,,,,,,,,,,,,,,,,,,,,,,,,,,,,,,,,,,,,,,,,,,59,41,,,,,1,1,,,4,4,,,,,,,100,85,,,0,1,3-4-3,4-3-3,Rimnersvallen,1661,365
spelad,SE2,2026/27,2026-09-19,2026-09-19T11:00:00+00:00,Nordic United FC,Landskrona BoIS,1,4,A,12,18,4,7,,,,Joakim Sars,4,1,,,2,1,1,0,,,,,,,,,,,,,,,,,,,,,,,,,,,,,,,,,,,,,,,,,,,,,,,44,56,,,,,0,1,,,4,0,,,,,,,77,84,,,0,2,4-4-2,4-3-3,Södertälje Fotbollsarena,,365
spelad,SE2,2026/27,2026-09-19,2026-09-19T15:00:00+00:00,Sandvikens IF,Örebro,4,2,H,12,7,8,6,,,,Max Persson,7,6,,,4,1,0,0,,,,,,,,,,,,,,,,,,,,,,,,,,,,,,,,,,,,,,,,,,,,,,,58,42,,,,,1,2,,,1,0,,,,,,,65,44,,,1,2,4-1-3-2,4-4-2,Arena Jernvallen,,365
spelad,SE2,2026/27,2026-09-19,2026-09-19T13:00:00+00:00,Varbergs BoIS FC,IK Brage,3,2,H,15,7,7,3,,,,Per Martin Melin,12,2,,,1,0,0,0,,,,,,,,,,,,,,,,,,,,,,,,,,,,,,,,,,,,,,,,,,,,,,,63,37,,,,,1,0,,,,,,,,,,,115,81,,,0,1,4-3-3,4-2-3-1,Paskbergsvallen,,365
spelad,SE2,2026/27,2026-09-19,2026-09-19T11:00:00+00:00,Östers IF,IFK Norrköping,1,3,A,13,15,3,9,,,,Fredrick Oppong,5,10,,,2,0,0,0,,,,,,,,,,,,,,,,,,,,,,,,,,,,,,,,,,,,,,,,,,,,,,,50,50,,,,,1,2,,,,,,,,,,,84,85,,,0,2,4-3-3,4-3-3,Visma Arena,,365
spelad,SE2,2026/27,2026-09-20,2026-09-20T11:00:00+00:00,GIF Sundsvall,Ljungskile,3,2,H,20,14,9,6,,,,Henrik Karlsson,5,2,,,0,0,0,0,,,,,,,,,,,,,,,,,,,,,,,,,,,,,,,,,,,,,,,,,,,,,,,55,45,,,,,2,2,,,,,,,,,,,87,88,,,0,2,4-4-2,4-4-2,NP3 Arena,,365
spelad,SE2,2026/27,2026-09-20,2026-09-20T13:00:00+00:00,Helsingborg,Norrby,0,0,D,16,8,2,0,,,,Niclas Karlsson,7,10,,,1,2,0,0,,,,,,,,,,,,,,,,,,,,,,,,,,,,,,,,,,,,,,,,,,,,,,,48,52,,,,,0,1,,,4,2,,,,,,,67,94,,,0,0,3-5-2,4-4-2,Olympia,,365
kommande,SE2,,2026-10-10,2026-10-10T15:00:00.000Z,IK Oddevold,Nordic United FC,,,,,,,,,,,,,,,,,,,,,,,,,,,,,,,,,,,,,,,,,,,,,,,,,2026-09-28T19:15:08.828Z,0.4614,0.2583,0.2804,2026-10-10T12:33:08.206Z,0.5227,0.239,0.2383,1.88,4.3,4.3,2026-10-04T09:27:34.347Z,0,0,0,0,,,,,,,,,,,,,,,,,,,,,,,,,,,,,,
kommande,SE2,,2026-10-10,2026-10-10T11:00:00.000Z,Landskrona BoIS,Sandvikens IF,,,,,,,,,,,,,,,,,,,,,,,,,,,,,,,,,,,,,,,,,,,,,,,,,2026-09-28T19:15:08.828Z,0.4981,0.2538,0.2481,2026-10-10T12:33:08.206Z,0.5221,0.2418,0.236,1.88,4.1,4.2,2026-10-04T09:27:34.347Z,0,0,0,0,,,,,,,,,,,,,,,,,,,,,,,,,,,,,,
kommande,SE2,,2026-10-10,2026-10-10T15:00:00.000Z,Norrby,Östers IF,,,,,,,,,,,,,,,,,,,,,,,,,,,,,,,,,,,,,,,,,,,,,,,,,2026-09-28T19:15:08.828Z,0.4357,0.2559,0.3084,2026-10-10T12:33:08.206Z,0.4627,0.2488,0.2885,2.11,4.1,3.45,2026-10-04T09:27:34.347Z,0,0,0,0,,,,,,,,,,,,,,,,,,,,,,,,,,,,,,
kommande,SE2,,2026-10-10,2026-10-10T13:00:00.000Z,Östersunds FK,Varbergs BoIS FC,,,,,,,,,,,,,,,,,,,,,,,,,,,,,,,,,,,,,,,,,,,,,,,,,2026-09-28T19:15:08.828Z,0.4471,0.2789,0.2739,2026-10-10T12:33:08.206Z,0.455,0.282,0.263,2.17,3.55,3.9,2026-10-04T09:27:34.347Z,0,0,0,0,,,,,,,,,,,,,,,,,,,,,,,,,,,,,,
kommande,SE2,,2026-10-11,2026-10-11T13:00:00Z,IFK Värnamo,Falkenbergs FF,,,,,,,,,,,,,,,,,,,,,,,,,,,,,,,,,,,,,,,,,,,,,,,,,2026-09-28T19:15:08.828Z,0.3731,0.2731,0.3538,2026-10-10T12:33:08.206Z,0.3939,0.2742,0.3318,2.45,3.55,2.89,2026-10-04T09:27:34.347Z,0,0,0,0,,,,,,,,,,,,,,,,,,,,,,,,,,,,,,
kommande,SE2,,2026-10-11,2026-10-11T15:00:00Z,IK Brage,Helsingborg,,,,,,,,,,,,,,,,,,,,,,,,,,,,,,,,,,,,,,,,,,,,,,,,,2026-09-28T19:15:08.828Z,0.3938,0.2657,0.3405,2026-10-10T12:33:08.206Z,0.3985,0.2573,0.3441,2.41,3.88,2.77,2026-10-04T09:27:34.347Z,0,0,0,0,,,,,,,,,,,,,,,,,,,,,,,,,,,,,,
kommande,SE2,,2026-10-11,2026-10-11T11:00:00Z,Örebro,Ljungskile,,,,,,,,,,,,,,,,,,,,,,,,,,,,,,,,,,,,,,,,,,,,,,,,,2026-09-28T19:15:08.828Z,0.4314,0.2624,0.3061,2026-10-10T12:33:08.206Z,0.4478,0.259,0.2932,2.18,3.76,3.35,2026-10-04T09:27:34.347Z,0,0,0,0,,,,,,,,,,,,,,,,,,,,,,,,,,,,,,
kommande,SE2,,2026-10-13,2026-10-13T17:00:00Z,IFK Norrköping,GIF Sundsvall,,,,,,,,,,,,,,,,,,,,,,,,,,,,,,,,,,,,,,,,,,,,,,,,,2026-10-10T11:19:58.359Z,0.7439,0.1542,0.1019,2026-10-10T12:33:08.206Z,0.7439,0.1542,0.1019,1.2,7.29,13.5,2026-10-04T09:27:34.347Z,0,0,0,0,,,,,,,,,,,,,,,,,,,,,,,,,,,,,,
kommande,SE2,,2026-10-17,2026-10-17T13:00:00Z,Falkenbergs FF,Landskrona BoIS,,,,,,,,,,,,,,,,,,,,,,,,,,,,,,,,,,,,,,,,,,,,,,,,,,,,,,,,,,,,2026-10-04T09:27:34.347Z,0,0,0,0,,,,,,,,,,,,,,,,,,,,,,,,,,,,,,
kommande,SE2,,2026-10-17,2026-10-17T11:00:00Z,Ljungskile,IK Brage,,,,,,,,,,,,,,,,,,,,,,,,,,,,,,,,,,,,,,,,,,,,,,,,,,,,,,,,,,,,2026-10-04T09:27:34.347Z,0,0,0,0,,,,,,,,,,,,,,,,,,,,,,,,,,,,,,
kommande,SE2,,2026-10-17,2026-10-17T13:00:00Z,Sandvikens IF,Östersunds FK,,,,,,,,,,,,,,,,,,,,,,,,,,,,,,,,,,,,,,,,,,,,,,,,,,,,,,,,,,,,2026-10-04T09:27:34.347Z,0,0,0,0,,,,,,,,,,,,,,,,,,,,,,,,,,,,,,
kommande,SE2,,2026-10-17,2026-10-17T15:00:00Z,Östers IF,IK Oddevold,,,,,,,,,,,,,,,,,,,,,,,,,,,,,,,,,,,,,,,,,,,,,,,,,,,,,,,,,,,,2026-10-04T09:27:34.347Z,0,0,0,0,,,,,,,,,,,,,,,,,,,,,,,,,,,,,,
kommande,SE2,,2026-10-18,2026-10-18T13:00:00Z,GIF Sundsvall,IFK Värnamo,,,,,,,,,,,,,,,,,,,,,,,,,,,,,,,,,,,,,,,,,,,,,,,,,,,,,,,,,,,,2026-10-04T09:27:34.347Z,0,0,0,0,,,,,,,,,,,,,,,,,,,,,,,,,,,,,,
kommande,SE2,,2026-10-18,2026-10-18T11:00:00Z,Nordic United FC,Norrby,,,,,,,,,,,,,,,,,,,,,,,,,,,,,,,,,,,,,,,,,,,,,,,,,,,,,,,,,,,,2026-10-04T09:27:34.347Z,0,0,0,0,,,,,,,,,,,,,,,,,,,,,,,,,,,,,,
kommande,SE2,,2026-10-19,2026-10-19T17:05:00Z,Varbergs BoIS FC,Helsingborg,,,,,,,,,,,,,,,,,,,,,,,,,,,,,,,,,,,,,,,,,,,,,,,,,,,,,,,,,,,,2026-10-04T09:27:34.347Z,0,0,0,0,,,,,,,,,,,,,,,,,,,,,,,,,,,,,,
kommande,SE2,,2026-10-20,2026-10-20T17:00:00Z,IFK Norrköping,Örebro,,,,,,,,,,,,,,,,,,,,,,,,,,,,,,,,,,,,,,,,,,,,,,,,,,,,,,,,,,,,2026-10-04T09:27:34.347Z,0,0,0,0,,,,,,,,,,,,,,,,,,,,,,,,,,,,,,
kommande,SE2,,2026-10-23,2026-10-23T17:00:00Z,IK Oddevold,GIF Sundsvall,,,,,,,,,,,,,,,,,,,,,,,,,,,,,,,,,,,,,,,,,,,,,,,,,,,,,,,,,,,,2026-10-04T09:27:34.347Z,0,0,0,0,,,,,,,,,,,,,,,,,,,,,,,,,,,,,,
kommande,SE2,,2026-10-24,2026-10-24T11:00:00Z,IFK Värnamo,Sandvikens IF,,,,,,,,,,,,,,,,,,,,,,,,,,,,,,,,,,,,,,,,,,,,,,,,,,,,,,,,,,,,2026-10-04T09:27:34.347Z,0,0,0,0,,,,,,,,,,,,,,,,,,,,,,,,,,,,,,
kommande,SE2,,2026-10-24,2026-10-24T15:00:00Z,IK Brage,Östers IF,,,,,,,,,,,,,,,,,,,,,,,,,,,,,,,,,,,,,,,,,,,,,,,,,,,,,,,,,,,,2026-10-04T09:27:34.347Z,0,0,0,0,,,,,,,,,,,,,,,,,,,,,,,,,,,,,,
kommande,SE2,,2026-10-24,2026-10-24T11:00:00Z,Östersunds FK,Nordic United FC,,,,,,,,,,,,,,,,,,,,,,,,,,,,,,,,,,,,,,,,,,,,,,,,,,,,,,,,,,,,2026-10-04T09:27:34.347Z,0,0,0,0,,,,,,,,,,,,,,,,,,,,,,,,,,,,,,
kommande,SE2,,2026-10-25,2026-10-25T14:00:00Z,Helsingborg,Ljungskile,,,,,,,,,,,,,,,,,,,,,,,,,,,,,,,,,,,,,,,,,,,,,,,,,,,,,,,,,,,,2026-10-04T09:27:34.347Z,0,0,0,0,,,,,,,,,,,,,,,,,,,,,,,,,,,,,,
kommande,SE2,,2026-10-25,2026-10-25T12:00:00Z,Norrby,IFK Norrköping,,,,,,,,,,,,,,,,,,,,,,,,,,,,,,,,,,,,,,,,,,,,,,,,,,,,,,,,,,,,2026-10-04T09:27:34.347Z,0,0,0,0,,,,,,,,,,,,,,,,,,,,,,,,,,,,,,
kommande,SE2,,2026-10-26,2026-10-26T18:05:00Z,Örebro,Falkenbergs FF,,,,,,,,,,,,,,,,,,,,,,,,,,,,,,,,,,,,,,,,,,,,,,,,,,,,,,,,,,,,2026-10-04T09:27:34.347Z,0,0,0,0,,,,,,,,,,,,,,,,,,,,,,,,,,,,,,
kommande,SE2,,2026-10-27,2026-10-27T18:00:00Z,Landskrona BoIS,Varbergs BoIS FC,,,,,,,,,,,,,,,,,,,,,,,,,,,,,,,,,,,,,,,,,,,,,,,,,,,,,,,,,,,,2026-10-04T09:27:34.347Z,0,0,0,0,,,,,,,,,,,,,,,,,,,,,,,,,,,,,,
kommande,SE2,,2026-10-30,2026-10-30T18:00:00Z,IK Oddevold,IK Brage,,,,,,,,,,,,,,,,,,,,,,,,,,,,,,,,,,,,,,,,,,,,,,,,,,,,,,,,,,,,2026-10-04T09:27:34.347Z,0,0,0,0,,,,,,,,,,,,,,,,,,,,,,,,,,,,,,
kommande,SE2,,2026-10-31,2026-10-31T16:00:00Z,Falkenbergs FF,Sandvikens IF,,,,,,,,,,,,,,,,,,,,,,,,,,,,,,,,,,,,,,,,,,,,,,,,,,,,,,,,,,,,2026-10-04T09:27:34.347Z,0,0,0,0,,,,,,,,,,,,,,,,,,,,,,,,,,,,,,
kommande,SE2,,2026-10-31,2026-10-31T12:00:00Z,IFK Norrköping,Östersunds FK,,,,,,,,,,,,,,,,,,,,,,,,,,,,,,,,,,,,,,,,,,,,,,,,,,,,,,,,,,,,2026-10-04T09:27:34.347Z,0,0,0,0,,,,,,,,,,,,,,,,,,,,,,,,,,,,,,
kommande,SE2,,2026-10-31,2026-10-31T14:00:00Z,Nordic United FC,GIF Sundsvall,,,,,,,,,,,,,,,,,,,,,,,,,,,,,,,,,,,,,,,,,,,,,,,,,,,,,,,,,,,,2026-10-04T09:27:34.347Z,0,0,0,0,,,,,,,,,,,,,,,,,,,,,,,,,,,,,,
kommande,SE2,,2026-10-31,2026-10-31T14:00:00Z,Norrby,IFK Värnamo,,,,,,,,,,,,,,,,,,,,,,,,,,,,,,,,,,,,,,,,,,,,,,,,,,,,,,,,,,,,2026-10-04T09:27:34.347Z,0,0,0,0,,,,,,,,,,,,,,,,,,,,,,,,,,,,,,
