status,league,season,date,kickoff,home,away,hg,ag,res,hs,as,hst,ast,xg_h,xg_a,xg_src,referee,hc,ac,hf,af,hy,ay,hr,ar,open_h,open_d,open_a,close_h,close_d,close_a,pin_close,best_open_h,best_open_d,best_open_a,best_close_h,best_close_d,best_close_a,over25_open,over25_close,luck,gap,mres,rest,h2h_n,h2h_pts,h2h_res,h2h_draw,promo,releg,miss_h,miss_a,steam,book,pre_first_at,pre_first_h,pre_first_d,pre_first_a,pre_last_at,pre_last_h,pre_last_d,pre_last_a,pre_best_h,pre_best_d,pre_best_a,pre_inj_at,pre_inj_h,pre_inj_a,pre_injv_h,pre_injv_a,close_src
spelad,SE3N,2025/26,2025-03-28,,Enköping,IFK Haninge,0,0,D,,,,,,,,,,,,,,,,,,,,,,,,,,,,,,,,,,,,,,,,,,,,,,,,,,,,,,,,,,,,,,
spelad,SE3N,2025/26,2025-03-29,,Hammarby Talang,Gefle,2,0,H,,,,,,,,,,,,,,,,,,,,,,,,,,,,,,,,,,,,,,,,,,,,,,,,,,,,,,,,,,,,,,
spelad,SE3N,2025/26,2025-03-29,,Stocksund,AFC Eskilstuna,1,2,A,,,,,,,,,,,,,,,,,,,,,,,,,,,,,,,,,,,,,,,,,,,,,,,,,,,,,,,,,,,,,,
spelad,SE3N,2025/26,2025-03-29,,United Nordic,Sollentuna,2,0,H,,,,,,,,,,,,,,,,,,,,,,,,,,,,,,,,,,,,,,,,,,,,,,,,,,,,,,,,,,,,,,
spelad,SE3N,2025/26,2025-03-29,,Örebro Syrianska,Arlanda,1,0,H,,,,,,,,,,,,,,,,,,,,,,,,,,,,,,,,,,,,,,,,,,,,,,,,,,,,,,,,,,,,,,
spelad,SE3N,2025/26,2025-03-30,,Assyriska,Stockholm Internazionale,1,1,D,,,,,,,,,,,,,,,,,,,,,,,,,,,,,,,,,,,,,,,,,,,,,,,,,,,,,,,,,,,,,,
spelad,SE3N,2025/26,2025-03-30,,Team TG,Karlstad,1,4,A,,,,,,,,,,,,,,,,,,,,,,,,,,,,,,,,,,,,,,,,,,,,,,,,,,,,,,,,,,,,,,
spelad,SE3N,2025/26,2025-03-30,,Vasalund,Karlberg,2,0,H,,,,,,,,,,,,,,,,,,,,,,,,,,,,,,,,,,,,,,,,,,,,,,,,,,,,,,,,,,,,,,
spelad,SE3N,2025/26,2025-04-04,,AFC Eskilstuna,Enköping,2,1,H,,,,,,,,,,,,,,,,,,,,,,,,,,,,,,,,,,,,,,,,,,,,,,,,,,,,,,,,,,,,,,
spelad,SE3N,2025/26,2025-04-04,,Sollentuna,Hammarby Talang,2,3,A,,,,,,,,,,,,,,,,,,,,,,,,,,,,,,,,,,,,,,,,,,,,,,,,,,,,,,,,,,,,,,
spelad,SE3N,2025/26,2025-04-05,,Arlanda,United Nordic,1,2,A,,,,,,,,,,,,,,,,,,,,,,,,,,,,,,,,,,,,,,,,,,,,,,,,,,,,,,,,,,,,,,
spelad,SE3N,2025/26,2025-04-05,,Gefle,Team TG,1,0,H,,,,,,,,,,,,,,,,,,,,,,,,,,,,,,,,,,,,,,,,,,,,,,,,,,,,,,,,,,,,,,
spelad,SE3N,2025/26,2025-04-05,,IFK Haninge,Vasalund,5,1,H,,,,,,,,,,,,,,,,,,,,,,,,,,,,,,,,,,,,,,,,,,,,,,,,,,,,,,,,,,,,,,
spelad,SE3N,2025/26,2025-04-05,,Karlberg,Örebro Syrianska,4,1,H,,,,,,,,,,,,,,,,,,,,,,,,,,,,,,,,,,,,,,,,,,,,,,,,,,,,,,,,,,,,,,
spelad,SE3N,2025/26,2025-04-05,,Karlstad,Assyriska,1,1,D,,,,,,,,,,,,,,,,,,,,,,,,,,,,,,,,,,,,,,,,,,,,,,,,,,,,,,,,,,,,,,
spelad,SE3N,2025/26,2025-04-05,,Stockholm Internazionale,Stocksund,5,0,H,,,,,,,,,,,,,,,,,,,,,,,,,,,,,,,,,,,,,,,,,,,,,,,,,,,,,,,,,,,,,,
spelad,SE3N,2025/26,2025-04-11,,Hammarby Talang,AFC Eskilstuna,1,1,D,,,,,,,,,,,,,,,,,,,,,,,,,,,,,,,,,,,,,,,,,,,,,,,,,,,,,,,,,,,,,,
spelad,SE3N,2025/26,2025-04-12,,Enköping,Sollentuna,2,1,H,,,,,,,,,,,,,,,,,,,,,,,,,,,,,,,,,,,,,,,,,,,,,,,,,,,,,,,,,,,,,,
spelad,SE3N,2025/26,2025-04-12,,United Nordic,Gefle,3,0,H,,,,,,,,,,,,,,,,,,,,,,,,,,,,,,,,,,,,,,,,,,,,,,,,,,,,,,,,,,,,,,
spelad,SE3N,2025/26,2025-04-12,,Örebro Syrianska,IFK Haninge,1,3,A,,,,,,,,,,,,,,,,,,,,,,,,,,,,,,,,,,,,,,,,,,,,,,,,,,,,,,,,,,,,,,
spelad,SE3N,2025/26,2025-04-13,,Assyriska,Karlberg,1,2,A,,,,,,,,,,,,,,,,,,,,,,,,,,,,,,,,,,,,,,,,,,,,,,,,,,,,,,,,,,,,,,
spelad,SE3N,2025/26,2025-04-13,,Karlstad,Stockholm Internazionale,0,1,A,,,,,,,,,,,,,,,,,,,,,,,,,,,,,,,,,,,,,,,,,,,,,,,,,,,,,,,,,,,,,,
spelad,SE3N,2025/26,2025-04-13,,Team TG,Arlanda,1,2,A,,,,,,,,,,,,,,,,,,,,,,,,,,,,,,,,,,,,,,,,,,,,,,,,,,,,,,,,,,,,,,
spelad,SE3N,2025/26,2025-04-13,,Vasalund,Stocksund,3,1,H,,,,,,,,,,,,,,,,,,,,,,,,,,,,,,,,,,,,,,,,,,,,,,,,,,,,,,,,,,,,,,
spelad,SE3N,2025/26,2025-04-18,,Gefle,Vasalund,1,2,A,,,,,,,,,,,,,,,,,,,,,,,,,,,,,,,,,,,,,,,,,,,,,,,,,,,,,,,,,,,,,,
spelad,SE3N,2025/26,2025-04-18,,IFK Haninge,Karlstad,2,1,H,,,,,,,,,,,,,,,,,,,,,,,,,,,,,,,,,,,,,,,,,,,,,,,,,,,,,,,,,,,,,,
spelad,SE3N,2025/26,2025-04-18,,Karlberg,Enköping,1,1,D,,,,,,,,,,,,,,,,,,,,,,,,,,,,,,,,,,,,,,,,,,,,,,,,,,,,,,,,,,,,,,
spelad,SE3N,2025/26,2025-04-18,,Stocksund,Örebro Syrianska,1,2,A,,,,,,,,,,,,,,,,,,,,,,,,,,,,,,,,,,,,,,,,,,,,,,,,,,,,,,,,,,,,,,
spelad,SE3N,2025/26,2025-04-19,,AFC Eskilstuna,United Nordic,1,1,D,,,,,,,,,,,,,,,,,,,,,,,,,,,,,,,,,,,,,,,,,,,,,,,,,,,,,,,,,,,,,,
spelad,SE3N,2025/26,2025-04-19,,Arlanda,Assyriska,0,0,D,,,,,,,,,,,,,,,,,,,,,,,,,,,,,,,,,,,,,,,,,,,,,,,,,,,,,,,,,,,,,,
spelad,SE3N,2025/26,2025-04-19,,Stockholm Internazionale,Hammarby Talang,2,3,A,,,,,,,,,,,,,,,,,,,,,,,,,,,,,,,,,,,,,,,,,,,,,,,,,,,,,,,,,,,,,,
spelad,SE3N,2025/26,2025-04-20,,Sollentuna,Team TG,1,3,A,,,,,,,,,,,,,,,,,,,,,,,,,,,,,,,,,,,,,,,,,,,,,,,,,,,,,,,,,,,,,,
spelad,SE3N,2025/26,2025-04-25,,Stocksund,Karlberg,0,2,A,,,,,,,,,,,,,,,,,,,,,,,,,,,,,,,,,,,,,,,,,,,,,,,,,,,,,,,,,,,,,,
spelad,SE3N,2025/26,2025-04-26,,Enköping,Örebro Syrianska,1,3,A,,,,,,,,,,,,,,,,,,,,,,,,,,,,,,,,,,,,,,,,,,,,,,,,,,,,,,,,,,,,,,
spelad,SE3N,2025/26,2025-04-26,,Sollentuna,Gefle,0,1,A,,,,,,,,,,,,,,,,,,,,,,,,,,,,,,,,,,,,,,,,,,,,,,,,,,,,,,,,,,,,,,
spelad,SE3N,2025/26,2025-04-26,,Stockholm Internazionale,IFK Haninge,1,2,A,,,,,,,,,,,,,,,,,,,,,,,,,,,,,,,,,,,,,,,,,,,,,,,,,,,,,,,,,,,,,,
spelad,SE3N,2025/26,2025-04-26,,Team TG,AFC Eskilstuna,1,1,D,,,,,,,,,,,,,,,,,,,,,,,,,,,,,,,,,,,,,,,,,,,,,,,,,,,,,,,,,,,,,,
spelad,SE3N,2025/26,2025-04-27,,Assyriska,Hammarby Talang,1,3,A,,,,,,,,,,,,,,,,,,,,,,,,,,,,,,,,,,,,,,,,,,,,,,,,,,,,,,,,,,,,,,
spelad,SE3N,2025/26,2025-04-27,,Karlstad,United Nordic,2,1,H,,,,,,,,,,,,,,,,,,,,,,,,,,,,,,,,,,,,,,,,,,,,,,,,,,,,,,,,,,,,,,
spelad,SE3N,2025/26,2025-04-27,,Vasalund,Arlanda,0,0,D,,,,,,,,,,,,,,,,,,,,,,,,,,,,,,,,,,,,,,,,,,,,,,,,,,,,,,,,,,,,,,
spelad,SE3N,2025/26,2025-05-03,,AFC Eskilstuna,Sollentuna,1,2,A,,,,,,,,,,,,,,,,,,,,,,,,,,,,,,,,,,,,,,,,,,,,,,,,,,,,,,,,,,,,,,
spelad,SE3N,2025/26,2025-05-03,,Hammarby Talang,Enköping,0,1,A,,,,,,,,,,,,,,,,,,,,,,,,,,,,,,,,,,,,,,,,,,,,,,,,,,,,,,,,,,,,,,
spelad,SE3N,2025/26,2025-05-03,,IFK Haninge,Arlanda,2,1,H,,,,,,,,,,,,,,,,,,,,,,,,,,,,,,,,,,,,,,,,,,,,,,,,,,,,,,,,,,,,,,
spelad,SE3N,2025/26,2025-05-04,,Gefle,Stocksund,1,2,A,,,,,,,,,,,,,,,,,,,,,,,,,,,,,,,,,,,,,,,,,,,,,,,,,,,,,,,,,,,,,,
spelad,SE3N,2025/26,2025-05-04,,Karlberg,Karlstad,2,3,A,,,,,,,,,,,,,,,,,,,,,,,,,,,,,,,,,,,,,,,,,,,,,,,,,,,,,,,,,,,,,,
spelad,SE3N,2025/26,2025-05-04,,United Nordic,Team TG,1,0,H,,,,,,,,,,,,,,,,,,,,,,,,,,,,,,,,,,,,,,,,,,,,,,,,,,,,,,,,,,,,,,
spelad,SE3N,2025/26,2025-05-04,,Örebro Syrianska,Stockholm Internazionale,1,2,A,,,,,,,,,,,,,,,,,,,,,,,,,,,,,,,,,,,,,,,,,,,,,,,,,,,,,,,,,,,,,,
spelad,SE3N,2025/26,2025-05-05,,Assyriska,Vasalund,3,0,H,,,,,,,,,,,,,,,,,,,,,,,,,,,,,,,,,,,,,,,,,,,,,,,,,,,,,,,,,,,,,,
spelad,SE3N,2025/26,2025-05-09,,Arlanda,Enköping,2,1,H,,,,,,,,,,,,,,,,,,,,,,,,,,,,,,,,,,,,,,,,,,,,,,,,,,,,,,,,,,,,,,
spelad,SE3N,2025/26,2025-05-10,,Gefle,AFC Eskilstuna,2,2,D,,,,,,,,,,,,,,,,,,,,,,,,,,,,,,,,,,,,,,,,,,,,,,,,,,,,,,,,,,,,,,
spelad,SE3N,2025/26,2025-05-10,,IFK Haninge,Karlberg,0,2,A,,,,,,,,,,,,,,,,,,,,,,,,,,,,,,,,,,,,,,,,,,,,,,,,,,,,,,,,,,,,,,
spelad,SE3N,2025/26,2025-05-10,,Stockholm Internazionale,Sollentuna,4,1,H,,,,,,,,,,,,,,,,,,,,,,,,,,,,,,,,,,,,,,,,,,,,,,,,,,,,,,,,,,,,,,
spelad,SE3N,2025/26,2025-05-10,,Vasalund,United Nordic,3,1,H,,,,,,,,,,,,,,,,,,,,,,,,,,,,,,,,,,,,,,,,,,,,,,,,,,,,,,,,,,,,,,
spelad,SE3N,2025/26,2025-05-11,,Karlstad,Stocksund,4,1,H,,,,,,,,,,,,,,,,,,,,,,,,,,,,,,,,,,,,,,,,,,,,,,,,,,,,,,,,,,,,,,
spelad,SE3N,2025/26,2025-05-11,,Team TG,Hammarby Talang,0,1,A,,,,,,,,,,,,,,,,,,,,,,,,,,,,,,,,,,,,,,,,,,,,,,,,,,,,,,,,,,,,,,
spelad,SE3N,2025/26,2025-05-11,,Örebro Syrianska,Assyriska,1,0,H,,,,,,,,,,,,,,,,,,,,,,,,,,,,,,,,,,,,,,,,,,,,,,,,,,,,,,,,,,,,,,
spelad,SE3N,2025/26,2025-05-16,,Arlanda,Sollentuna,2,2,D,,,,,,,,,,,,,,,,,,,,,,,,,,,,,,,,,,,,,,,,,,,,,,,,,,,,,,,,,,,,,,
spelad,SE3N,2025/26,2025-05-17,,Enköping,Karlstad,3,4,A,,,,,,,,,,,,,,,,,,,,,,,,,,,,,,,,,,,,,,,,,,,,,,,,,,,,,,,,,,,,,,
spelad,SE3N,2025/26,2025-05-17,,Karlberg,Gefle,0,1,A,,,,,,,,,,,,,,,,,,,,,,,,,,,,,,,,,,,,,,,,,,,,,,,,,,,,,,,,,,,,,,
spelad,SE3N,2025/26,2025-05-17,,Stocksund,IFK Haninge,3,2,H,,,,,,,,,,,,,,,,,,,,,,,,,,,,,,,,,,,,,,,,,,,,,,,,,,,,,,,,,,,,,,
spelad,SE3N,2025/26,2025-05-17,,United Nordic,Stockholm Internazionale,3,0,H,,,,,,,,,,,,,,,,,,,,,,,,,,,,,,,,,,,,,,,,,,,,,,,,,,,,,,,,,,,,,,
spelad,SE3N,2025/26,2025-05-18,,Assyriska,AFC Eskilstuna,2,1,H,,,,,,,,,,,,,,,,,,,,,,,,,,,,,,,,,,,,,,,,,,,,,,,,,,,,,,,,,,,,,,
spelad,SE3N,2025/26,2025-05-18,,Hammarby Talang,Örebro Syrianska,3,1,H,,,,,,,,,,,,,,,,,,,,,,,,,,,,,,,,,,,,,,,,,,,,,,,,,,,,,,,,,,,,,,
spelad,SE3N,2025/26,2025-05-18,,Vasalund,Team TG,6,0,H,,,,,,,,,,,,,,,,,,,,,,,,,,,,,,,,,,,,,,,,,,,,,,,,,,,,,,,,,,,,,,
spelad,SE3N,2025/26,2025-05-23,,Arlanda,Stocksund,5,3,H,,,,,,,,,,,,,,,,,,,,,,,,,,,,,,,,,,,,,,,,,,,,,,,,,,,,,,,,,,,,,,
spelad,SE3N,2025/26,2025-05-23,,Karlberg,Hammarby Talang,1,1,D,,,,,,,,,,,,,,,,,,,,,,,,,,,,,,,,,,,,,,,,,,,,,,,,,,,,,,,,,,,,,,
spelad,SE3N,2025/26,2025-05-24,,AFC Eskilstuna,Vasalund,0,2,A,,,,,,,,,,,,,,,,,,,,,,,,,,,,,,,,,,,,,,,,,,,,,,,,,,,,,,,,,,,,,,
spelad,SE3N,2025/26,2025-05-24,,IFK Haninge,Gefle,1,1,D,,,,,,,,,,,,,,,,,,,,,,,,,,,,,,,,,,,,,,,,,,,,,,,,,,,,,,,,,,,,,,
spelad,SE3N,2025/26,2025-05-24,,Sollentuna,Karlstad,0,3,A,,,,,,,,,,,,,,,,,,,,,,,,,,,,,,,,,,,,,,,,,,,,,,,,,,,,,,,,,,,,,,
spelad,SE3N,2025/26,2025-05-24,,Stockholm Internazionale,Enköping,3,1,H,,,,,,,,,,,,,,,,,,,,,,,,,,,,,,,,,,,,,,,,,,,,,,,,,,,,,,,,,,,,,,
spelad,SE3N,2025/26,2025-05-25,,Assyriska,United Nordic,2,1,H,,,,,,,,,,,,,,,,,,,,,,,,,,,,,,,,,,,,,,,,,,,,,,,,,,,,,,,,,,,,,,
spelad,SE3N,2025/26,2025-05-25,,Örebro Syrianska,Team TG,0,4,A,,,,,,,,,,,,,,,,,,,,,,,,,,,,,,,,,,,,,,,,,,,,,,,,,,,,,,,,,,,,,,
spelad,SE3N,2025/26,2025-05-28,,Enköping,Stocksund,5,1,H,,,,,,,,,,,,,,,,,,,,,,,,,,,,,,,,,,,,,,,,,,,,,,,,,,,,,,,,,,,,,,
spelad,SE3N,2025/26,2025-05-28,,Vasalund,Sollentuna,4,1,H,,,,,,,,,,,,,,,,,,,,,,,,,,,,,,,,,,,,,,,,,,,,,,,,,,,,,,,,,,,,,,
spelad,SE3N,2025/26,2025-05-29,,AFC Eskilstuna,Karlberg,0,2,A,,,,,,,,,,,,,,,,,,,,,,,,,,,,,,,,,,,,,,,,,,,,,,,,,,,,,,,,,,,,,,
spelad,SE3N,2025/26,2025-05-29,,Gefle,Stockholm Internazionale,0,1,A,,,,,,,,,,,,,,,,,,,,,,,,,,,,,,,,,,,,,,,,,,,,,,,,,,,,,,,,,,,,,,
spelad,SE3N,2025/26,2025-05-29,,Hammarby Talang,IFK Haninge,3,0,H,,,,,,,,,,,,,,,,,,,,,,,,,,,,,,,,,,,,,,,,,,,,,,,,,,,,,,,,,,,,,,
spelad,SE3N,2025/26,2025-05-29,,Karlstad,Arlanda,3,0,H,,,,,,,,,,,,,,,,,,,,,,,,,,,,,,,,,,,,,,,,,,,,,,,,,,,,,,,,,,,,,,
spelad,SE3N,2025/26,2025-05-29,,Team TG,Assyriska,1,2,A,,,,,,,,,,,,,,,,,,,,,,,,,,,,,,,,,,,,,,,,,,,,,,,,,,,,,,,,,,,,,,
spelad,SE3N,2025/26,2025-05-29,,United Nordic,Örebro Syrianska,3,1,H,,,,,,,,,,,,,,,,,,,,,,,,,,,,,,,,,,,,,,,,,,,,,,,,,,,,,,,,,,,,,,
spelad,SE3N,2025/26,2025-06-01,,Assyriska,Enköping,0,3,A,,,,,,,,,,,,,,,,,,,,,,,,,,,,,,,,,,,,,,,,,,,,,,,,,,,,,,,,,,,,,,
spelad,SE3N,2025/26,2025-06-01,,Hammarby Talang,Vasalund,3,2,H,,,,,,,,,,,,,,,,,,,,,,,,,,,,,,,,,,,,,,,,,,,,,,,,,,,,,,,,,,,,,,
spelad,SE3N,2025/26,2025-06-01,,Karlberg,Team TG,1,1,D,,,,,,,,,,,,,,,,,,,,,,,,,,,,,,,,,,,,,,,,,,,,,,,,,,,,,,,,,,,,,,
spelad,SE3N,2025/26,2025-06-02,,Gefle,Arlanda,1,1,D,,,,,,,,,,,,,,,,,,,,,,,,,,,,,,,,,,,,,,,,,,,,,,,,,,,,,,,,,,,,,,
spelad,SE3N,2025/26,2025-06-02,,Sollentuna,IFK Haninge,3,2,H,,,,,,,,,,,,,,,,,,,,,,,,,,,,,,,,,,,,,,,,,,,,,,,,,,,,,,,,,,,,,,
spelad,SE3N,2025/26,2025-06-02,,Stockholm Internazionale,AFC Eskilstuna,4,0,H,,,,,,,,,,,,,,,,,,,,,,,,,,,,,,,,,,,,,,,,,,,,,,,,,,,,,,,,,,,,,,
spelad,SE3N,2025/26,2025-06-03,,Karlstad,Örebro Syrianska,0,0,D,,,,,,,,,,,,,,,,,,,,,,,,,,,,,,,,,,,,,,,,,,,,,,,,,,,,,,,,,,,,,,
spelad,SE3N,2025/26,2025-06-04,,Stocksund,United Nordic,1,0,H,,,,,,,,,,,,,,,,,,,,,,,,,,,,,,,,,,,,,,,,,,,,,,,,,,,,,,,,,,,,,,
spelad,SE3N,2025/26,2025-06-07,,Enköping,Gefle,2,0,H,,,,,,,,,,,,,,,,,,,,,,,,,,,,,,,,,,,,,,,,,,,,,,,,,,,,,,,,,,,,,,
spelad,SE3N,2025/26,2025-06-07,,Örebro Syrianska,Sollentuna,2,3,A,,,,,,,,,,,,,,,,,,,,,,,,,,,,,,,,,,,,,,,,,,,,,,,,,,,,,,,,,,,,,,
spelad,SE3N,2025/26,2025-06-08,,Arlanda,Hammarby Talang,1,0,H,,,,,,,,,,,,,,,,,,,,,,,,,,,,,,,,,,,,,,,,,,,,,,,,,,,,,,,,,,,,,,
spelad,SE3N,2025/26,2025-06-08,,IFK Haninge,AFC Eskilstuna,9,3,H,,,,,,,,,,,,,,,,,,,,,,,,,,,,,,,,,,,,,,,,,,,,,,,,,,,,,,,,,,,,,,
spelad,SE3N,2025/26,2025-06-08,,Stocksund,Assyriska,3,2,H,,,,,,,,,,,,,,,,,,,,,,,,,,,,,,,,,,,,,,,,,,,,,,,,,,,,,,,,,,,,,,
spelad,SE3N,2025/26,2025-06-08,,Team TG,Stockholm Internazionale,1,3,A,,,,,,,,,,,,,,,,,,,,,,,,,,,,,,,,,,,,,,,,,,,,,,,,,,,,,,,,,,,,,,
spelad,SE3N,2025/26,2025-06-08,,Vasalund,Karlstad,1,3,A,,,,,,,,,,,,,,,,,,,,,,,,,,,,,,,,,,,,,,,,,,,,,,,,,,,,,,,,,,,,,,
spelad,SE3N,2025/26,2025-06-09,,United Nordic,Karlberg,4,3,H,,,,,,,,,,,,,,,,,,,,,,,,,,,,,,,,,,,,,,,,,,,,,,,,,,,,,,,,,,,,,,
spelad,SE3N,2025/26,2025-06-14,,Gefle,Assyriska,1,1,D,,,,,,,,,,,,,,,,,,,,,,,,,,,,,,,,,,,,,,,,,,,,,,,,,,,,,,,,,,,,,,
spelad,SE3N,2025/26,2025-06-14,,Hammarby Talang,Karlstad,3,1,H,,,,,,,,,,,,,,,,,,,,,,,,,,,,,,,,,,,,,,,,,,,,,,,,,,,,,,,,,,,,,,
spelad,SE3N,2025/26,2025-06-14,,IFK Haninge,United Nordic,2,2,D,,,,,,,,,,,,,,,,,,,,,,,,,,,,,,,,,,,,,,,,,,,,,,,,,,,,,,,,,,,,,,
spelad,SE3N,2025/26,2025-06-14,,Sollentuna,Stocksund,3,2,H,,,,,,,,,,,,,,,,,,,,,,,,,,,,,,,,,,,,,,,,,,,,,,,,,,,,,,,,,,,,,,
spelad,SE3N,2025/26,2025-06-15,,AFC Eskilstuna,Arlanda,1,0,H,,,,,,,,,,,,,,,,,,,,,,,,,,,,,,,,,,,,,,,,,,,,,,,,,,,,,,,,,,,,,,
spelad,SE3N,2025/26,2025-06-15,,Enköping,Team TG,2,0,H,,,,,,,,,,,,,,,,,,,,,,,,,,,,,,,,,,,,,,,,,,,,,,,,,,,,,,,,,,,,,,
spelad,SE3N,2025/26,2025-06-15,,Karlberg,Stockholm Internazionale,0,0,D,,,,,,,,,,,,,,,,,,,,,,,,,,,,,,,,,,,,,,,,,,,,,,,,,,,,,,,,,,,,,,
spelad,SE3N,2025/26,2025-06-15,,Vasalund,Örebro Syrianska,3,0,H,,,,,,,,,,,,,,,,,,,,,,,,,,,,,,,,,,,,,,,,,,,,,,,,,,,,,,,,,,,,,,
spelad,SE3N,2025/26,2025-06-19,,Arlanda,Karlberg,0,1,A,,,,,,,,,,,,,,,,,,,,,,,,,,,,,,,,,,,,,,,,,,,,,,,,,,,,,,,,,,,,,,
spelad,SE3N,2025/26,2025-06-19,,Stockholm Internazionale,Vasalund,0,0,D,,,,,,,,,,,,,,,,,,,,,,,,,,,,,,,,,,,,,,,,,,,,,,,,,,,,,,,,,,,,,,
spelad,SE3N,2025/26,2025-06-19,,Stocksund,Hammarby Talang,2,0,H,,,,,,,,,,,,,,,,,,,,,,,,,,,,,,,,,,,,,,,,,,,,,,,,,,,,,,,,,,,,,,
spelad,SE3N,2025/26,2025-06-21,,United Nordic,Enköping,3,2,H,,,,,,,,,,,,,,,,,,,,,,,,,,,,,,,,,,,,,,,,,,,,,,,,,,,,,,,,,,,,,,
spelad,SE3N,2025/26,2025-06-22,,Assyriska,Sollentuna,0,0,D,,,,,,,,,,,,,,,,,,,,,,,,,,,,,,,,,,,,,,,,,,,,,,,,,,,,,,,,,,,,,,
spelad,SE3N,2025/26,2025-06-22,,Karlstad,AFC Eskilstuna,1,2,A,,,,,,,,,,,,,,,,,,,,,,,,,,,,,,,,,,,,,,,,,,,,,,,,,,,,,,,,,,,,,,
spelad,SE3N,2025/26,2025-06-22,,Team TG,IFK Haninge,1,2,A,,,,,,,,,,,,,,,,,,,,,,,,,,,,,,,,,,,,,,,,,,,,,,,,,,,,,,,,,,,,,,
spelad,SE3N,2025/26,2025-06-22,,Örebro Syrianska,Gefle,2,1,H,,,,,,,,,,,,,,,,,,,,,,,,,,,,,,,,,,,,,,,,,,,,,,,,,,,,,,,,,,,,,,
spelad,SE3N,2025/26,2025-06-25,,Enköping,Vasalund,1,4,A,,,,,,,,,,,,,,,,,,,,,,,,,,,,,,,,,,,,,,,,,,,,,,,,,,,,,,,,,,,,,,
spelad,SE3N,2025/26,2025-06-25,,Hammarby Talang,United Nordic,2,0,H,,,,,,,,,,,,,,,,,,,,,,,,,,,,,,,,,,,,,,,,,,,,,,,,,,,,,,,,,,,,,,
spelad,SE3N,2025/26,2025-06-27,,AFC Eskilstuna,Örebro Syrianska,1,1,D,,,,,,,,,,,,,,,,,,,,,,,,,,,,,,,,,,,,,,,,,,,,,,,,,,,,,,,,,,,,,,
spelad,SE3N,2025/26,2025-06-27,,Karlberg,Sollentuna,1,2,A,,,,,,,,,,,,,,,,,,,,,,,,,,,,,,,,,,,,,,,,,,,,,,,,,,,,,,,,,,,,,,
spelad,SE3N,2025/26,2025-06-28,,Arlanda,Stockholm Internazionale,1,1,D,,,,,,,,,,,,,,,,,,,,,,,,,,,,,,,,,,,,,,,,,,,,,,,,,,,,,,,,,,,,,,
spelad,SE3N,2025/26,2025-06-28,,IFK Haninge,Assyriska,0,1,A,,,,,,,,,,,,,,,,,,,,,,,,,,,,,,,,,,,,,,,,,,,,,,,,,,,,,,,,,,,,,,
spelad,SE3N,2025/26,2025-06-28,,Karlstad,Gefle,2,2,D,,,,,,,,,,,,,,,,,,,,,,,,,,,,,,,,,,,,,,,,,,,,,,,,,,,,,,,,,,,,,,
spelad,SE3N,2025/26,2025-06-29,,Team TG,Stocksund,2,1,H,,,,,,,,,,,,,,,,,,,,,,,,,,,,,,,,,,,,,,,,,,,,,,,,,,,,,,,,,,,,,,
spelad,SE3N,2025/26,2025-08-02,,AFC Eskilstuna,IFK Haninge,3,2,H,,,,,,,,,,,,,,,,,,,,,,,,,,,,,,,,,,,,,,,,,,,,,,,,,,,,,,,,,,,,,,
spelad,SE3N,2025/26,2025-08-02,,Gefle,Karlberg,1,1,D,,,,,,,,,,,,,,,,,,,,,,,,,,,,,,,,,,,,,,,,,,,,,,,,,,,,,,,,,,,,,,
spelad,SE3N,2025/26,2025-08-02,,Sollentuna,Enköping,0,0,D,,,,,,,,,,,,,,,,,,,,,,,,,,,,,,,,,,,,,,,,,,,,,,,,,,,,,,,,,,,,,,
spelad,SE3N,2025/26,2025-08-02,,Stockholm Internazionale,Örebro Syrianska,3,1,H,,,,,,,,,,,,,,,,,,,,,,,,,,,,,,,,,,,,,,,,,,,,,,,,,,,,,,,,,,,,,,
spelad,SE3N,2025/26,2025-08-02,,United Nordic,Karlstad,1,1,D,,,,,,,,,,,,,,,,,,,,,,,,,,,,,,,,,,,,,,,,,,,,,,,,,,,,,,,,,,,,,,
spelad,SE3N,2025/26,2025-08-03,,Assyriska,Team TG,4,0,H,,,,,,,,,,,,,,,,,,,,,,,,,,,,,,,,,,,,,,,,,,,,,,,,,,,,,,,,,,,,,,
spelad,SE3N,2025/26,2025-08-03,,Stocksund,Arlanda,2,1,H,,,,,,,,,,,,,,,,,,,,,,,,,,,,,,,,,,,,,,,,,,,,,,,,,,,,,,,,,,,,,,
spelad,SE3N,2025/26,2025-08-04,,Vasalund,Hammarby Talang,1,1,D,,,,,,,,,,,,,,,,,,,,,,,,,,,,,,,,,,,,,,,,,,,,,,,,,,,,,,,,,,,,,,
spelad,SE3N,2025/26,2025-08-08,,Enköping,AFC Eskilstuna,2,3,A,,,,,,,,,,,,,,,,,,,,,,,,,,,,,,,,,,,,,,,,,,,,,,,,,,,,,,,,,,,,,,
spelad,SE3N,2025/26,2025-08-09,,IFK Haninge,Sollentuna,3,3,D,,,,,,,,,,,,,,,,,,,,,,,,,,,,,,,,,,,,,,,,,,,,,,,,,,,,,,,,,,,,,,
spelad,SE3N,2025/26,2025-08-09,,Karlberg,Arlanda,1,3,A,,,,,,,,,,,,,,,,,,,,,,,,,,,,,,,,,,,,,,,,,,,,,,,,,,,,,,,,,,,,,,
spelad,SE3N,2025/26,2025-08-09,,Örebro Syrianska,Stocksund,1,2,A,,,,,,,,,,,,,,,,,,,,,,,,,,,,,,,,,,,,,,,,,,,,,,,,,,,,,,,,,,,,,,
spelad,SE3N,2025/26,2025-08-10,,Karlstad,Team TG,1,0,H,,,,,,,,,,,,,,,,,,,,,,,,,,,,,,,,,,,,,,,,,,,,,,,,,,,,,,,,,,,,,,
spelad,SE3N,2025/26,2025-08-10,,United Nordic,Assyriska,1,0,H,,,,,,,,,,,,,,,,,,,,,,,,,,,,,,,,,,,,,,,,,,,,,,,,,,,,,,,,,,,,,,
spelad,SE3N,2025/26,2025-08-10,,Vasalund,Gefle,4,1,H,,,,,,,,,,,,,,,,,,,,,,,,,,,,,,,,,,,,,,,,,,,,,,,,,,,,,,,,,,,,,,
spelad,SE3N,2025/26,2025-08-11,,Hammarby Talang,Stockholm Internazionale,1,1,D,,,,,,,,,,,,,,,,,,,,,,,,,,,,,,,,,,,,,,,,,,,,,,,,,,,,,,,,,,,,,,
spelad,SE3N,2025/26,2025-08-15,,Arlanda,IFK Haninge,5,4,H,,,,,,,,,,,,,,,,,,,,,,,,,,,,,,,,,,,,,,,,,,,,,,,,,,,,,,,,,,,,,,
spelad,SE3N,2025/26,2025-08-15,,Sollentuna,Vasalund,3,2,H,,,,,,,,,,,,,,,,,,,,,,,,,,,,,,,,,,,,,,,,,,,,,,,,,,,,,,,,,,,,,,
spelad,SE3N,2025/26,2025-08-16,,AFC Eskilstuna,Assyriska,2,1,H,,,,,,,,,,,,,,,,,,,,,,,,,,,,,,,,,,,,,,,,,,,,,,,,,,,,,,,,,,,,,,
spelad,SE3N,2025/26,2025-08-16,,Gefle,Enköping,5,1,H,,,,,,,,,,,,,,,,,,,,,,,,,,,,,,,,,,,,,,,,,,,,,,,,,,,,,,,,,,,,,,
spelad,SE3N,2025/26,2025-08-16,,Stockholm Internazionale,Karlberg,3,1,H,,,,,,,,,,,,,,,,,,,,,,,,,,,,,,,,,,,,,,,,,,,,,,,,,,,,,,,,,,,,,,
spelad,SE3N,2025/26,2025-08-16,,Stocksund,Karlstad,1,4,A,,,,,,,,,,,,,,,,,,,,,,,,,,,,,,,,,,,,,,,,,,,,,,,,,,,,,,,,,,,,,,
spelad,SE3N,2025/26,2025-08-16,,Örebro Syrianska,Hammarby Talang,0,2,A,,,,,,,,,,,,,,,,,,,,,,,,,,,,,,,,,,,,,,,,,,,,,,,,,,,,,,,,,,,,,,
spelad,SE3N,2025/26,2025-08-17,,Team TG,United Nordic,0,2,A,,,,,,,,,,,,,,,,,,,,,,,,,,,,,,,,,,,,,,,,,,,,,,,,,,,,,,,,,,,,,,
spelad,SE3N,2025/26,2025-08-23,,United Nordic,Stocksund,3,0,H,,,,,,,,,,,,,,,,,,,,,,,,,,,,,,,,,,,,,,,,,,,,,,,,,,,,,,,,,,,,,,
spelad,SE3N,2025/26,2025-08-24,,Arlanda,Gefle,2,0,H,,,,,,,,,,,,,,,,,,,,,,,,,,,,,,,,,,,,,,,,,,,,,,,,,,,,,,,,,,,,,,
spelad,SE3N,2025/26,2025-08-24,,Assyriska,Örebro Syrianska,3,1,H,,,,,,,,,,,,,,,,,,,,,,,,,,,,,,,,,,,,,,,,,,,,,,,,,,,,,,,,,,,,,,
spelad,SE3N,2025/26,2025-08-24,,Enköping,Karlberg,4,2,H,,,,,,,,,,,,,,,,,,,,,,,,,,,,,,,,,,,,,,,,,,,,,,,,,,,,,,,,,,,,,,
spelad,SE3N,2025/26,2025-08-24,,Hammarby Talang,Team TG,2,1,H,,,,,,,,,,,,,,,,,,,,,,,,,,,,,,,,,,,,,,,,,,,,,,,,,,,,,,,,,,,,,,
spelad,SE3N,2025/26,2025-08-24,,IFK Haninge,Stockholm Internazionale,0,1,A,,,,,,,,,,,,,,,,,,,,,,,,,,,,,,,,,,,,,,,,,,,,,,,,,,,,,,,,,,,,,,
spelad,SE3N,2025/26,2025-08-24,,Karlstad,Vasalund,2,3,A,,,,,,,,,,,,,,,,,,,,,,,,,,,,,,,,,,,,,,,,,,,,,,,,,,,,,,,,,,,,,,
spelad,SE3N,2025/26,2025-08-25,,Sollentuna,AFC Eskilstuna,4,3,H,,,,,,,,,,,,,,,,,,,,,,,,,,,,,,,,,,,,,,,,,,,,,,,,,,,,,,,,,,,,,,
spelad,SE3N,2025/26,2025-08-30,,Gefle,Sollentuna,5,1,H,,,,,,,,,,,,,,,,,,,,,,,,,,,,,,,,,,,,,,,,,,,,,,,,,,,,,,,,,,,,,,
spelad,SE3N,2025/26,2025-08-30,,Karlberg,IFK Haninge,3,1,H,,,,,,,,,,,,,,,,,,,,,,,,,,,,,,,,,,,,,,,,,,,,,,,,,,,,,,,,,,,,,,
spelad,SE3N,2025/26,2025-08-30,,Stockholm Internazionale,Arlanda,0,0,D,,,,,,,,,,,,,,,,,,,,,,,,,,,,,,,,,,,,,,,,,,,,,,,,,,,,,,,,,,,,,,
spelad,SE3N,2025/26,2025-08-31,,AFC Eskilstuna,Karlstad,4,3,H,,,,,,,,,,,,,,,,,,,,,,,,,,,,,,,,,,,,,,,,,,,,,,,,,,,,,,,,,,,,,,
spelad,SE3N,2025/26,2025-08-31,,Stocksund,Team TG,3,1,H,,,,,,,,,,,,,,,,,,,,,,,,,,,,,,,,,,,,,,,,,,,,,,,,,,,,,,,,,,,,,,
spelad,SE3N,2025/26,2025-08-31,,Vasalund,Enköping,2,0,H,,,,,,,,,,,,,,,,,,,,,,,,,,,,,,,,,,,,,,,,,,,,,,,,,,,,,,,,,,,,,,
spelad,SE3N,2025/26,2025-08-31,,Örebro Syrianska,United Nordic,0,2,A,,,,,,,,,,,,,,,,,,,,,,,,,,,,,,,,,,,,,,,,,,,,,,,,,,,,,,,,,,,,,,
spelad,SE3N,2025/26,2025-09-01,,Hammarby Talang,Assyriska,4,0,H,,,,,,,,,,,,,,,,,,,,,,,,,,,,,,,,,,,,,,,,,,,,,,,,,,,,,,,,,,,,,,
spelad,SE3N,2025/26,2025-09-05,,Enköping,Hammarby Talang,2,2,D,,,,,,,,,,,,,,,,,,,,,,,,,,,,,,,,,,,,,,,,,,,,,,,,,,,,,,,,,,,,,,
spelad,SE3N,2025/26,2025-09-06,,Arlanda,AFC Eskilstuna,2,1,H,,,,,,,,,,,,,,,,,,,,,,,,,,,,,,,,,,,,,,,,,,,,,,,,,,,,,,,,,,,,,,
spelad,SE3N,2025/26,2025-09-06,,Gefle,IFK Haninge,2,0,H,,,,,,,,,,,,,,,,,,,,,,,,,,,,,,,,,,,,,,,,,,,,,,,,,,,,,,,,,,,,,,
spelad,SE3N,2025/26,2025-09-06,,Karlberg,Stocksund,3,2,H,,,,,,,,,,,,,,,,,,,,,,,,,,,,,,,,,,,,,,,,,,,,,,,,,,,,,,,,,,,,,,
spelad,SE3N,2025/26,2025-09-06,,Sollentuna,Örebro Syrianska,3,1,H,,,,,,,,,,,,,,,,,,,,,,,,,,,,,,,,,,,,,,,,,,,,,,,,,,,,,,,,,,,,,,
spelad,SE3N,2025/26,2025-09-07,,Assyriska,Karlstad,2,0,H,,,,,,,,,,,,,,,,,,,,,,,,,,,,,,,,,,,,,,,,,,,,,,,,,,,,,,,,,,,,,,
spelad,SE3N,2025/26,2025-09-07,,Stockholm Internazionale,United Nordic,1,2,A,,,,,,,,,,,,,,,,,,,,,,,,,,,,,,,,,,,,,,,,,,,,,,,,,,,,,,,,,,,,,,
spelad,SE3N,2025/26,2025-09-07,,Team TG,Vasalund,0,5,A,,,,,,,,,,,,,,,,,,,,,,,,,,,,,,,,,,,,,,,,,,,,,,,,,,,,,,,,,,,,,,
spelad,SE3N,2025/26,2025-09-12,,Sollentuna,Arlanda,2,0,H,,,,,,,,,,,,,,,,,,,,,,,,,,,,,,,,,,,,,,,,,,,,,,,,,,,,,,,,,,,,,,
spelad,SE3N,2025/26,2025-09-13,,AFC Eskilstuna,Gefle,2,0,H,,,,,,,,,,,,,,,,,,,,,,,,,,,,,,,,,,,,,,,,,,,,,,,,,,,,,,,,,,,,,,
spelad,SE3N,2025/26,2025-09-13,,IFK Haninge,Örebro Syrianska,3,1,H,,,,,,,,,,,,,,,,,,,,,,,,,,,,,,,,,,,,,,,,,,,,,,,,,,,,,,,,,,,,,,
spelad,SE3N,2025/26,2025-09-13,,Karlstad,Karlberg,1,0,H,,,,,,,,,,,,,,,,,,,,,,,,,,,,,,,,,,,,,,,,,,,,,,,,,,,,,,,,,,,,,,
spelad,SE3N,2025/26,2025-09-13,,Stocksund,Stockholm Internazionale,0,2,A,,,,,,,,,,,,,,,,,,,,,,,,,,,,,,,,,,,,,,,,,,,,,,,,,,,,,,,,,,,,,,
spelad,SE3N,2025/26,2025-09-13,,United Nordic,Hammarby Talang,1,1,D,,,,,,,,,,,,,,,,,,,,,,,,,,,,,,,,,,,,,,,,,,,,,,,,,,,,,,,,,,,,,,
spelad,SE3N,2025/26,2025-09-14,,Team TG,Enköping,2,3,A,,,,,,,,,,,,,,,,,,,,,,,,,,,,,,,,,,,,,,,,,,,,,,,,,,,,,,,,,,,,,,
spelad,SE3N,2025/26,2025-09-14,,Vasalund,Assyriska,1,2,A,,,,,,,,,,,,,,,,,,,,,,,,,,,,,,,,,,,,,,,,,,,,,,,,,,,,,,,,,,,,,,
spelad,SE3N,2025/26,2025-09-19,,IFK Haninge,Stocksund,2,4,A,,,,,,,,,,,,,,,,,,,,,,,,,,,,,,,,,,,,,,,,,,,,,,,,,,,,,,,,,,,,,,
spelad,SE3N,2025/26,2025-09-20,,Enköping,United Nordic,1,3,A,,,,,,,,,,,,,,,,,,,,,,,,,,,,,,,,,,,,,,,,,,,,,,,,,,,,,,,,,,,,,,
spelad,SE3N,2025/26,2025-09-20,,Karlberg,AFC Eskilstuna,4,2,H,,,,,,,,,,,,,,,,,,,,,,,,,,,,,,,,,,,,,,,,,,,,,,,,,,,,,,,,,,,,,,
spelad,SE3N,2025/26,2025-09-20,,Örebro Syrianska,Vasalund,0,5,A,,,,,,,,,,,,,,,,,,,,,,,,,,,,,,,,,,,,,,,,,,,,,,,,,,,,,,,,,,,,,,
spelad,SE3N,2025/26,2025-09-21,,Assyriska,Arlanda,1,2,A,,,,,,,,,,,,,,,,,,,,,,,,,,,,,,,,,,,,,,,,,,,,,,,,,,,,,,,,,,,,,,
spelad,SE3N,2025/26,2025-09-21,,Gefle,Karlstad,1,1,D,,,,,,,,,,,,,,,,,,,,,,,,,,,,,,,,,,,,,,,,,,,,,,,,,,,,,,,,,,,,,,
spelad,SE3N,2025/26,2025-09-21,,Stockholm Internazionale,Team TG,5,0,H,,,,,,,,,,,,,,,,,,,,,,,,,,,,,,,,,,,,,,,,,,,,,,,,,,,,,,,,,,,,,,
spelad,SE3N,2025/26,2025-09-22,,Hammarby Talang,Sollentuna,4,0,H,,,,,,,,,,,,,,,,,,,,,,,,,,,,,,,,,,,,,,,,,,,,,,,,,,,,,,,,,,,,,,
spelad,SE3N,2025/26,2025-09-26,,United Nordic,Vasalund,4,1,H,,,,,,,,,,,,,,,,,,,,,,,,,,,,,,,,,,,,,,,,,,,,,,,,,,,,,,,,,,,,,,
spelad,SE3N,2025/26,2025-09-27,,AFC Eskilstuna,Hammarby Talang,3,1,H,,,,,,,,,,,,,,,,,,,,,,,,,,,,,,,,,,,,,,,,,,,,,,,,,,,,,,,,,,,,,,
spelad,SE3N,2025/26,2025-09-27,,Arlanda,Örebro Syrianska,0,2,A,,,,,,,,,,,,,,,,,,,,,,,,,,,,,,,,,,,,,,,,,,,,,,,,,,,,,,,,,,,,,,
spelad,SE3N,2025/26,2025-09-27,,Karlstad,Enköping,2,0,H,,,,,,,,,,,,,,,,,,,,,,,,,,,,,,,,,,,,,,,,,,,,,,,,,,,,,,,,,,,,,,
spelad,SE3N,2025/26,2025-09-27,,Sollentuna,Stockholm Internazionale,1,1,D,,,,,,,,,,,,,,,,,,,,,,,,,,,,,,,,,,,,,,,,,,,,,,,,,,,,,,,,,,,,,,
spelad,SE3N,2025/26,2025-09-27,,Stocksund,Gefle,2,2,D,,,,,,,,,,,,,,,,,,,,,,,,,,,,,,,,,,,,,,,,,,,,,,,,,,,,,,,,,,,,,,
spelad,SE3N,2025/26,2025-09-27,,Team TG,Karlberg,2,4,A,,,,,,,,,,,,,,,,,,,,,,,,,,,,,,,,,,,,,,,,,,,,,,,,,,,,,,,,,,,,,,
spelad,SE3N,2025/26,2025-09-28,,Assyriska,IFK Haninge,3,0,H,,,,,,,,,,,,,,,,,,,,,,,,,,,,,,,,,,,,,,,,,,,,,,,,,,,,,,,,,,,,,,
spelad,SE3N,2025/26,2025-10-03,,Vasalund,Stockholm Internazionale,1,1,D,,,,,,,,,,,,,,,,,,,,,,,,,,,,,,,,,,,,,,,,,,,,,,,,,,,,,,,,,,,,,,
spelad,SE3N,2025/26,2025-10-04,,Enköping,Assyriska,3,1,H,,,,,,,,,,,,,,,,,,,,,,,,,,,,,,,,,,,,,,,,,,,,,,,,,,,,,,,,,,,,,,
spelad,SE3N,2025/26,2025-10-04,,Stocksund,Sollentuna,2,1,H,,,,,,,,,,,,,,,,,,,,,,,,,,,,,,,,,,,,,,,,,,,,,,,,,,,,,,,,,,,,,,
spelad,SE3N,2025/26,2025-10-04,,United Nordic,AFC Eskilstuna,3,2,H,,,,,,,,,,,,,,,,,,,,,,,,,,,,,,,,,,,,,,,,,,,,,,,,,,,,,,,,,,,,,,
spelad,SE3N,2025/26,2025-10-04,,Örebro Syrianska,Karlberg,1,1,D,,,,,,,,,,,,,,,,,,,,,,,,,,,,,,,,,,,,,,,,,,,,,,,,,,,,,,,,,,,,,,
spelad,SE3N,2025/26,2025-10-05,,Hammarby Talang,Arlanda,3,1,H,,,,,,,,,,,,,,,,,,,,,,,,,,,,,,,,,,,,,,,,,,,,,,,,,,,,,,,,,,,,,,
spelad,SE3N,2025/26,2025-10-05,,Karlstad,IFK Haninge,7,1,H,,,,,,,,,,,,,,,,,,,,,,,,,,,,,,,,,,,,,,,,,,,,,,,,,,,,,,,,,,,,,,
spelad,SE3N,2025/26,2025-10-05,,Team TG,Gefle,0,1,A,,,,,,,,,,,,,,,,,,,,,,,,,,,,,,,,,,,,,,,,,,,,,,,,,,,,,,,,,,,,,,
spelad,SE3N,2025/26,2025-10-10,,Örebro Syrianska,Enköping,1,1,D,,,,,,,,,,,,,,,,,,,,,,,,,,,,,,,,,,,,,,,,,,,,,,,,,,,,,,,,,,,,,,
spelad,SE3N,2025/26,2025-10-11,,AFC Eskilstuna,Stocksund,3,4,A,,,,,,,,,,,,,,,,,,,,,,,,,,,,,,,,,,,,,,,,,,,,,,,,,,,,,,,,,,,,,,
spelad,SE3N,2025/26,2025-10-11,,IFK Haninge,Hammarby Talang,1,2,A,,,,,,,,,,,,,,,,,,,,,,,,,,,,,,,,,,,,,,,,,,,,,,,,,,,,,,,,,,,,,,
spelad,SE3N,2025/26,2025-10-11,,Karlberg,Vasalund,0,0,D,,,,,,,,,,,,,,,,,,,,,,,,,,,,,,,,,,,,,,,,,,,,,,,,,,,,,,,,,,,,,,
spelad,SE3N,2025/26,2025-10-11,,Sollentuna,Assyriska,2,1,H,,,,,,,,,,,,,,,,,,,,,,,,,,,,,,,,,,,,,,,,,,,,,,,,,,,,,,,,,,,,,,
spelad,SE3N,2025/26,2025-10-11,,Stockholm Internazionale,Karlstad,0,1,A,,,,,,,,,,,,,,,,,,,,,,,,,,,,,,,,,,,,,,,,,,,,,,,,,,,,,,,,,,,,,,
spelad,SE3N,2025/26,2025-10-12,,Arlanda,Team TG,4,3,H,,,,,,,,,,,,,,,,,,,,,,,,,,,,,,,,,,,,,,,,,,,,,,,,,,,,,,,,,,,,,,
spelad,SE3N,2025/26,2025-10-12,,Gefle,United Nordic,0,2,A,,,,,,,,,,,,,,,,,,,,,,,,,,,,,,,,,,,,,,,,,,,,,,,,,,,,,,,,,,,,,,
spelad,SE3N,2025/26,2025-10-17,,Assyriska,Stocksund,3,3,D,,,,,,,,,,,,,,,,,,,,,,,,,,,,,,,,,,,,,,,,,,,,,,,,,,,,,,,,,,,,,,
spelad,SE3N,2025/26,2025-10-18,,Karlstad,Sollentuna,1,1,D,,,,,,,,,,,,,,,,,,,,,,,,,,,,,,,,,,,,,,,,,,,,,,,,,,,,,,,,,,,,,,
spelad,SE3N,2025/26,2025-10-18,,Stockholm Internazionale,Gefle,2,0,H,,,,,,,,,,,,,,,,,,,,,,,,,,,,,,,,,,,,,,,,,,,,,,,,,,,,,,,,,,,,,,
spelad,SE3N,2025/26,2025-10-19,,Enköping,Arlanda,1,3,A,,,,,,,,,,,,,,,,,,,,,,,,,,,,,,,,,,,,,,,,,,,,,,,,,,,,,,,,,,,,,,
spelad,SE3N,2025/26,2025-10-19,,Team TG,Örebro Syrianska,0,1,A,,,,,,,,,,,,,,,,,,,,,,,,,,,,,,,,,,,,,,,,,,,,,,,,,,,,,,,,,,,,,,
spelad,SE3N,2025/26,2025-10-19,,United Nordic,IFK Haninge,6,0,H,,,,,,,,,,,,,,,,,,,,,,,,,,,,,,,,,,,,,,,,,,,,,,,,,,,,,,,,,,,,,,
spelad,SE3N,2025/26,2025-10-19,,Vasalund,AFC Eskilstuna,4,2,H,,,,,,,,,,,,,,,,,,,,,,,,,,,,,,,,,,,,,,,,,,,,,,,,,,,,,,,,,,,,,,
spelad,SE3N,2025/26,2025-10-20,,Hammarby Talang,Karlberg,1,1,D,,,,,,,,,,,,,,,,,,,,,,,,,,,,,,,,,,,,,,,,,,,,,,,,,,,,,,,,,,,,,,
spelad,SE3N,2025/26,2025-10-24,,Örebro Syrianska,Karlstad,1,2,A,,,,,,,,,,,,,,,,,,,,,,,,,,,,,,,,,,,,,,,,,,,,,,,,,,,,,,,,,,,,,,
spelad,SE3N,2025/26,2025-10-25,,AFC Eskilstuna,Stockholm Internazionale,0,3,A,,,,,,,,,,,,,,,,,,,,,,,,,,,,,,,,,,,,,,,,,,,,,,,,,,,,,,,,,,,,,,
spelad,SE3N,2025/26,2025-10-25,,Karlberg,Assyriska,2,3,A,,,,,,,,,,,,,,,,,,,,,,,,,,,,,,,,,,,,,,,,,,,,,,,,,,,,,,,,,,,,,,
spelad,SE3N,2025/26,2025-10-25,,Sollentuna,United Nordic,3,3,D,,,,,,,,,,,,,,,,,,,,,,,,,,,,,,,,,,,,,,,,,,,,,,,,,,,,,,,,,,,,,,
spelad,SE3N,2025/26,2025-10-25,,Stocksund,Enköping,2,3,A,,,,,,,,,,,,,,,,,,,,,,,,,,,,,,,,,,,,,,,,,,,,,,,,,,,,,,,,,,,,,,
spelad,SE3N,2025/26,2025-10-26,,Arlanda,Vasalund,4,1,H,,,,,,,,,,,,,,,,,,,,,,,,,,,,,,,,,,,,,,,,,,,,,,,,,,,,,,,,,,,,,,
spelad,SE3N,2025/26,2025-10-26,,Gefle,Hammarby Talang,2,4,A,,,,,,,,,,,,,,,,,,,,,,,,,,,,,,,,,,,,,,,,,,,,,,,,,,,,,,,,,,,,,,
spelad,SE3N,2025/26,2025-10-26,,IFK Haninge,Team TG,3,2,H,,,,,,,,,,,,,,,,,,,,,,,,,,,,,,,,,,,,,,,,,,,,,,,,,,,,,,,,,,,,,,
spelad,SE3N,2025/26,2025-11-01,,Arlanda,Karlstad,3,5,A,,,,,,,,,,,,,,,,,,,,,,,,,,,,,,,,,,,,,,,,,,,,,,,,,,,,,,,,,,,,,,
spelad,SE3N,2025/26,2025-11-01,,Karlberg,United Nordic,1,4,A,,,,,,,,,,,,,,,,,,,,,,,,,,,,,,,,,,,,,,,,,,,,,,,,,,,,,,,,,,,,,,
spelad,SE3N,2025/26,2025-11-01,,Örebro Syrianska,AFC Eskilstuna,2,4,A,,,,,,,,,,,,,,,,,,,,,,,,,,,,,,,,,,,,,,,,,,,,,,,,,,,,,,,,,,,,,,
spelad,SE3N,2025/26,2025-11-02,,Assyriska,Gefle,1,2,A,,,,,,,,,,,,,,,,,,,,,,,,,,,,,,,,,,,,,,,,,,,,,,,,,,,,,,,,,,,,,,
spelad,SE3N,2025/26,2025-11-02,,Enköping,Stockholm Internazionale,0,2,A,,,,,,,,,,,,,,,,,,,,,,,,,,,,,,,,,,,,,,,,,,,,,,,,,,,,,,,,,,,,,,
spelad,SE3N,2025/26,2025-11-02,,Team TG,Sollentuna,0,0,D,,,,,,,,,,,,,,,,,,,,,,,,,,,,,,,,,,,,,,,,,,,,,,,,,,,,,,,,,,,,,,
spelad,SE3N,2025/26,2025-11-02,,Vasalund,IFK Haninge,3,1,H,,,,,,,,,,,,,,,,,,,,,,,,,,,,,,,,,,,,,,,,,,,,,,,,,,,,,,,,,,,,,,
spelad,SE3N,2025/26,2025-11-03,,Hammarby Talang,Stocksund,4,1,H,,,,,,,,,,,,,,,,,,,,,,,,,,,,,,,,,,,,,,,,,,,,,,,,,,,,,,,,,,,,,,
spelad,SE3N,2025/26,2025-11-09,,AFC Eskilstuna,Team TG,1,0,H,,,,,,,,,,,,,,,,,,,,,,,,,,,,,,,,,,,,,,,,,,,,,,,,,,,,,,,,,,,,,,
spelad,SE3N,2025/26,2025-11-09,,Gefle,Örebro Syrianska,3,3,D,,,,,,,,,,,,,,,,,,,,,,,,,,,,,,,,,,,,,,,,,,,,,,,,,,,,,,,,,,,,,,
spelad,SE3N,2025/26,2025-11-09,,IFK Haninge,Enköping,0,0,D,,,,,,,,,,,,,,,,,,,,,,,,,,,,,,,,,,,,,,,,,,,,,,,,,,,,,,,,,,,,,,
spelad,SE3N,2025/26,2025-11-09,,Karlstad,Hammarby Talang,1,2,A,,,,,,,,,,,,,,,,,,,,,,,,,,,,,,,,,,,,,,,,,,,,,,,,,,,,,,,,,,,,,,
spelad,SE3N,2025/26,2025-11-09,,Sollentuna,Karlberg,2,2,D,,,,,,,,,,,,,,,,,,,,,,,,,,,,,,,,,,,,,,,,,,,,,,,,,,,,,,,,,,,,,,
spelad,SE3N,2025/26,2025-11-09,,Stockholm Internazionale,Assyriska,0,1,A,,,,,,,,,,,,,,,,,,,,,,,,,,,,,,,,,,,,,,,,,,,,,,,,,,,,,,,,,,,,,,
spelad,SE3N,2025/26,2025-11-09,,Stocksund,Vasalund,1,7,A,,,,,,,,,,,,,,,,,,,,,,,,,,,,,,,,,,,,,,,,,,,,,,,,,,,,,,,,,,,,,,
spelad,SE3N,2025/26,2025-11-09,,United Nordic,Arlanda,3,2,H,,,,,,,,,,,,,,,,,,,,,,,,,,,,,,,,,,,,,,,,,,,,,,,,,,,,,,,,,,,,,,
spelad,SE3N,2026/27,2026-04-03,,Arlanda,Vasalund,2,1,H,,,,,,,,,,,,,,,,,,,,,,,,,,,,,,,,,,,,,,,,,,,,,,,,,,,,,,,,,,,,,,
spelad,SE3N,2026/27,2026-04-03,,FBK Karlstad,Gefle,2,1,H,,,,,,,,,,,,,,,,,,,,,,,,,,,,,,,,,,,,,,,,,,,,,,,,,,,,,,,,,,,,,,
spelad,SE3N,2026/27,2026-04-04,,AFC Eskilstuna,Järfälla,1,1,D,,,,,,,,,,,,,,,,,,,,,,,,,,,,,,,,,,,,,,,,,,,,,,,,,,,,,,,,,,,,,,
spelad,SE3N,2026/27,2026-04-04,,Enköping,Stocksund,3,2,H,,,,,,,,,,,,,,,,,,,,,,,,,,,,,,,,,,,,,,,,,,,,,,,,,,,,,,,,,,,,,,
spelad,SE3N,2026/27,2026-04-04,,Sollentuna,Karlberg,0,1,A,,,,,,,,,,,,,,,,,,,,,,,,,,,,,,,,,,,,,,,,,,,,,,,,,,,,,,,,,,,,,,
spelad,SE3N,2026/27,2026-04-05,,Assyriska,Stockholm Internazionale,1,2,A,,,,,,,,,,,,,,,,,,,,,,,,,,,,,,,,,,,,,,,,,,,,,,,,,,,,,,,,,,,,,,
spelad,SE3N,2026/27,2026-04-06,,Hammarby Talang,Umeå,1,2,A,,,,,,,,,,,,,,,,,,,,,,,,,,,,,,,,,,,,,,,,,,,,,,,,,,,,,,,,,,,,,,
spelad,SE3N,2026/27,2026-04-06,,Karlstad,Piteå,2,1,H,,,,,,,,,,,,,,,,,,,,,,,,,,,,,,,,,,,,,,,,,,,,,,,,,,,,,,,,,,,,,,
spelad,SE3N,2026/27,2026-04-10,,Karlberg,Enköping,1,3,A,,,,,,,,,,,,,,,,,,,,,,,,,,,,,,,,,,,,,,,,,,,,,,,,,,,,,,,,,,,,,,
spelad,SE3N,2026/27,2026-04-11,,Gefle,AFC Eskilstuna,4,3,H,,,,,,,,,,,,,,,,,,,,,,,,,,,,,,,,,,,,,,,,,,,,,,,,,,,,,,,,,,,,,,
spelad,SE3N,2026/27,2026-04-11,,Järfälla,Sollentuna,0,1,A,,,,,,,,,,,,,,,,,,,,,,,,,,,,,,,,,,,,,,,,,,,,,,,,,,,,,,,,,,,,,,
spelad,SE3N,2026/27,2026-04-11,,Stocksund,Hammarby Talang,2,4,A,,,,,,,,,,,,,,,,,,,,,,,,,,,,,,,,,,,,,,,,,,,,,,,,,,,,,,,,,,,,,,
spelad,SE3N,2026/27,2026-04-12,,Piteå,Assyriska,0,2,A,,,,,,,,,,,,,,,,,,,,,,,,,,,,,,,,,,,,,,,,,,,,,,,,,,,,,,,,,,,,,,
spelad,SE3N,2026/27,2026-04-12,,Stockholm Internazionale,Karlstad,0,1,A,,,,,,,,,,,,,,,,,,,,,,,,,,,,,,,,,,,,,,,,,,,,,,,,,,,,,,,,,,,,,,
spelad,SE3N,2026/27,2026-04-12,,Umeå,Arlanda,0,1,A,,,,,,,,,,,,,,,,,,,,,,,,,,,,,,,,,,,,,,,,,,,,,,,,,,,,,,,,,,,,,,
spelad,SE3N,2026/27,2026-04-12,,Vasalund,FBK Karlstad,1,3,A,,,,,,,,,,,,,,,,,,,,,,,,,,,,,,,,,,,,,,,,,,,,,,,,,,,,,,,,,,,,,,
spelad,SE3N,2026/27,2026-04-18,,Arlanda,Stockholm Internazionale,0,0,D,,,,,,,,,,,,,,,,,,,,,,,,,,,,,,,,,,,,,,,,,,,,,,,,,,,,,,,,,,,,,,
spelad,SE3N,2026/27,2026-04-18,,Enköping,FBK Karlstad,2,1,H,,,,,,,,,,,,,,,,,,,,,,,,,,,,,,,,,,,,,,,,,,,,,,,,,,,,,,,,,,,,,,
spelad,SE3N,2026/27,2026-04-18,,Gefle,Sollentuna,1,2,A,,,,,,,,,,,,,,,,,,,,,,,,,,,,,,,,,,,,,,,,,,,,,,,,,,,,,,,,,,,,,,
spelad,SE3N,2026/27,2026-04-18,,Karlstad,Järfälla,2,1,H,,,,,,,,,,,,,,,,,,,,,,,,,,,,,,,,,,,,,,,,,,,,,,,,,,,,,,,,,,,,,,
spelad,SE3N,2026/27,2026-04-19,,Assyriska,Karlberg,3,4,A,,,,,,,,,,,,,,,,,,,,,,,,,,,,,,,,,,,,,,,,,,,,,,,,,,,,,,,,,,,,,,
spelad,SE3N,2026/27,2026-04-19,,Piteå,Hammarby Talang,1,4,A,,,,,,,,,,,,,,,,,,,,,,,,,,,,,,,,,,,,,,,,,,,,,,,,,,,,,,,,,,,,,,
spelad,SE3N,2026/27,2026-04-19,,Vasalund,Umeå,3,1,H,,,,,,,,,,,,,,,,,,,,,,,,,,,,,,,,,,,,,,,,,,,,,,,,,,,,,,,,,,,,,,
spelad,SE3N,2026/27,2026-04-20,,Stocksund,AFC Eskilstuna,4,4,D,,,,,,,,,,,,,,,,,,,,,,,,,,,,,,,,,,,,,,,,,,,,,,,,,,,,,,,,,,,,,,
spelad,SE3N,2026/27,2026-04-24,,Enköping,Arlanda,1,7,A,,,,,,,,,,,,,,,,,,,,,,,,,,,,,,,,,,,,,,,,,,,,,,,,,,,,,,,,,,,,,,
spelad,SE3N,2026/27,2026-04-25,,FBK Karlstad,Stocksund,1,0,H,,,,,,,,,,,,,,,,,,,,,,,,,,,,,,,,,,,,,,,,,,,,,,,,,,,,,,,,,,,,,,
spelad,SE3N,2026/27,2026-04-25,,Sollentuna,Assyriska,0,0,D,,,,,,,,,,,,,,,,,,,,,,,,,,,,,,,,,,,,,,,,,,,,,,,,,,,,,,,,,,,,,,
spelad,SE3N,2026/27,2026-04-26,,AFC Eskilstuna,Karlstad,0,2,A,,,,,,,,,,,,,,,,,,,,,,,,,,,,,,,,,,,,,,,,,,,,,,,,,,,,,,,,,,,,,,
spelad,SE3N,2026/27,2026-04-26,,Järfälla,Piteå,1,0,H,,,,,,,,,,,,,,,,,,,,,,,,,,,,,,,,,,,,,,,,,,,,,,,,,,,,,,,,,,,,,,
spelad,SE3N,2026/27,2026-04-26,,Karlberg,Gefle,3,2,H,,,,,,,,,,,,,,,,,,,,,,,,,,,,,,,,,,,,,,,,,,,,,,,,,,,,,,,,,,,,,,
spelad,SE3N,2026/27,2026-04-26,,Stockholm Internazionale,Umeå,3,0,H,,,,,,,,,,,,,,,,,,,,,,,,,,,,,,,,,,,,,,,,,,,,,,,,,,,,,,,,,,,,,,
spelad,SE3N,2026/27,2026-04-27,,Hammarby Talang,Vasalund,2,2,D,,,,,,,,,,,,,,,,,,,,,,,,,,,,,,,,,,,,,,,,,,,,,,,,,,,,,,,,,,,,,,
spelad,SE3N,2026/27,2026-05-01,,Stocksund,Vasalund,2,2,D,,,,,,,,,,,,,,,,,,,,,,,,,,,,,,,,,,,,,,,,,,,,,,,,,,,,,,,,,,,,,,
spelad,SE3N,2026/27,2026-05-02,,AFC Eskilstuna,FBK Karlstad,0,2,A,,,,,,,,,,,,,,,,,,,,,,,,,,,,,,,,,,,,,,,,,,,,,,,,,,,,,,,,,,,,,,
spelad,SE3N,2026/27,2026-05-02,,Gefle,Enköping,2,1,H,,,,,,,,,,,,,,,,,,,,,,,,,,,,,,,,,,,,,,,,,,,,,,,,,,,,,,,,,,,,,,
spelad,SE3N,2026/27,2026-05-02,,Karlstad,Hammarby Talang,0,2,A,,,,,,,,,,,,,,,,,,,,,,,,,,,,,,,,,,,,,,,,,,,,,,,,,,,,,,,,,,,,,,
spelad,SE3N,2026/27,2026-05-03,,Assyriska,Järfälla,3,3,D,,,,,,,,,,,,,,,,,,,,,,,,,,,,,,,,,,,,,,,,,,,,,,,,,,,,,,,,,,,,,,
spelad,SE3N,2026/27,2026-05-03,,Piteå,Arlanda,1,2,A,,,,,,,,,,,,,,,,,,,,,,,,,,,,,,,,,,,,,,,,,,,,,,,,,,,,,,,,,,,,,,
spelad,SE3N,2026/27,2026-05-03,,Stockholm Internazionale,Sollentuna,1,1,D,,,,,,,,,,,,,,,,,,,,,,,,,,,,,,,,,,,,,,,,,,,,,,,,,,,,,,,,,,,,,,
spelad,SE3N,2026/27,2026-05-03,,Umeå,Karlberg,2,1,H,,,,,,,,,,,,,,,,,,,,,,,,,,,,,,,,,,,,,,,,,,,,,,,,,,,,,,,,,,,,,,
spelad,SE3N,2026/27,2026-05-08,,Enköping,AFC Eskilstuna,2,1,H,,,,,,,,,,,,,,,,,,,,,,,,,,,,,,,,,,,,,,,,,,,,,,,,,,,,,,,,,,,,,,
spelad,SE3N,2026/27,2026-05-09,,Arlanda,Sollentuna,1,1,D,,,,,,,,,,,,,,,,,,,,,,,,,,,,,,,,,,,,,,,,,,,,,,,,,,,,,,,,,,,,,,
spelad,SE3N,2026/27,2026-05-09,,FBK Karlstad,Järfälla,2,0,H,,,,,,,,,,,,,,,,,,,,,,,,,,,,,,,,,,,,,,,,,,,,,,,,,,,,,,,,,,,,,,
spelad,SE3N,2026/27,2026-05-09,,Hammarby Talang,Assyriska,4,0,H,,,,,,,,,,,,,,,,,,,,,,,,,,,,,,,,,,,,,,,,,,,,,,,,,,,,,,,,,,,,,,
spelad,SE3N,2026/27,2026-05-09,,Karlberg,Karlstad,0,0,D,,,,,,,,,,,,,,,,,,,,,,,,,,,,,,,,,,,,,,,,,,,,,,,,,,,,,,,,,,,,,,
spelad,SE3N,2026/27,2026-05-09,,Stocksund,Stockholm Internazionale,1,6,A,,,,,,,,,,,,,,,,,,,,,,,,,,,,,,,,,,,,,,,,,,,,,,,,,,,,,,,,,,,,,,
spelad,SE3N,2026/27,2026-05-09,,Umeå,Gefle,2,2,D,,,,,,,,,,,,,,,,,,,,,,,,,,,,,,,,,,,,,,,,,,,,,,,,,,,,,,,,,,,,,,
spelad,SE3N,2026/27,2026-05-10,,Vasalund,Piteå,1,2,A,,,,,,,,,,,,,,,,,,,,,,,,,,,,,,,,,,,,,,,,,,,,,,,,,,,,,,,,,,,,,,
spelad,SE3N,2026/27,2026-05-13,,Arlanda,Karlberg,1,1,D,,,,,,,,,,,,,,,,,,,,,,,,,,,,,,,,,,,,,,,,,,,,,,,,,,,,,,,,,,,,,,
spelad,SE3N,2026/27,2026-05-13,,Järfälla,Enköping,0,3,A,,,,,,,,,,,,,,,,,,,,,,,,,,,,,,,,,,,,,,,,,,,,,,,,,,,,,,,,,,,,,,
spelad,SE3N,2026/27,2026-05-13,,Sollentuna,Hammarby Talang,0,2,A,,,,,,,,,,,,,,,,,,,,,,,,,,,,,,,,,,,,,,,,,,,,,,,,,,,,,,,,,,,,,,
spelad,SE3N,2026/27,2026-05-13,,Stockholm Internazionale,AFC Eskilstuna,0,2,A,,,,,,,,,,,,,,,,,,,,,,,,,,,,,,,,,,,,,,,,,,,,,,,,,,,,,,,,,,,,,,
spelad,SE3N,2026/27,2026-05-14,,Assyriska,Umeå,1,5,A,,,,,,,,,,,,,,,,,,,,,,,,,,,,,,,,,,,,,,,,,,,,,,,,,,,,,,,,,,,,,,
spelad,SE3N,2026/27,2026-05-14,,Karlstad,Stocksund,1,0,H,,,,,,,,,,,,,,,,,,,,,,,,,,,,,,,,,,,,,,,,,,,,,,,,,,,,,,,,,,,,,,
spelad,SE3N,2026/27,2026-05-14,,Piteå,FBK Karlstad,1,5,A,,,,,,,,,,,,,,,,,,,,,,,,,,,,,,,,,,,,,,,,,,,,,,,,,,,,,,,,,,,,,,
spelad,SE3N,2026/27,2026-05-14,,Vasalund,Gefle,1,0,H,,,,,,,,,,,,,,,,,,,,,,,,,,,,,,,,,,,,,,,,,,,,,,,,,,,,,,,,,,,,,,
spelad,SE3N,2026/27,2026-05-16,,Hammarby Talang,Stockholm Internazionale,3,1,H,,,,,,,,,,,,,,,,,,,,,,,,,,,,,,,,,,,,,,,,,,,,,,,,,,,,,,,,,,,,,,
spelad,SE3N,2026/27,2026-05-16,,Karlberg,Järfälla,1,3,A,,,,,,,,,,,,,,,,,,,,,,,,,,,,,,,,,,,,,,,,,,,,,,,,,,,,,,,,,,,,,,
spelad,SE3N,2026/27,2026-05-17,,Enköping,Sollentuna,1,0,H,,,,,,,,,,,,,,,,,,,,,,,,,,,,,,,,,,,,,,,,,,,,,,,,,,,,,,,,,,,,,,
spelad,SE3N,2026/27,2026-05-17,,FBK Karlstad,Umeå,1,1,D,,,,,,,,,,,,,,,,,,,,,,,,,,,,,,,,,,,,,,,,,,,,,,,,,,,,,,,,,,,,,,
spelad,SE3N,2026/27,2026-05-17,,Gefle,Assyriska,0,0,D,,,,,,,,,,,,,,,,,,,,,,,,,,,,,,,,,,,,,,,,,,,,,,,,,,,,,,,,,,,,,,
spelad,SE3N,2026/27,2026-05-17,,Karlstad,Vasalund,5,0,H,,,,,,,,,,,,,,,,,,,,,,,,,,,,,,,,,,,,,,,,,,,,,,,,,,,,,,,,,,,,,,
spelad,SE3N,2026/27,2026-05-17,,Stocksund,Piteå,2,3,A,,,,,,,,,,,,,,,,,,,,,,,,,,,,,,,,,,,,,,,,,,,,,,,,,,,,,,,,,,,,,,
spelad,SE3N,2026/27,2026-05-18,,AFC Eskilstuna,Arlanda,0,0,D,,,,,,,,,,,,,,,,,,,,,,,,,,,,,,,,,,,,,,,,,,,,,,,,,,,,,,,,,,,,,,
spelad,SE3N,2026/27,2026-05-23,,Enköping,Hammarby Talang,0,1,A,,,,,,,,,,,,,,,,,,,,,,,,,,,,,,,,,,,,,,,,,,,,,,,,,,,,,,,,,,,,,,
spelad,SE3N,2026/27,2026-05-23,,FBK Karlstad,Arlanda,0,0,D,,,,,,,,,,,,,,,,,,,,,,,,,,,,,,,,,,,,,,,,,,,,,,,,,,,,,,,,,,,,,,
spelad,SE3N,2026/27,2026-05-23,,Järfälla,Gefle,4,0,H,,,,,,,,,,,,,,,,,,,,,,,,,,,,,,,,,,,,,,,,,,,,,,,,,,,,,,,,,,,,,,
spelad,SE3N,2026/27,2026-05-23,,Stockholm Internazionale,Karlberg,2,1,H,,,,,,,,,,,,,,,,,,,,,,,,,,,,,,,,,,,,,,,,,,,,,,,,,,,,,,,,,,,,,,
spelad,SE3N,2026/27,2026-05-23,,Stocksund,Assyriska,3,3,D,,,,,,,,,,,,,,,,,,,,,,,,,,,,,,,,,,,,,,,,,,,,,,,,,,,,,,,,,,,,,,
spelad,SE3N,2026/27,2026-05-24,,AFC Eskilstuna,Vasalund,0,3,A,,,,,,,,,,,,,,,,,,,,,,,,,,,,,,,,,,,,,,,,,,,,,,,,,,,,,,,,,,,,,,
spelad,SE3N,2026/27,2026-05-24,,Sollentuna,Piteå,2,2,D,,,,,,,,,,,,,,,,,,,,,,,,,,,,,,,,,,,,,,,,,,,,,,,,,,,,,,,,,,,,,,
spelad,SE3N,2026/27,2026-05-24,,Umeå,Karlstad,0,2,A,,,,,,,,,,,,,,,,,,,,,,,,,,,,,,,,,,,,,,,,,,,,,,,,,,,,,,,,,,,,,,
spelad,SE3N,2026/27,2026-05-30,,Hammarby Talang,AFC Eskilstuna,1,2,A,,,,,,,,,,,,,,,,,,,,,,,,,,,,,,,,,,,,,,,,,,,,,,,,,,,,,,,,,,,,,,
spelad,SE3N,2026/27,2026-05-30,,Karlstad,Sollentuna,0,0,D,,,,,,,,,,,,,,,,,,,,,,,,,,,,,,,,,,,,,,,,,,,,,,,,,,,,,,,,,,,,,,
spelad,SE3N,2026/27,2026-05-31,,Karlberg,FBK Karlstad,1,1,D,,,,,,,,,,,,,,,,,,,,,,,,,,,,,,,,,,,,,,,,,,,,,,,,,,,,,,,,,,,,,,
spelad,SE3N,2026/27,2026-05-31,,Piteå,Stockholm Internazionale,2,2,D,,,,,,,,,,,,,,,,,,,,,,,,,,,,,,,,,,,,,,,,,,,,,,,,,,,,,,,,,,,,,,
spelad,SE3N,2026/27,2026-05-31,,Umeå,Stocksund,2,2,D,,,,,,,,,,,,,,,,,,,,,,,,,,,,,,,,,,,,,,,,,,,,,,,,,,,,,,,,,,,,,,
spelad,SE3N,2026/27,2026-06-01,,Arlanda,Gefle,2,3,A,,,,,,,,,,,,,,,,,,,,,,,,,,,,,,,,,,,,,,,,,,,,,,,,,,,,,,,,,,,,,,
spelad,SE3N,2026/27,2026-06-02,,Assyriska,Enköping,4,2,H,,,,,,,,,,,,,,,,,,,,,,,,,,,,,,,,,,,,,,,,,,,,,,,,,,,,,,,,,,,,,,
spelad,SE3N,2026/27,2026-06-03,,Vasalund,Järfälla,3,1,H,,,,,,,,,,,,,,,,,,,,,,,,,,,,,,,,,,,,,,,,,,,,,,,,,,,,,,,,,,,,,,
spelad,SE3N,2026/27,2026-06-04,,AFC Eskilstuna,Karlberg,3,2,H,,,,,,,,,,,,,,,,,,,,,,,,,,,,,,,,,,,,,,,,,,,,,,,,,,,,,,,,,,,,,,
spelad,SE3N,2026/27,2026-06-05,,FBK Karlstad,Karlstad,2,3,A,,,,,,,,,,,,,,,,,,,,,,,,,,,,,,,,,,,,,,,,,,,,,,,,,,,,,,,,,,,,,,
spelad,SE3N,2026/27,2026-06-06,,Gefle,Hammarby Talang,0,4,A,,,,,,,,,,,,,,,,,,,,,,,,,,,,,,,,,,,,,,,,,,,,,,,,,,,,,,,,,,,,,,
spelad,SE3N,2026/27,2026-06-07,,Arlanda,Assyriska,2,0,H,,,,,,,,,,,,,,,,,,,,,,,,,,,,,,,,,,,,,,,,,,,,,,,,,,,,,,,,,,,,,,
spelad,SE3N,2026/27,2026-06-07,,Piteå,Enköping,0,2,A,,,,,,,,,,,,,,,,,,,,,,,,,,,,,,,,,,,,,,,,,,,,,,,,,,,,,,,,,,,,,,
spelad,SE3N,2026/27,2026-06-07,,Sollentuna,Umeå,1,1,D,,,,,,,,,,,,,,,,,,,,,,,,,,,,,,,,,,,,,,,,,,,,,,,,,,,,,,,,,,,,,,
spelad,SE3N,2026/27,2026-06-08,,Järfälla,Stocksund,1,6,A,,,,,,,,,,,,,,,,,,,,,,,,,,,,,,,,,,,,,,,,,,,,,,,,,,,,,,,,,,,,,,
spelad,SE3N,2026/27,2026-06-08,,Stockholm Internazionale,Vasalund,4,1,H,,,,,,,,,,,,,,,,,,,,,,,,,,,,,,,,,,,,,,,,,,,,,,,,,,,,,,,,,,,,,,
spelad,SE3N,2026/27,2026-06-12,,Umeå,Piteå,2,0,H,,,,,,,,,,,,,,,,,,,,,,,,,,,,,,,,,,,,,,,,,,,,,,,,,,,,,,,,,,,,,,
spelad,SE3N,2026/27,2026-06-13,,Järfälla,Arlanda,2,3,A,,,,,,,,,,,,,,,,,,,,,,,,,,,,,,,,,,,,,,,,,,,,,,,,,,,,,,,,,,,,,,
spelad,SE3N,2026/27,2026-06-13,,Karlstad,Gefle,2,0,H,,,,,,,,,,,,,,,,,,,,,,,,,,,,,,,,,,,,,,,,,,,,,,,,,,,,,,,,,,,,,,
spelad,SE3N,2026/27,2026-06-13,,Stocksund,Sollentuna,3,3,D,,,,,,,,,,,,,,,,,,,,,,,,,,,,,,,,,,,,,,,,,,,,,,,,,,,,,,,,,,,,,,
spelad,SE3N,2026/27,2026-06-14,,AFC Eskilstuna,Assyriska,1,0,H,,,,,,,,,,,,,,,,,,,,,,,,,,,,,,,,,,,,,,,,,,,,,,,,,,,,,,,,,,,,,,
spelad,SE3N,2026/27,2026-06-14,,Enköping,Vasalund,1,1,D,,,,,,,,,,,,,,,,,,,,,,,,,,,,,,,,,,,,,,,,,,,,,,,,,,,,,,,,,,,,,,
spelad,SE3N,2026/27,2026-06-14,,Karlberg,Hammarby Talang,0,2,A,,,,,,,,,,,,,,,,,,,,,,,,,,,,,,,,,,,,,,,,,,,,,,,,,,,,,,,,,,,,,,
spelad,SE3N,2026/27,2026-06-14,,Stockholm Internazionale,FBK Karlstad,3,1,H,,,,,,,,,,,,,,,,,,,,,,,,,,,,,,,,,,,,,,,,,,,,,,,,,,,,,,,,,,,,,,
spelad,SE3N,2026/27,2026-06-18,,Arlanda,Stocksund,1,0,H,,,,,,,,,,,,,,,,,,,,,,,,,,,,,,,,,,,,,,,,,,,,,,,,,,,,,,,,,,,,,,
spelad,SE3N,2026/27,2026-06-18,,Gefle,Stockholm Internazionale,0,2,A,,,,,,,,,,,,,,,,,,,,,,,,,,,,,,,,,,,,,,,,,,,,,,,,,,,,,,,,,,,,,,
spelad,SE3N,2026/27,2026-06-18,,Hammarby Talang,Järfälla,1,1,D,,,,,,,,,,,,,,,,,,,,,,,,,,,,,,,,,,,,,,,,,,,,,,,,,,,,,,,,,,,,,,
spelad,SE3N,2026/27,2026-06-18,,Sollentuna,FBK Karlstad,0,2,A,,,,,,,,,,,,,,,,,,,,,,,,,,,,,,,,,,,,,,,,,,,,,,,,,,,,,,,,,,,,,,
spelad,SE3N,2026/27,2026-06-18,,Vasalund,Karlberg,0,4,A,,,,,,,,,,,,,,,,,,,,,,,,,,,,,,,,,,,,,,,,,,,,,,,,,,,,,,,,,,,,,,
spelad,SE3N,2026/27,2026-06-21,,Assyriska,Karlstad,2,2,D,,,,,,,,,,,,,,,,,,,,,,,,,,,,,,,,,,,,,,,,,,,,,,,,,,,,,,,,,,,,,,
spelad,SE3N,2026/27,2026-06-21,,Enköping,Umeå,3,1,H,,,,,,,,,,,,,,,,,,,,,,,,,,,,,,,,,,,,,,,,,,,,,,,,,,,,,,,,,,,,,,
spelad,SE3N,2026/27,2026-06-21,,Piteå,AFC Eskilstuna,2,2,D,,,,,,,,,,,,,,,,,,,,,,,,,,,,,,,,,,,,,,,,,,,,,,,,,,,,,,,,,,,,,,
spelad,SE3N,2026/27,2026-06-24,,Karlberg,Piteå,3,1,H,,,,,,,,,,,,,,,,,,,,,,,,,,,,,,,,,,,,,,,,,,,,,,,,,,,,,,,,,,,,,,
spelad,SE3N,2026/27,2026-06-26,,Assyriska,Vasalund,3,1,H,,,,,,,,,,,,,,,,,,,,,,,,,,,,,,,,,,,,,,,,,,,,,,,,,,,,,,,,,,,,,,
spelad,SE3N,2026/27,2026-06-26,,FBK Karlstad,Hammarby Talang,0,7,A,,,,,,,,,,,,,,,,,,,,,,,,,,,,,,,,,,,,,,,,,,,,,,,,,,,,,,,,,,,,,,
spelad,SE3N,2026/27,2026-06-26,,Sollentuna,AFC Eskilstuna,1,4,A,,,,,,,,,,,,,,,,,,,,,,,,,,,,,,,,,,,,,,,,,,,,,,,,,,,,,,,,,,,,,,
spelad,SE3N,2026/27,2026-06-27,,Arlanda,Karlstad,1,0,H,,,,,,,,,,,,,,,,,,,,,,,,,,,,,,,,,,,,,,,,,,,,,,,,,,,,,,,,,,,,,,
spelad,SE3N,2026/27,2026-06-27,,Gefle,Stocksund,2,1,H,,,,,,,,,,,,,,,,,,,,,,,,,,,,,,,,,,,,,,,,,,,,,,,,,,,,,,,,,,,,,,
spelad,SE3N,2026/27,2026-06-27,,Stockholm Internazionale,Enköping,2,0,H,,,,,,,,,,,,,,,,,,,,,,,,,,,,,,,,,,,,,,,,,,,,,,,,,,,,,,,,,,,,,,
spelad,SE3N,2026/27,2026-06-28,,Umeå,Järfälla,1,3,A,,,,,,,,,,,,,,,,,,,,,,,,,,,,,,,,,,,,,,,,,,,,,,,,,,,,,,,,,,,,,,
spelad,SE3N,2026/27,2026-08-01,,FBK Karlstad,Assyriska,0,2,A,,,,,,,,,,,,,,,,,,,,,,,,,,,,,,,,,,,,,,,,,,,,,,,,,,,,,,,,,,,,,,
spelad,SE3N,2026/27,2026-08-01,,Järfälla,Stockholm Internazionale,0,4,A,,,,,,,,,,,,,,,,,,,,,,,,,,,,,,,,,,,,,,,,,,,,,,,,,,,,,,,,,,,,,,
spelad,SE3N,2026/27,2026-08-01,,Piteå,Gefle,0,2,A,,,,,,,,,,,,,,,,,,,,,,,,,,,,,,,,,,,,,,,,,,,,,,,,,,,,,,,,,,,,,,
spelad,SE3N,2026/27,2026-08-01,,Stocksund,Karlberg,0,2,A,,,,,,,,,,,,,,,,,,,,,,,,,,,,,,,,,,,,,,,,,,,,,,,,,,,,,,,,,,,,,,
spelad,SE3N,2026/27,2026-08-02,,AFC Eskilstuna,Umeå,1,0,H,,,,,,,,,,,,,,,,,,,,,,,,,,,,,,,,,,,,,,,,,,,,,,,,,,,,,,,,,,,,,,
spelad,SE3N,2026/27,2026-08-02,,Karlstad,Enköping,2,1,H,,,,,,,,,,,,,,,,,,,,,,,,,,,,,,,,,,,,,,,,,,,,,,,,,,,,,,,,,,,,,,
spelad,SE3N,2026/27,2026-08-03,,Hammarby Talang,Arlanda,5,1,H,,,,,,,,,,,,,,,,,,,,,,,,,,,,,,,,,,,,,,,,,,,,,,,,,,,,,,,,,,,,,,
spelad,SE3N,2026/27,2026-08-03,,Vasalund,Sollentuna,1,1,D,,,,,,,,,,,,,,,,,,,,,,,,,,,,,,,,,,,,,,,,,,,,,,,,,,,,,,,,,,,,,,
spelad,SE3N,2026/27,2026-08-07,,Enköping,Karlberg,2,1,H,,,,,,,,,,,,,,,,,,,,,,,,,,,,,,,,,,,,,,,,,,,,,,,,,,,,,,,,,,,,,,
spelad,SE3N,2026/27,2026-08-08,,Järfälla,Karlstad,1,4,A,,,,,,,,,,,,,,,,,,,,,,,,,,,,,,,,,,,,,,,,,,,,,,,,,,,,,,,,,,,,,,
spelad,SE3N,2026/27,2026-08-08,,Stocksund,Gefle,5,0,H,,,,,,,,,,,,,,,,,,,,,,,,,,,,,,,,,,,,,,,,,,,,,,,,,,,,,,,,,,,,,,
spelad,SE3N,2026/27,2026-08-09,,Arlanda,Piteå,0,0,D,,,,,,,,,,,,,,,,,,,,,,,,,,,,,,,,,,,,,,,,,,,,,,,,,,,,,,,,,,,,,,
spelad,SE3N,2026/27,2026-08-09,,Assyriska,Sollentuna,3,0,H,,,,,,,,,,,,,,,,,,,,,,,,,,,,,,,,,,,,,,,,,,,,,,,,,,,,,,,,,,,,,,
spelad,SE3N,2026/27,2026-08-09,,Hammarby Talang,FBK Karlstad,1,1,D,,,,,,,,,,,,,,,,,,,,,,,,,,,,,,,,,,,,,,,,,,,,,,,,,,,,,,,,,,,,,,
spelad,SE3N,2026/27,2026-08-09,,Umeå,AFC Eskilstuna,1,3,A,,,,,,,,,,,,,,,,,,,,,,,,,,,,,,,,,,,,,,,,,,,,,,,,,,,,,,,,,,,,,,
spelad,SE3N,2026/27,2026-08-09,,Vasalund,Stockholm Internazionale,2,0,H,,,,,,,,,,,,,,,,,,,,,,,,,,,,,,,,,,,,,,,,,,,,,,,,,,,,,,,,,,,,,,
spelad,SE3N,2026/27,2026-08-14,,AFC Eskilstuna,Hammarby Talang,1,0,H,,,,,,,,,,,,,,,,,,,,,,,,,,,,,,,,,,,,,,,,,,,,,,,,,,,,,,,,,,,,,,
spelad,SE3N,2026/27,2026-08-15,,Gefle,Umeå,2,0,H,,,,,,,,,,,,,,,,,,,,,,,,,,,,,,,,,,,,,,,,,,,,,,,,,,,,,,,,,,,,,,
spelad,SE3N,2026/27,2026-08-15,,Karlberg,Stocksund,2,0,H,,,,,,,,,,,,,,,,,,,,,,,,,,,,,,,,,,,,,,,,,,,,,,,,,,,,,,,,,,,,,,
spelad,SE3N,2026/27,2026-08-15,,Karlstad,Assyriska,0,2,A,,,,,,,,,,,,,,,,,,,,,,,,,,,,,,,,,,,,,,,,,,,,,,,,,,,,,,,,,,,,,,
spelad,SE3N,2026/27,2026-08-15,,Sollentuna,Järfälla,2,1,H,,,,,,,,,,,,,,,,,,,,,,,,,,,,,,,,,,,,,,,,,,,,,,,,,,,,,,,,,,,,,,
spelad,SE3N,2026/27,2026-08-16,,FBK Karlstad,Enköping,2,0,H,,,,,,,,,,,,,,,,,,,,,,,,,,,,,,,,,,,,,,,,,,,,,,,,,,,,,,,,,,,,,,
spelad,SE3N,2026/27,2026-08-16,,Piteå,Vasalund,1,1,D,,,,,,,,,,,,,,,,,,,,,,,,,,,,,,,,,,,,,,,,,,,,,,,,,,,,,,,,,,,,,,
spelad,SE3N,2026/27,2026-08-16,,Stockholm Internazionale,Arlanda,4,1,H,,,,,,,,,,,,,,,,,,,,,,,,,,,,,,,,,,,,,,,,,,,,,,,,,,,,,,,,,,,,,,
spelad,SE3N,2026/27,2026-08-21,,Stockholm Internazionale,Järfälla,2,0,H,,,,,,,,,,,,,,,,,,,,,,,,,,,,,,,,,,,,,,,,,,,,,,,,,,,,,,,,,,,,,,
spelad,SE3N,2026/27,2026-08-22,,Sollentuna,Karlstad,2,1,H,,,,,,,,,,,,,,,,,,,,,,,,,,,,,,,,,,,,,,,,,,,,,,,,,,,,,,,,,,,,,,
spelad,SE3N,2026/27,2026-08-23,,Arlanda,FBK Karlstad,5,1,H,,,,,,,,,,,,,,,,,,,,,,,,,,,,,,,,,,,,,,,,,,,,,,,,,,,,,,,,,,,,,,
spelad,SE3N,2026/27,2026-08-23,,Assyriska,Gefle,1,2,A,,,,,,,,,,,,,,,,,,,,,,,,,,,,,,,,,,,,,,,,,,,,,,,,,,,,,,,,,,,,,,
spelad,SE3N,2026/27,2026-08-23,,Hammarby Talang,Piteå,1,1,D,,,,,,,,,,,,,,,,,,,,,,,,,,,,,,,,,,,,,,,,,,,,,,,,,,,,,,,,,,,,,,
spelad,SE3N,2026/27,2026-08-23,,Karlberg,AFC Eskilstuna,0,3,A,,,,,,,,,,,,,,,,,,,,,,,,,,,,,,,,,,,,,,,,,,,,,,,,,,,,,,,,,,,,,,
spelad,SE3N,2026/27,2026-08-23,,Umeå,Enköping,0,0,D,,,,,,,,,,,,,,,,,,,,,,,,,,,,,,,,,,,,,,,,,,,,,,,,,,,,,,,,,,,,,,
spelad,SE3N,2026/27,2026-08-23,,Vasalund,Stocksund,4,3,H,,,,,,,,,,,,,,,,,,,,,,,,,,,,,,,,,,,,,,,,,,,,,,,,,,,,,,,,,,,,,,
spelad,SE3N,2026/27,2026-08-29,,AFC Eskilstuna,Sollentuna,2,1,H,,,,,,,,,,,,,,,,,,,,,,,,,,,,,,,,,,,,,,,,,,,,,,,,,,,,,,,,,,,,,,
spelad,SE3N,2026/27,2026-08-29,,Gefle,Karlstad,2,2,D,,,,,,,,,,,,,,,,,,,,,,,,,,,,,,,,,,,,,,,,,,,,,,,,,,,,,,,,,,,,,,
spelad,SE3N,2026/27,2026-08-29,,Järfälla,Assyriska,0,2,A,,,,,,,,,,,,,,,,,,,,,,,,,,,,,,,,,,,,,,,,,,,,,,,,,,,,,,,,,,,,,,
spelad,SE3N,2026/27,2026-08-29,,Stocksund,Arlanda,2,3,A,,,,,,,,,,,,,,,,,,,,,,,,,,,,,,,,,,,,,,,,,,,,,,,,,,,,,,,,,,,,,,
spelad,SE3N,2026/27,2026-08-30,,Enköping,Stockholm Internazionale,0,3,A,,,,,,,,,,,,,,,,,,,,,,,,,,,,,,,,,,,,,,,,,,,,,,,,,,,,,,,,,,,,,,
spelad,SE3N,2026/27,2026-08-30,,FBK Karlstad,Piteå,4,3,H,,,,,,,,,,,,,,,,,,,,,,,,,,,,,,,,,,,,,,,,,,,,,,,,,,,,,,,,,,,,,,
spelad,SE3N,2026/27,2026-08-30,,Umeå,Vasalund,3,2,H,,,,,,,,,,,,,,,,,,,,,,,,,,,,,,,,,,,,,,,,,,,,,,,,,,,,,,,,,,,,,,
spelad,SE3N,2026/27,2026-08-31,,Hammarby Talang,Karlberg,0,0,D,,,,,,,,,,,,,,,,,,,,,,,,,,,,,,,,,,,,,,,,,,,,,,,,,,,,,,,,,,,,,,
spelad,SE3N,2026/27,2026-09-04,,Assyriska,Stocksund,2,1,H,,,,,,,,,,,,,,,,,,,,,,,,,,,,,,,,,,,,,,,,,,,,,,,,,,,,,,,,,,,,,,
spelad,SE3N,2026/27,2026-09-05,,Järfälla,FBK Karlstad,0,3,A,,,,,,,,,,,,,,,,,,,,,,,,,,,,,,,,,,,,,,,,,,,,,,,,,,,,,,,,,,,,,,
spelad,SE3N,2026/27,2026-09-05,,Karlstad,AFC Eskilstuna,1,2,A,,,,,,,,,,,,,,,,,,,,,,,,,,,,,,,,,,,,,,,,,,,,,,,,,,,,,,,,,,,,,,
spelad,SE3N,2026/27,2026-09-05,,Sollentuna,Gefle,1,0,H,,,,,,,,,,,,,,,,,,,,,,,,,,,,,,,,,,,,,,,,,,,,,,,,,,,,,,,,,,,,,,
spelad,SE3N,2026/27,2026-09-05,,Stockholm Internazionale,Hammarby Talang,3,0,H,,,,,,,,,,,,,,,,,,,,,,,,,,,,,,,,,,,,,,,,,,,,,,,,,,,,,,,,,,,,,,
spelad,SE3N,2026/27,2026-09-06,,Arlanda,Umeå,1,2,A,,,,,,,,,,,,,,,,,,,,,,,,,,,,,,,,,,,,,,,,,,,,,,,,,,,,,,,,,,,,,,
spelad,SE3N,2026/27,2026-09-06,,Piteå,Karlberg,3,0,H,,,,,,,,,,,,,,,,,,,,,,,,,,,,,,,,,,,,,,,,,,,,,,,,,,,,,,,,,,,,,,
spelad,SE3N,2026/27,2026-09-06,,Vasalund,Enköping,2,3,A,,,,,,,,,,,,,,,,,,,,,,,,,,,,,,,,,,,,,,,,,,,,,,,,,,,,,,,,,,,,,,
spelad,SE3N,2026/27,2026-09-10,,Enköping,Assyriska,2,1,H,,,,,,,,,,,,,,,,,,,,,,,,,,,,,,,,,,,,,,,,,,,,,,,,,,,,,,,,,,,,,,
spelad,SE3N,2026/27,2026-09-12,,FBK Karlstad,Vasalund,2,1,H,,,,,,,,,,,,,,,,,,,,,,,,,,,,,,,,,,,,,,,,,,,,,,,,,,,,,,,,,,,,,,
spelad,SE3N,2026/27,2026-09-12,,Gefle,Järfälla,3,1,H,,,,,,,,,,,,,,,,,,,,,,,,,,,,,,,,,,,,,,,,,,,,,,,,,,,,,,,,,,,,,,
spelad,SE3N,2026/27,2026-09-12,,Hammarby Talang,Sollentuna,1,0,H,,,,,,,,,,,,,,,,,,,,,,,,,,,,,,,,,,,,,,,,,,,,,,,,,,,,,,,,,,,,,,
spelad,SE3N,2026/27,2026-09-12,,Karlberg,Arlanda,1,0,H,,,,,,,,,,,,,,,,,,,,,,,,,,,,,,,,,,,,,,,,,,,,,,,,,,,,,,,,,,,,,,
spelad,SE3N,2026/27,2026-09-12,,Stocksund,Karlstad,2,1,H,,,,,,,,,,,,,,,,,,,,,,,,,,,,,,,,,,,,,,,,,,,,,,,,,,,,,,,,,,,,,,
spelad,SE3N,2026/27,2026-09-13,,AFC Eskilstuna,Piteå,1,0,H,,,,,,,,,,,,,,,,,,,,,,,,,,,,,,,,,,,,,,,,,,,,,,,,,,,,,,,,,,,,,,
spelad,SE3N,2026/27,2026-09-13,,Umeå,Stockholm Internazionale,0,4,A,,,,,,,,,,,,,,,,,,,,,,,,,,,,,,,,,,,,,,,,,,,,,,,,,,,,,,,,,,,,,,
spelad,SE3N,2026/27,2026-09-16,,Gefle,Arlanda,0,2,A,,,,,,,,,,,,,,,,,,,,,,,,,,,,,,,,,,,,,,,,,,,,,,,,,,,,,,,,,,,,,,
spelad,SE3N,2026/27,2026-09-16,,Karlstad,FBK Karlstad,0,0,D,,,,,,,,,,,,,,,,,,,,,,,,,,,,,,,,,,,,,,,,,,,,,,,,,,,,,,,,,,,,,,
spelad,SE3N,2026/27,2026-09-16,,Piteå,Umeå,0,2,A,,,,,,,,,,,,,,,,,,,,,,,,,,,,,,,,,,,,,,,,,,,,,,,,,,,,,,,,,,,,,,
spelad,SE3N,2026/27,2026-09-16,,Sollentuna,Enköping,2,3,A,,,,,,,,,,,,,,,,,,,,,,,,,,,,,,,,,,,,,,,,,,,,,,,,,,,,,,,,,,,,,,
spelad,SE3N,2026/27,2026-09-17,,Assyriska,AFC Eskilstuna,2,5,A,,,,,,,,,,,,,,,,,,,,,,,,,,,,,,,,,,,,,,,,,,,,,,,,,,,,,,,,,,,,,,
spelad,SE3N,2026/27,2026-09-17,,Järfälla,Karlberg,5,0,H,,,,,,,,,,,,,,,,,,,,,,,,,,,,,,,,,,,,,,,,,,,,,,,,,,,,,,,,,,,,,,
spelad,SE3N,2026/27,2026-09-17,,Stockholm Internazionale,Stocksund,5,2,H,,,,,,,,,,,,,,,,,,,,,,,,,,,,,,,,,,,,,,,,,,,,,,,,,,,,,,,,,,,,,,
spelad,SE3N,2026/27,2026-09-17,,Vasalund,Hammarby Talang,0,0,D,,,,,,,,,,,,,,,,,,,,,,,,,,,,,,,,,,,,,,,,,,,,,,,,,,,,,,,,,,,,,,
spelad,SE3N,2026/27,2026-09-19,,Enköping,Karlstad,2,2,D,,,,,,,,,,,,,,,,,,,,,,,,,,,,,,,,,,,,,,,,,,,,,,,,,,,,,,,,,,,,,,
spelad,SE3N,2026/27,2026-09-19,,FBK Karlstad,Sollentuna,0,0,D,,,,,,,,,,,,,,,,,,,,,,,,,,,,,,,,,,,,,,,,,,,,,,,,,,,,,,,,,,,,,,
spelad,SE3N,2026/27,2026-09-20,,AFC Eskilstuna,Gefle,0,1,A,,,,,,,,,,,,,,,,,,,,,,,,,,,,,,,,,,,,,,,,,,,,,,,,,,,,,,,,,,,,,,
spelad,SE3N,2026/27,2026-09-20,,Karlberg,Stockholm Internazionale,0,2,A,,,,,,,,,,,,,,,,,,,,,,,,,,,,,,,,,,,,,,,,,,,,,,,,,,,,,,,,,,,,,,
spelad,SE3N,2026/27,2026-09-20,,Piteå,Järfälla,3,1,H,,,,,,,,,,,,,,,,,,,,,,,,,,,,,,,,,,,,,,,,,,,,,,,,,,,,,,,,,,,,,,
spelad,SE3N,2026/27,2026-09-20,,Stocksund,Umeå,0,3,A,,,,,,,,,,,,,,,,,,,,,,,,,,,,,,,,,,,,,,,,,,,,,,,,,,,,,,,,,,,,,,
spelad,SE3N,2026/27,2026-09-21,,Arlanda,Hammarby Talang,4,2,H,,,,,,,,,,,,,,,,,,,,,,,,,,,,,,,,,,,,,,,,,,,,,,,,,,,,,,,,,,,,,,
spelad,SE3N,2026/27,2026-09-21,,Vasalund,Assyriska,1,5,A,,,,,,,,,,,,,,,,,,,,,,,,,,,,,,,,,,,,,,,,,,,,,,,,,,,,,,,,,,,,,,
spelad,SE3N,2026/27,2026-09-25,,Hammarby Talang,Stocksund,2,1,H,,,,,,,,,,,,,,,,,,,,,,,,,,,,,,,,,,,,,,,,,,,,,,,,,,,,,,,,,,,,,,
spelad,SE3N,2026/27,2026-09-26,,Järfälla,AFC Eskilstuna,2,4,A,,,,,,,,,,,,,,,,,,,,,,,,,,,,,,,,,,,,,,,,,,,,,,,,,,,,,,,,,,,,,,
spelad,SE3N,2026/27,2026-09-26,,Sollentuna,Stockholm Internazionale,1,2,A,,,,,,,,,,,,,,,,,,,,,,,,,,,,,,,,,,,,,,,,,,,,,,,,,,,,,,,,,,,,,,
spelad,SE3N,2026/27,2026-09-27,,Arlanda,Enköping,2,0,H,,,,,,,,,,,,,,,,,,,,,,,,,,,,,,,,,,,,,,,,,,,,,,,,,,,,,,,,,,,,,,
spelad,SE3N,2026/27,2026-09-27,,Assyriska,Piteå,1,2,A,,,,,,,,,,,,,,,,,,,,,,,,,,,,,,,,,,,,,,,,,,,,,,,,,,,,,,,,,,,,,,
spelad,SE3N,2026/27,2026-09-27,,Gefle,Vasalund,0,1,A,,,,,,,,,,,,,,,,,,,,,,,,,,,,,,,,,,,,,,,,,,,,,,,,,,,,,,,,,,,,,,
spelad,SE3N,2026/27,2026-09-27,,Karlstad,Karlberg,1,1,D,,,,,,,,,,,,,,,,,,,,,,,,,,,,,,,,,,,,,,,,,,,,,,,,,,,,,,,,,,,,,,
spelad,SE3N,2026/27,2026-09-27,,Umeå,FBK Karlstad,1,3,A,,,,,,,,,,,,,,,,,,,,,,,,,,,,,,,,,,,,,,,,,,,,,,,,,,,,,,,,,,,,,,
spelad,SE3N,2026/27,2026-10-02,,Karlberg,Sollentuna,3,2,H,,,,,,,,,,,,,,,,,,,,,,,,,,,,,,,,,,,,,,,,,,,,,,,,,,,,,,,,,,,,,,
spelad,SE3N,2026/27,2026-10-03,,Enköping,Gefle,1,0,H,,,,,,,,,,,,,,,,,,,,,,,,,,,,,,,,,,,,,,,,,,,,,,,,,,,,,,,,,,,,,,
spelad,SE3N,2026/27,2026-10-03,,FBK Karlstad,AFC Eskilstuna,2,2,D,,,,,,,,,,,,,,,,,,,,,,,,,,,,,,,,,,,,,,,,,,,,,,,,,,,,,,,,,,,,,,
spelad,SE3N,2026/27,2026-10-03,,Piteå,Karlstad,1,1,D,,,,,,,,,,,,,,,,,,,,,,,,,,,,,,,,,,,,,,,,,,,,,,,,,,,,,,,,,,,,,,
spelad,SE3N,2026/27,2026-10-03,,Stockholm Internazionale,Assyriska,3,0,H,,,,,,,,,,,,,,,,,,,,,,,,,,,,,,,,,,,,,,,,,,,,,,,,,,,,,,,,,,,,,,
spelad,SE3N,2026/27,2026-10-03,,Stocksund,Järfälla,1,1,D,,,,,,,,,,,,,,,,,,,,,,,,,,,,,,,,,,,,,,,,,,,,,,,,,,,,,,,,,,,,,,
spelad,SE3N,2026/27,2026-10-04,,Vasalund,Arlanda,0,3,A,,,,,,,,,,,,,,,,,,,,,,,,,,,,,,,,,,,,,,,,,,,,,,,,,,,,,,,,,,,,,,
kommande,SE3N,,2026-10-09,2026-10-09T17:00:00Z,Sollentuna,Stocksund,,,,,,,,,,,,,,,,,,,,,,,,,,,,,,,,,,,,,,,,,,,,,,,,,,,,,,,,,,,,2026-10-04T09:27:34.347Z,0,0,,,
kommande,SE3N,,2026-10-10,2026-10-10T14:00:00Z,AFC Eskilstuna,Stockholm Internazionale,,,,,,,,,,,,,,,,,,,,,,,,,,,,,,,,,,,,,,,,,,,,,,,,,,,,,,,,,,,,2026-10-04T09:27:34.347Z,0,0,,0,
kommande,SE3N,,2026-10-10,2026-10-10T11:00:00Z,Karlberg,Vasalund,,,,,,,,,,,,,,,,,,,,,,,,,,,,,,,,,,,,,,,,,,,,,,,,,,,,,,,,,,,,2026-10-04T09:27:34.347Z,0,0,,0,
kommande,SE3N,,2026-10-10,2026-10-10T14:00:00Z,Karlstad,Arlanda,,,,,,,,,,,,,,,,,,,,,,,,,,,,,,,,,,,,,,,,,,,,,,,,,,,,,,,,,,,,2026-10-04T09:27:34.347Z,0,0,0,0,
kommande,SE3N,,2026-10-11,2026-10-11T14:00:00Z,Assyriska,FBK Karlstad,,,,,,,,,,,,,,,,,,,,,,,,,,,,,,,,,,,,,,,,,,,,,,,,,,,,,,,,,,,,2026-10-04T09:27:34.347Z,0,0,,0,
kommande,SE3N,,2026-10-11,2026-10-11T14:00:00Z,Gefle,Piteå,,,,,,,,,,,,,,,,,,,,,,,,,,,,,,,,,,,,,,,,,,,,,,,,,,,,,,,,,,,,2026-10-04T09:27:34.347Z,0,0,0,,
kommande,SE3N,,2026-10-11,2026-10-11T14:00:00Z,Hammarby Talang,Enköping,,,,,,,,,,,,,,,,,,,,,,,,,,,,,,,,,,,,,,,,,,,,,,,,,,,,,,,,,,,,2026-10-04T09:27:34.347Z,0,0,0,,
kommande,SE3N,,2026-10-11,2026-10-11T13:00:00Z,Järfälla,Umeå,,,,,,,,,,,,,,,,,,,,,,,,,,,,,,,,,,,,,,,,,,,,,,,,,,,,,,,,,,,,2026-10-04T09:27:34.347Z,0,0,0,0,
kommande,SE3N,,2026-10-16,2026-10-16T17:30:00Z,Stocksund,Enköping,,,,,,,,,,,,,,,,,,,,,,,,,,,,,,,,,,,,,,,,,,,,,,,,,,,,,,,,,,,,2026-10-04T09:27:34.347Z,0,0,,,
kommande,SE3N,,2026-10-17,2026-10-17T14:00:00Z,Arlanda,Järfälla,,,,,,,,,,,,,,,,,,,,,,,,,,,,,,,,,,,,,,,,,,,,,,,,,,,,,,,,,,,,2026-10-04T09:27:34.347Z,0,0,0,0,
kommande,SE3N,,2026-10-17,2026-10-17T14:00:00Z,FBK Karlstad,Karlberg,,,,,,,,,,,,,,,,,,,,,,,,,,,,,,,,,,,,,,,,,,,,,,,,,,,,,,,,,,,,2026-10-04T09:27:34.347Z,0,0,0,,
kommande,SE3N,,2026-10-17,2026-10-17T14:00:00Z,Stockholm Internazionale,Gefle,,,,,,,,,,,,,,,,,,,,,,,,,,,,,,,,,,,,,,,,,,,,,,,,,,,,,,,,,,,,2026-10-04T09:27:34.347Z,0,0,0,0,
kommande,SE3N,,2026-10-18,2026-10-18T14:00:00Z,Hammarby Talang,Karlstad,,,,,,,,,,,,,,,,,,,,,,,,,,,,,,,,,,,,,,,,,,,,,,,,,,,,,,,,,,,,2026-10-04T09:27:34.347Z,0,0,0,0,
kommande,SE3N,,2026-10-18,2026-10-18T12:00:00Z,Piteå,Sollentuna,,,,,,,,,,,,,,,,,,,,,,,,,,,,,,,,,,,,,,,,,,,,,,,,,,,,,,,,,,,,2026-10-04T09:27:34.347Z,0,0,,,
kommande,SE3N,,2026-10-18,2026-10-18T11:00:00Z,Umeå,Assyriska,,,,,,,,,,,,,,,,,,,,,,,,,,,,,,,,,,,,,,,,,,,,,,,,,,,,,,,,,,,,2026-10-04T09:27:34.347Z,0,0,0,,
kommande,SE3N,,2026-10-18,2026-10-18T11:00:00Z,Vasalund,AFC Eskilstuna,,,,,,,,,,,,,,,,,,,,,,,,,,,,,,,,,,,,,,,,,,,,,,,,,,,,,,,,,,,,2026-10-04T09:27:34.347Z,0,0,0,,
kommande,SE3N,,2026-10-23,2026-10-23T17:30:00Z,Järfälla,Hammarby Talang,,,,,,,,,,,,,,,,,,,,,,,,,,,,,,,,,,,,,,,,,,,,,,,,,,,,,,,,,,,,2026-10-04T09:27:34.347Z,0,0,0,0,
kommande,SE3N,,2026-10-24,2026-10-24T14:00:00Z,Gefle,FBK Karlstad,,,,,,,,,,,,,,,,,,,,,,,,,,,,,,,,,,,,,,,,,,,,,,,,,,,,,,,,,,,,2026-10-04T09:27:34.347Z,0,0,0,0,
kommande,SE3N,,2026-10-24,2026-10-24T14:00:00Z,Karlstad,Stockholm Internazionale,,,,,,,,,,,,,,,,,,,,,,,,,,,,,,,,,,,,,,,,,,,,,,,,,,,,,,,,,,,,2026-10-04T09:27:34.347Z,0,0,0,0,
kommande,SE3N,,2026-10-24,2026-10-24T14:00:00Z,Sollentuna,Vasalund,,,,,,,,,,,,,,,,,,,,,,,,,,,,,,,,,,,,,,,,,,,,,,,,,,,,,,,,,,,,2026-10-04T09:27:34.347Z,0,0,,0,
kommande,SE3N,,2026-10-25,2026-10-25T15:00:00Z,AFC Eskilstuna,Stocksund,,,,,,,,,,,,,,,,,,,,,,,,,,,,,,,,,,,,,,,,,,,,,,,,,,,,,,,,,,,,2026-10-04T09:27:34.347Z,0,0,,,
kommande,SE3N,,2026-10-25,2026-10-25T15:00:00Z,Assyriska,Arlanda,,,,,,,,,,,,,,,,,,,,,,,,,,,,,,,,,,,,,,,,,,,,,,,,,,,,,,,,,,,,2026-10-04T09:27:34.347Z,0,0,,0,
kommande,SE3N,,2026-10-25,2026-10-25T15:00:00Z,Enköping,Piteå,,,,,,,,,,,,,,,,,,,,,,,,,,,,,,,,,,,,,,,,,,,,,,,,,,,,,,,,,,,,2026-10-04T09:27:34.347Z,0,0,,,
kommande,SE3N,,2026-10-25,2026-10-25T14:00:00Z,Karlberg,Umeå,,,,,,,,,,,,,,,,,,,,,,,,,,,,,,,,,,,,,,,,,,,,,,,,,,,,,,,,,,,,2026-10-04T09:27:34.347Z,0,0,,0,
