status,league,season,date,kickoff,home,away,hg,ag,res,hs,as,hst,ast,xg_h,xg_a,xg_src,referee,hc,ac,hf,af,hy,ay,hr,ar,open_h,open_d,open_a,close_h,close_d,close_a,pin_close,best_open_h,best_open_d,best_open_a,best_close_h,best_close_d,best_close_a,over25_open,over25_close,luck,gap,mres,rest,h2h_n,h2h_pts,h2h_res,h2h_draw,promo,releg,miss_h,miss_a,steam,book,pre_first_at,pre_first_h,pre_first_d,pre_first_a,pre_last_at,pre_last_h,pre_last_d,pre_last_a,pre_best_h,pre_best_d,pre_best_a
spelad,SE3S,2025/26,2025-03-28,,Trollhättan,Skövde AIK,6,1,H,,,,,,,,,,,,,,,,,,,,,,,,,,,,,,,,,,,,,,,,,,,,,,,,,,,,,,,,
spelad,SE3S,2025/26,2025-03-29,,Eskilsminne,Ljungskile,0,3,A,,,,,,,,,,,,,,,,,,,,,,,,,,,,,,,,,,,,,,,,,,,,,,,,,,,,,,,,
spelad,SE3S,2025/26,2025-03-29,,IFK Skövde,Ariana,0,1,A,,,,,,,,,,,,,,,,,,,,,,,,,,,,,,,,,,,,,,,,,,,,,,,,,,,,,,,,
spelad,SE3S,2025/26,2025-03-29,,Norrby,BK Olympic,4,0,H,,,,,,,,,,,,,,,,,,,,,,,,,,,,,,,,,,,,,,,,,,,,,,,,,,,,,,,,
spelad,SE3S,2025/26,2025-03-29,,Rosengård,Husqvarna FF,2,1,H,,,,,,,,,,,,,,,,,,,,,,,,,,,,,,,,,,,,,,,,,,,,,,,,,,,,,,,,
spelad,SE3S,2025/26,2025-03-29,,Torslanda,Oskarshamns,3,0,H,,,,,,,,,,,,,,,,,,,,,,,,,,,,,,,,,,,,,,,,,,,,,,,,,,,,,,,,
spelad,SE3S,2025/26,2025-03-29,,Ängelholm,Hässleholm,0,1,A,,,,,,,,,,,,,,,,,,,,,,,,,,,,,,,,,,,,,,,,,,,,,,,,,,,,,,,,
spelad,SE3S,2025/26,2025-03-30,,Joenkoeping S.,Lund,2,0,H,,,,,,,,,,,,,,,,,,,,,,,,,,,,,,,,,,,,,,,,,,,,,,,,,,,,,,,,
spelad,SE3S,2025/26,2025-04-04,,Hässleholm,Rosengård,0,1,A,,,,,,,,,,,,,,,,,,,,,,,,,,,,,,,,,,,,,,,,,,,,,,,,,,,,,,,,
spelad,SE3S,2025/26,2025-04-05,,Ariana,Joenkoeping S.,0,0,D,,,,,,,,,,,,,,,,,,,,,,,,,,,,,,,,,,,,,,,,,,,,,,,,,,,,,,,,
spelad,SE3S,2025/26,2025-04-05,,BK Olympic,IFK Skövde,2,1,H,,,,,,,,,,,,,,,,,,,,,,,,,,,,,,,,,,,,,,,,,,,,,,,,,,,,,,,,
spelad,SE3S,2025/26,2025-04-05,,Husqvarna FF,Trollhättan,3,0,H,,,,,,,,,,,,,,,,,,,,,,,,,,,,,,,,,,,,,,,,,,,,,,,,,,,,,,,,
spelad,SE3S,2025/26,2025-04-05,,Ljungskile,Norrby,0,2,A,,,,,,,,,,,,,,,,,,,,,,,,,,,,,,,,,,,,,,,,,,,,,,,,,,,,,,,,
spelad,SE3S,2025/26,2025-04-05,,Oskarshamns,Ängelholm,0,0,D,,,,,,,,,,,,,,,,,,,,,,,,,,,,,,,,,,,,,,,,,,,,,,,,,,,,,,,,
spelad,SE3S,2025/26,2025-04-05,,Skövde AIK,Eskilsminne,1,1,D,,,,,,,,,,,,,,,,,,,,,,,,,,,,,,,,,,,,,,,,,,,,,,,,,,,,,,,,
spelad,SE3S,2025/26,2025-04-06,,Lund,Torslanda,1,0,H,,,,,,,,,,,,,,,,,,,,,,,,,,,,,,,,,,,,,,,,,,,,,,,,,,,,,,,,
spelad,SE3S,2025/26,2025-04-11,,Ariana,Hässleholm,3,0,H,,,,,,,,,,,,,,,,,,,,,,,,,,,,,,,,,,,,,,,,,,,,,,,,,,,,,,,,
spelad,SE3S,2025/26,2025-04-12,,Eskilsminne,IFK Skövde,1,1,D,,,,,,,,,,,,,,,,,,,,,,,,,,,,,,,,,,,,,,,,,,,,,,,,,,,,,,,,
spelad,SE3S,2025/26,2025-04-12,,Husqvarna FF,BK Olympic,2,3,A,,,,,,,,,,,,,,,,,,,,,,,,,,,,,,,,,,,,,,,,,,,,,,,,,,,,,,,,
spelad,SE3S,2025/26,2025-04-12,,Rosengård,Ängelholm,1,1,D,,,,,,,,,,,,,,,,,,,,,,,,,,,,,,,,,,,,,,,,,,,,,,,,,,,,,,,,
spelad,SE3S,2025/26,2025-04-12,,Skövde AIK,Ljungskile,1,4,A,,,,,,,,,,,,,,,,,,,,,,,,,,,,,,,,,,,,,,,,,,,,,,,,,,,,,,,,
spelad,SE3S,2025/26,2025-04-12,,Trollhättan,Lund,1,5,A,,,,,,,,,,,,,,,,,,,,,,,,,,,,,,,,,,,,,,,,,,,,,,,,,,,,,,,,
spelad,SE3S,2025/26,2025-04-13,,Oskarshamns,Norrby,0,1,A,,,,,,,,,,,,,,,,,,,,,,,,,,,,,,,,,,,,,,,,,,,,,,,,,,,,,,,,
spelad,SE3S,2025/26,2025-04-13,,Torslanda,Joenkoeping S.,2,0,H,,,,,,,,,,,,,,,,,,,,,,,,,,,,,,,,,,,,,,,,,,,,,,,,,,,,,,,,
spelad,SE3S,2025/26,2025-04-17,,Norrby,Skövde AIK,2,2,D,,,,,,,,,,,,,,,,,,,,,,,,,,,,,,,,,,,,,,,,,,,,,,,,,,,,,,,,
spelad,SE3S,2025/26,2025-04-18,,BK Olympic,Torslanda,0,6,A,,,,,,,,,,,,,,,,,,,,,,,,,,,,,,,,,,,,,,,,,,,,,,,,,,,,,,,,
spelad,SE3S,2025/26,2025-04-18,,Hässleholm,Trollhättan,0,2,A,,,,,,,,,,,,,,,,,,,,,,,,,,,,,,,,,,,,,,,,,,,,,,,,,,,,,,,,
spelad,SE3S,2025/26,2025-04-18,,IFK Skövde,Rosengård,1,2,A,,,,,,,,,,,,,,,,,,,,,,,,,,,,,,,,,,,,,,,,,,,,,,,,,,,,,,,,
spelad,SE3S,2025/26,2025-04-18,,Ljungskile,Husqvarna FF,3,1,H,,,,,,,,,,,,,,,,,,,,,,,,,,,,,,,,,,,,,,,,,,,,,,,,,,,,,,,,
spelad,SE3S,2025/26,2025-04-18,,Lund,Oskarshamns,3,0,H,,,,,,,,,,,,,,,,,,,,,,,,,,,,,,,,,,,,,,,,,,,,,,,,,,,,,,,,
spelad,SE3S,2025/26,2025-04-18,,Ängelholm,Ariana,2,1,H,,,,,,,,,,,,,,,,,,,,,,,,,,,,,,,,,,,,,,,,,,,,,,,,,,,,,,,,
spelad,SE3S,2025/26,2025-04-21,,Joenkoeping S.,Eskilsminne,3,1,H,,,,,,,,,,,,,,,,,,,,,,,,,,,,,,,,,,,,,,,,,,,,,,,,,,,,,,,,
spelad,SE3S,2025/26,2025-04-26,,Husqvarna FF,Hässleholm,2,2,D,,,,,,,,,,,,,,,,,,,,,,,,,,,,,,,,,,,,,,,,,,,,,,,,,,,,,,,,
spelad,SE3S,2025/26,2025-04-26,,IFK Skövde,Skövde AIK,0,2,A,,,,,,,,,,,,,,,,,,,,,,,,,,,,,,,,,,,,,,,,,,,,,,,,,,,,,,,,
spelad,SE3S,2025/26,2025-04-26,,Ljungskile,Trollhättan,2,0,H,,,,,,,,,,,,,,,,,,,,,,,,,,,,,,,,,,,,,,,,,,,,,,,,,,,,,,,,
spelad,SE3S,2025/26,2025-04-26,,Oskarshamns,BK Olympic,0,0,D,,,,,,,,,,,,,,,,,,,,,,,,,,,,,,,,,,,,,,,,,,,,,,,,,,,,,,,,
spelad,SE3S,2025/26,2025-04-26,,Rosengård,Eskilsminne,1,0,H,,,,,,,,,,,,,,,,,,,,,,,,,,,,,,,,,,,,,,,,,,,,,,,,,,,,,,,,
spelad,SE3S,2025/26,2025-04-27,,Torslanda,Ängelholm,2,4,A,,,,,,,,,,,,,,,,,,,,,,,,,,,,,,,,,,,,,,,,,,,,,,,,,,,,,,,,
spelad,SE3S,2025/26,2025-04-28,,Joenkoeping S.,Norrby,1,0,H,,,,,,,,,,,,,,,,,,,,,,,,,,,,,,,,,,,,,,,,,,,,,,,,,,,,,,,,
spelad,SE3S,2025/26,2025-04-28,,Lund,Ariana,0,0,D,,,,,,,,,,,,,,,,,,,,,,,,,,,,,,,,,,,,,,,,,,,,,,,,,,,,,,,,
spelad,SE3S,2025/26,2025-05-03,,Ariana,Husqvarna FF,3,1,H,,,,,,,,,,,,,,,,,,,,,,,,,,,,,,,,,,,,,,,,,,,,,,,,,,,,,,,,
spelad,SE3S,2025/26,2025-05-03,,Eskilsminne,Torslanda,0,0,D,,,,,,,,,,,,,,,,,,,,,,,,,,,,,,,,,,,,,,,,,,,,,,,,,,,,,,,,
spelad,SE3S,2025/26,2025-05-03,,Norrby,Lund,2,2,D,,,,,,,,,,,,,,,,,,,,,,,,,,,,,,,,,,,,,,,,,,,,,,,,,,,,,,,,
spelad,SE3S,2025/26,2025-05-03,,Skövde AIK,Joenkoeping S.,1,0,H,,,,,,,,,,,,,,,,,,,,,,,,,,,,,,,,,,,,,,,,,,,,,,,,,,,,,,,,
spelad,SE3S,2025/26,2025-05-03,,Trollhättan,Oskarshamns,3,3,D,,,,,,,,,,,,,,,,,,,,,,,,,,,,,,,,,,,,,,,,,,,,,,,,,,,,,,,,
spelad,SE3S,2025/26,2025-05-03,,Ängelholm,IFK Skövde,4,3,H,,,,,,,,,,,,,,,,,,,,,,,,,,,,,,,,,,,,,,,,,,,,,,,,,,,,,,,,
spelad,SE3S,2025/26,2025-05-04,,Hässleholm,Ljungskile,1,4,A,,,,,,,,,,,,,,,,,,,,,,,,,,,,,,,,,,,,,,,,,,,,,,,,,,,,,,,,
spelad,SE3S,2025/26,2025-05-05,,BK Olympic,Rosengård,2,2,D,,,,,,,,,,,,,,,,,,,,,,,,,,,,,,,,,,,,,,,,,,,,,,,,,,,,,,,,
spelad,SE3S,2025/26,2025-05-09,,Lund,Hässleholm,1,0,H,,,,,,,,,,,,,,,,,,,,,,,,,,,,,,,,,,,,,,,,,,,,,,,,,,,,,,,,
spelad,SE3S,2025/26,2025-05-10,,Husqvarna FF,Eskilsminne,0,2,A,,,,,,,,,,,,,,,,,,,,,,,,,,,,,,,,,,,,,,,,,,,,,,,,,,,,,,,,
spelad,SE3S,2025/26,2025-05-10,,Ljungskile,Oskarshamns,1,3,A,,,,,,,,,,,,,,,,,,,,,,,,,,,,,,,,,,,,,,,,,,,,,,,,,,,,,,,,
spelad,SE3S,2025/26,2025-05-10,,Skövde AIK,Ariana,2,2,D,,,,,,,,,,,,,,,,,,,,,,,,,,,,,,,,,,,,,,,,,,,,,,,,,,,,,,,,
spelad,SE3S,2025/26,2025-05-10,,Torslanda,IFK Skövde,0,0,D,,,,,,,,,,,,,,,,,,,,,,,,,,,,,,,,,,,,,,,,,,,,,,,,,,,,,,,,
spelad,SE3S,2025/26,2025-05-11,,Joenkoeping S.,BK Olympic,1,0,H,,,,,,,,,,,,,,,,,,,,,,,,,,,,,,,,,,,,,,,,,,,,,,,,,,,,,,,,
spelad,SE3S,2025/26,2025-05-11,,Rosengård,Norrby,1,1,D,,,,,,,,,,,,,,,,,,,,,,,,,,,,,,,,,,,,,,,,,,,,,,,,,,,,,,,,
spelad,SE3S,2025/26,2025-05-11,,Trollhättan,Ängelholm,0,0,D,,,,,,,,,,,,,,,,,,,,,,,,,,,,,,,,,,,,,,,,,,,,,,,,,,,,,,,,
spelad,SE3S,2025/26,2025-05-16,,IFK Skövde,Husqvarna FF,5,0,H,,,,,,,,,,,,,,,,,,,,,,,,,,,,,,,,,,,,,,,,,,,,,,,,,,,,,,,,
spelad,SE3S,2025/26,2025-05-16,,Norrby,Trollhättan,1,1,D,,,,,,,,,,,,,,,,,,,,,,,,,,,,,,,,,,,,,,,,,,,,,,,,,,,,,,,,
spelad,SE3S,2025/26,2025-05-17,,Eskilsminne,Ariana,2,2,D,,,,,,,,,,,,,,,,,,,,,,,,,,,,,,,,,,,,,,,,,,,,,,,,,,,,,,,,
spelad,SE3S,2025/26,2025-05-17,,Hässleholm,Torslanda,2,0,H,,,,,,,,,,,,,,,,,,,,,,,,,,,,,,,,,,,,,,,,,,,,,,,,,,,,,,,,
spelad,SE3S,2025/26,2025-05-17,,Joenkoeping S.,Rosengård,3,0,H,,,,,,,,,,,,,,,,,,,,,,,,,,,,,,,,,,,,,,,,,,,,,,,,,,,,,,,,
spelad,SE3S,2025/26,2025-05-17,,Ljungskile,Lund,3,0,H,,,,,,,,,,,,,,,,,,,,,,,,,,,,,,,,,,,,,,,,,,,,,,,,,,,,,,,,
spelad,SE3S,2025/26,2025-05-18,,Oskarshamns,Skövde AIK,3,0,H,,,,,,,,,,,,,,,,,,,,,,,,,,,,,,,,,,,,,,,,,,,,,,,,,,,,,,,,
spelad,SE3S,2025/26,2025-05-19,,BK Olympic,Ängelholm,2,2,D,,,,,,,,,,,,,,,,,,,,,,,,,,,,,,,,,,,,,,,,,,,,,,,,,,,,,,,,
spelad,SE3S,2025/26,2025-05-23,,Rosengård,Lund,0,1,A,,,,,,,,,,,,,,,,,,,,,,,,,,,,,,,,,,,,,,,,,,,,,,,,,,,,,,,,
spelad,SE3S,2025/26,2025-05-23,,Torslanda,Trollhättan,4,1,H,,,,,,,,,,,,,,,,,,,,,,,,,,,,,,,,,,,,,,,,,,,,,,,,,,,,,,,,
spelad,SE3S,2025/26,2025-05-24,,Ariana,Ljungskile,3,2,H,,,,,,,,,,,,,,,,,,,,,,,,,,,,,,,,,,,,,,,,,,,,,,,,,,,,,,,,
spelad,SE3S,2025/26,2025-05-24,,BK Olympic,Eskilsminne,2,1,H,,,,,,,,,,,,,,,,,,,,,,,,,,,,,,,,,,,,,,,,,,,,,,,,,,,,,,,,
spelad,SE3S,2025/26,2025-05-24,,Husqvarna FF,Joenkoeping S.,0,1,A,,,,,,,,,,,,,,,,,,,,,,,,,,,,,,,,,,,,,,,,,,,,,,,,,,,,,,,,
spelad,SE3S,2025/26,2025-05-24,,Hässleholm,Oskarshamns,1,1,D,,,,,,,,,,,,,,,,,,,,,,,,,,,,,,,,,,,,,,,,,,,,,,,,,,,,,,,,
spelad,SE3S,2025/26,2025-05-24,,IFK Skövde,Norrby,1,0,H,,,,,,,,,,,,,,,,,,,,,,,,,,,,,,,,,,,,,,,,,,,,,,,,,,,,,,,,
spelad,SE3S,2025/26,2025-05-24,,Ängelholm,Skövde AIK,1,2,A,,,,,,,,,,,,,,,,,,,,,,,,,,,,,,,,,,,,,,,,,,,,,,,,,,,,,,,,
spelad,SE3S,2025/26,2025-05-28,,Joenkoeping S.,Hässleholm,2,1,H,,,,,,,,,,,,,,,,,,,,,,,,,,,,,,,,,,,,,,,,,,,,,,,,,,,,,,,,
spelad,SE3S,2025/26,2025-05-28,,Ljungskile,IFK Skövde,11,0,H,,,,,,,,,,,,,,,,,,,,,,,,,,,,,,,,,,,,,,,,,,,,,,,,,,,,,,,,
spelad,SE3S,2025/26,2025-05-28,,Lund,Eskilsminne,2,2,D,,,,,,,,,,,,,,,,,,,,,,,,,,,,,,,,,,,,,,,,,,,,,,,,,,,,,,,,
spelad,SE3S,2025/26,2025-05-28,,Skövde AIK,Husqvarna FF,3,3,D,,,,,,,,,,,,,,,,,,,,,,,,,,,,,,,,,,,,,,,,,,,,,,,,,,,,,,,,
spelad,SE3S,2025/26,2025-05-29,,Norrby,Ängelholm,2,0,H,,,,,,,,,,,,,,,,,,,,,,,,,,,,,,,,,,,,,,,,,,,,,,,,,,,,,,,,
spelad,SE3S,2025/26,2025-05-29,,Oskarshamns,Rosengård,0,2,A,,,,,,,,,,,,,,,,,,,,,,,,,,,,,,,,,,,,,,,,,,,,,,,,,,,,,,,,
spelad,SE3S,2025/26,2025-05-29,,Torslanda,Ariana,0,0,D,,,,,,,,,,,,,,,,,,,,,,,,,,,,,,,,,,,,,,,,,,,,,,,,,,,,,,,,
spelad,SE3S,2025/26,2025-05-29,,Trollhättan,BK Olympic,0,3,A,,,,,,,,,,,,,,,,,,,,,,,,,,,,,,,,,,,,,,,,,,,,,,,,,,,,,,,,
spelad,SE3S,2025/26,2025-06-01,,Ariana,Norrby,0,2,A,,,,,,,,,,,,,,,,,,,,,,,,,,,,,,,,,,,,,,,,,,,,,,,,,,,,,,,,
spelad,SE3S,2025/26,2025-06-01,,BK Olympic,Ljungskile,1,1,D,,,,,,,,,,,,,,,,,,,,,,,,,,,,,,,,,,,,,,,,,,,,,,,,,,,,,,,,
spelad,SE3S,2025/26,2025-06-01,,Eskilsminne,Trollhättan,2,2,D,,,,,,,,,,,,,,,,,,,,,,,,,,,,,,,,,,,,,,,,,,,,,,,,,,,,,,,,
spelad,SE3S,2025/26,2025-06-01,,Husqvarna FF,Oskarshamns,0,2,A,,,,,,,,,,,,,,,,,,,,,,,,,,,,,,,,,,,,,,,,,,,,,,,,,,,,,,,,
spelad,SE3S,2025/26,2025-06-01,,Hässleholm,Skövde AIK,3,1,H,,,,,,,,,,,,,,,,,,,,,,,,,,,,,,,,,,,,,,,,,,,,,,,,,,,,,,,,
spelad,SE3S,2025/26,2025-06-01,,IFK Skövde,Joenkoeping S.,0,3,A,,,,,,,,,,,,,,,,,,,,,,,,,,,,,,,,,,,,,,,,,,,,,,,,,,,,,,,,
spelad,SE3S,2025/26,2025-06-01,,Rosengård,Torslanda,1,0,H,,,,,,,,,,,,,,,,,,,,,,,,,,,,,,,,,,,,,,,,,,,,,,,,,,,,,,,,
spelad,SE3S,2025/26,2025-06-01,,Ängelholm,Lund,1,2,A,,,,,,,,,,,,,,,,,,,,,,,,,,,,,,,,,,,,,,,,,,,,,,,,,,,,,,,,
spelad,SE3S,2025/26,2025-06-05,,Trollhättan,IFK Skövde,4,0,H,,,,,,,,,,,,,,,,,,,,,,,,,,,,,,,,,,,,,,,,,,,,,,,,,,,,,,,,
spelad,SE3S,2025/26,2025-06-06,,Eskilsminne,Ängelholm,1,6,A,,,,,,,,,,,,,,,,,,,,,,,,,,,,,,,,,,,,,,,,,,,,,,,,,,,,,,,,
spelad,SE3S,2025/26,2025-06-06,,Lund,BK Olympic,2,1,H,,,,,,,,,,,,,,,,,,,,,,,,,,,,,,,,,,,,,,,,,,,,,,,,,,,,,,,,
spelad,SE3S,2025/26,2025-06-06,,Torslanda,Husqvarna FF,3,1,H,,,,,,,,,,,,,,,,,,,,,,,,,,,,,,,,,,,,,,,,,,,,,,,,,,,,,,,,
spelad,SE3S,2025/26,2025-06-07,,Oskarshamns,Ariana,1,3,A,,,,,,,,,,,,,,,,,,,,,,,,,,,,,,,,,,,,,,,,,,,,,,,,,,,,,,,,
spelad,SE3S,2025/26,2025-06-07,,Skövde AIK,Rosengård,4,1,H,,,,,,,,,,,,,,,,,,,,,,,,,,,,,,,,,,,,,,,,,,,,,,,,,,,,,,,,
spelad,SE3S,2025/26,2025-06-08,,Ljungskile,Joenkoeping S.,2,0,H,,,,,,,,,,,,,,,,,,,,,,,,,,,,,,,,,,,,,,,,,,,,,,,,,,,,,,,,
spelad,SE3S,2025/26,2025-06-08,,Norrby,Hässleholm,1,2,A,,,,,,,,,,,,,,,,,,,,,,,,,,,,,,,,,,,,,,,,,,,,,,,,,,,,,,,,
spelad,SE3S,2025/26,2025-06-12,,Hässleholm,BK Olympic,1,1,D,,,,,,,,,,,,,,,,,,,,,,,,,,,,,,,,,,,,,,,,,,,,,,,,,,,,,,,,
spelad,SE3S,2025/26,2025-06-14,,Joenkoeping S.,Oskarshamns,1,0,H,,,,,,,,,,,,,,,,,,,,,,,,,,,,,,,,,,,,,,,,,,,,,,,,,,,,,,,,
spelad,SE3S,2025/26,2025-06-14,,Norrby,Eskilsminne,1,1,D,,,,,,,,,,,,,,,,,,,,,,,,,,,,,,,,,,,,,,,,,,,,,,,,,,,,,,,,
spelad,SE3S,2025/26,2025-06-14,,Rosengård,Ljungskile,0,2,A,,,,,,,,,,,,,,,,,,,,,,,,,,,,,,,,,,,,,,,,,,,,,,,,,,,,,,,,
spelad,SE3S,2025/26,2025-06-14,,Skövde AIK,Torslanda,3,2,H,,,,,,,,,,,,,,,,,,,,,,,,,,,,,,,,,,,,,,,,,,,,,,,,,,,,,,,,
spelad,SE3S,2025/26,2025-06-14,,Ängelholm,Husqvarna FF,6,1,H,,,,,,,,,,,,,,,,,,,,,,,,,,,,,,,,,,,,,,,,,,,,,,,,,,,,,,,,
spelad,SE3S,2025/26,2025-06-15,,Ariana,Trollhättan,3,3,D,,,,,,,,,,,,,,,,,,,,,,,,,,,,,,,,,,,,,,,,,,,,,,,,,,,,,,,,
spelad,SE3S,2025/26,2025-06-15,,IFK Skövde,Lund,3,2,H,,,,,,,,,,,,,,,,,,,,,,,,,,,,,,,,,,,,,,,,,,,,,,,,,,,,,,,,
spelad,SE3S,2025/26,2025-06-18,,Torslanda,Ljungskile,1,1,D,,,,,,,,,,,,,,,,,,,,,,,,,,,,,,,,,,,,,,,,,,,,,,,,,,,,,,,,
spelad,SE3S,2025/26,2025-06-19,,BK Olympic,Ariana,1,1,D,,,,,,,,,,,,,,,,,,,,,,,,,,,,,,,,,,,,,,,,,,,,,,,,,,,,,,,,
spelad,SE3S,2025/26,2025-06-19,,Eskilsminne,Hässleholm,0,3,A,,,,,,,,,,,,,,,,,,,,,,,,,,,,,,,,,,,,,,,,,,,,,,,,,,,,,,,,
spelad,SE3S,2025/26,2025-06-19,,Husqvarna FF,Norrby,1,1,D,,,,,,,,,,,,,,,,,,,,,,,,,,,,,,,,,,,,,,,,,,,,,,,,,,,,,,,,
spelad,SE3S,2025/26,2025-06-19,,Lund,Skövde AIK,3,0,H,,,,,,,,,,,,,,,,,,,,,,,,,,,,,,,,,,,,,,,,,,,,,,,,,,,,,,,,
spelad,SE3S,2025/26,2025-06-19,,Ängelholm,Joenkoeping S.,1,2,A,,,,,,,,,,,,,,,,,,,,,,,,,,,,,,,,,,,,,,,,,,,,,,,,,,,,,,,,
spelad,SE3S,2025/26,2025-06-22,,IFK Skövde,Oskarshamns,1,1,D,,,,,,,,,,,,,,,,,,,,,,,,,,,,,,,,,,,,,,,,,,,,,,,,,,,,,,,,
spelad,SE3S,2025/26,2025-06-22,,Trollhättan,Rosengård,0,2,A,,,,,,,,,,,,,,,,,,,,,,,,,,,,,,,,,,,,,,,,,,,,,,,,,,,,,,,,
spelad,SE3S,2025/26,2025-06-26,,Husqvarna FF,Lund,2,1,H,,,,,,,,,,,,,,,,,,,,,,,,,,,,,,,,,,,,,,,,,,,,,,,,,,,,,,,,
spelad,SE3S,2025/26,2025-06-26,,Norrby,Torslanda,4,2,H,,,,,,,,,,,,,,,,,,,,,,,,,,,,,,,,,,,,,,,,,,,,,,,,,,,,,,,,
spelad,SE3S,2025/26,2025-06-27,,Ariana,Rosengård,1,2,A,,,,,,,,,,,,,,,,,,,,,,,,,,,,,,,,,,,,,,,,,,,,,,,,,,,,,,,,
spelad,SE3S,2025/26,2025-06-28,,BK Olympic,Skövde AIK,0,2,A,,,,,,,,,,,,,,,,,,,,,,,,,,,,,,,,,,,,,,,,,,,,,,,,,,,,,,,,
spelad,SE3S,2025/26,2025-06-28,,Hässleholm,IFK Skövde,3,1,H,,,,,,,,,,,,,,,,,,,,,,,,,,,,,,,,,,,,,,,,,,,,,,,,,,,,,,,,
spelad,SE3S,2025/26,2025-06-28,,Joenkoeping S.,Trollhättan,2,1,H,,,,,,,,,,,,,,,,,,,,,,,,,,,,,,,,,,,,,,,,,,,,,,,,,,,,,,,,
spelad,SE3S,2025/26,2025-06-28,,Ljungskile,Ängelholm,3,2,H,,,,,,,,,,,,,,,,,,,,,,,,,,,,,,,,,,,,,,,,,,,,,,,,,,,,,,,,
spelad,SE3S,2025/26,2025-06-28,,Oskarshamns,Eskilsminne,0,0,D,,,,,,,,,,,,,,,,,,,,,,,,,,,,,,,,,,,,,,,,,,,,,,,,,,,,,,,,
spelad,SE3S,2025/26,2025-07-02,,Eskilsminne,BK Olympic,2,0,H,,,,,,,,,,,,,,,,,,,,,,,,,,,,,,,,,,,,,,,,,,,,,,,,,,,,,,,,
spelad,SE3S,2025/26,2025-08-02,,Lund,Husqvarna FF,3,3,D,,,,,,,,,,,,,,,,,,,,,,,,,,,,,,,,,,,,,,,,,,,,,,,,,,,,,,,,
spelad,SE3S,2025/26,2025-08-02,,Oskarshamns,Torslanda,0,1,A,,,,,,,,,,,,,,,,,,,,,,,,,,,,,,,,,,,,,,,,,,,,,,,,,,,,,,,,
spelad,SE3S,2025/26,2025-08-02,,Rosengård,Joenkoeping S.,0,1,A,,,,,,,,,,,,,,,,,,,,,,,,,,,,,,,,,,,,,,,,,,,,,,,,,,,,,,,,
spelad,SE3S,2025/26,2025-08-02,,Ängelholm,Norrby,0,4,A,,,,,,,,,,,,,,,,,,,,,,,,,,,,,,,,,,,,,,,,,,,,,,,,,,,,,,,,
spelad,SE3S,2025/26,2025-08-04,,Hässleholm,Ariana,2,1,H,,,,,,,,,,,,,,,,,,,,,,,,,,,,,,,,,,,,,,,,,,,,,,,,,,,,,,,,
spelad,SE3S,2025/26,2025-08-04,,Skövde AIK,IFK Skövde,0,0,D,,,,,,,,,,,,,,,,,,,,,,,,,,,,,,,,,,,,,,,,,,,,,,,,,,,,,,,,
spelad,SE3S,2025/26,2025-08-04,,Trollhättan,Ljungskile,2,2,D,,,,,,,,,,,,,,,,,,,,,,,,,,,,,,,,,,,,,,,,,,,,,,,,,,,,,,,,
spelad,SE3S,2025/26,2025-08-09,,Ariana,Eskilsminne,3,0,H,,,,,,,,,,,,,,,,,,,,,,,,,,,,,,,,,,,,,,,,,,,,,,,,,,,,,,,,
spelad,SE3S,2025/26,2025-08-09,,Husqvarna FF,Skövde AIK,4,1,H,,,,,,,,,,,,,,,,,,,,,,,,,,,,,,,,,,,,,,,,,,,,,,,,,,,,,,,,
spelad,SE3S,2025/26,2025-08-09,,IFK Skövde,Ljungskile,0,4,A,,,,,,,,,,,,,,,,,,,,,,,,,,,,,,,,,,,,,,,,,,,,,,,,,,,,,,,,
spelad,SE3S,2025/26,2025-08-09,,Joenkoeping S.,Ängelholm,0,0,D,,,,,,,,,,,,,,,,,,,,,,,,,,,,,,,,,,,,,,,,,,,,,,,,,,,,,,,,
spelad,SE3S,2025/26,2025-08-09,,Lund,Trollhättan,1,1,D,,,,,,,,,,,,,,,,,,,,,,,,,,,,,,,,,,,,,,,,,,,,,,,,,,,,,,,,
spelad,SE3S,2025/26,2025-08-09,,Torslanda,Rosengård,1,1,D,,,,,,,,,,,,,,,,,,,,,,,,,,,,,,,,,,,,,,,,,,,,,,,,,,,,,,,,
spelad,SE3S,2025/26,2025-08-10,,Norrby,Oskarshamns,3,0,H,,,,,,,,,,,,,,,,,,,,,,,,,,,,,,,,,,,,,,,,,,,,,,,,,,,,,,,,
spelad,SE3S,2025/26,2025-08-11,,BK Olympic,Hässleholm,2,1,H,,,,,,,,,,,,,,,,,,,,,,,,,,,,,,,,,,,,,,,,,,,,,,,,,,,,,,,,
spelad,SE3S,2025/26,2025-08-15,,Ängelholm,BK Olympic,0,3,A,,,,,,,,,,,,,,,,,,,,,,,,,,,,,,,,,,,,,,,,,,,,,,,,,,,,,,,,
spelad,SE3S,2025/26,2025-08-16,,Eskilsminne,Lund,2,1,H,,,,,,,,,,,,,,,,,,,,,,,,,,,,,,,,,,,,,,,,,,,,,,,,,,,,,,,,
spelad,SE3S,2025/26,2025-08-16,,Ljungskile,Ariana,3,1,H,,,,,,,,,,,,,,,,,,,,,,,,,,,,,,,,,,,,,,,,,,,,,,,,,,,,,,,,
spelad,SE3S,2025/26,2025-08-16,,Oskarshamns,Hässleholm,1,4,A,,,,,,,,,,,,,,,,,,,,,,,,,,,,,,,,,,,,,,,,,,,,,,,,,,,,,,,,
spelad,SE3S,2025/26,2025-08-16,,Rosengård,IFK Skövde,3,2,H,,,,,,,,,,,,,,,,,,,,,,,,,,,,,,,,,,,,,,,,,,,,,,,,,,,,,,,,
spelad,SE3S,2025/26,2025-08-16,,Skövde AIK,Norrby,2,4,A,,,,,,,,,,,,,,,,,,,,,,,,,,,,,,,,,,,,,,,,,,,,,,,,,,,,,,,,
spelad,SE3S,2025/26,2025-08-16,,Trollhättan,Husqvarna FF,3,3,D,,,,,,,,,,,,,,,,,,,,,,,,,,,,,,,,,,,,,,,,,,,,,,,,,,,,,,,,
spelad,SE3S,2025/26,2025-08-17,,Joenkoeping S.,Torslanda,5,0,H,,,,,,,,,,,,,,,,,,,,,,,,,,,,,,,,,,,,,,,,,,,,,,,,,,,,,,,,
spelad,SE3S,2025/26,2025-08-23,,Ariana,Oskarshamns,1,0,H,,,,,,,,,,,,,,,,,,,,,,,,,,,,,,,,,,,,,,,,,,,,,,,,,,,,,,,,
spelad,SE3S,2025/26,2025-08-23,,BK Olympic,Husqvarna FF,2,0,H,,,,,,,,,,,,,,,,,,,,,,,,,,,,,,,,,,,,,,,,,,,,,,,,,,,,,,,,
spelad,SE3S,2025/26,2025-08-23,,Hässleholm,Eskilsminne,2,1,H,,,,,,,,,,,,,,,,,,,,,,,,,,,,,,,,,,,,,,,,,,,,,,,,,,,,,,,,
spelad,SE3S,2025/26,2025-08-23,,IFK Skövde,Ängelholm,1,1,D,,,,,,,,,,,,,,,,,,,,,,,,,,,,,,,,,,,,,,,,,,,,,,,,,,,,,,,,
spelad,SE3S,2025/26,2025-08-23,,Rosengård,Trollhättan,1,3,A,,,,,,,,,,,,,,,,,,,,,,,,,,,,,,,,,,,,,,,,,,,,,,,,,,,,,,,,
spelad,SE3S,2025/26,2025-08-23,,Torslanda,Skövde AIK,1,1,D,,,,,,,,,,,,,,,,,,,,,,,,,,,,,,,,,,,,,,,,,,,,,,,,,,,,,,,,
spelad,SE3S,2025/26,2025-08-24,,Lund,Ljungskile,1,3,A,,,,,,,,,,,,,,,,,,,,,,,,,,,,,,,,,,,,,,,,,,,,,,,,,,,,,,,,
spelad,SE3S,2025/26,2025-08-25,,Norrby,Joenkoeping S.,2,1,H,,,,,,,,,,,,,,,,,,,,,,,,,,,,,,,,,,,,,,,,,,,,,,,,,,,,,,,,
spelad,SE3S,2025/26,2025-08-30,,Eskilsminne,Rosengård,1,0,H,,,,,,,,,,,,,,,,,,,,,,,,,,,,,,,,,,,,,,,,,,,,,,,,,,,,,,,,
spelad,SE3S,2025/26,2025-08-30,,Husqvarna FF,Ariana,0,0,D,,,,,,,,,,,,,,,,,,,,,,,,,,,,,,,,,,,,,,,,,,,,,,,,,,,,,,,,
spelad,SE3S,2025/26,2025-08-30,,Lund,Norrby,2,1,H,,,,,,,,,,,,,,,,,,,,,,,,,,,,,,,,,,,,,,,,,,,,,,,,,,,,,,,,
spelad,SE3S,2025/26,2025-08-30,,Skövde AIK,Oskarshamns,3,0,H,,,,,,,,,,,,,,,,,,,,,,,,,,,,,,,,,,,,,,,,,,,,,,,,,,,,,,,,
spelad,SE3S,2025/26,2025-08-30,,Ängelholm,Torslanda,3,0,H,,,,,,,,,,,,,,,,,,,,,,,,,,,,,,,,,,,,,,,,,,,,,,,,,,,,,,,,
spelad,SE3S,2025/26,2025-08-31,,Ljungskile,BK Olympic,4,1,H,,,,,,,,,,,,,,,,,,,,,,,,,,,,,,,,,,,,,,,,,,,,,,,,,,,,,,,,
spelad,SE3S,2025/26,2025-08-31,,Trollhättan,Hässleholm,0,4,A,,,,,,,,,,,,,,,,,,,,,,,,,,,,,,,,,,,,,,,,,,,,,,,,,,,,,,,,
spelad,SE3S,2025/26,2025-09-01,,Joenkoeping S.,IFK Skövde,2,1,H,,,,,,,,,,,,,,,,,,,,,,,,,,,,,,,,,,,,,,,,,,,,,,,,,,,,,,,,
spelad,SE3S,2025/26,2025-09-05,,Hässleholm,Lund,1,0,H,,,,,,,,,,,,,,,,,,,,,,,,,,,,,,,,,,,,,,,,,,,,,,,,,,,,,,,,
spelad,SE3S,2025/26,2025-09-06,,IFK Skövde,Torslanda,2,1,H,,,,,,,,,,,,,,,,,,,,,,,,,,,,,,,,,,,,,,,,,,,,,,,,,,,,,,,,
spelad,SE3S,2025/26,2025-09-06,,Oskarshamns,Husqvarna FF,1,3,A,,,,,,,,,,,,,,,,,,,,,,,,,,,,,,,,,,,,,,,,,,,,,,,,,,,,,,,,
spelad,SE3S,2025/26,2025-09-06,,Trollhättan,Eskilsminne,1,2,A,,,,,,,,,,,,,,,,,,,,,,,,,,,,,,,,,,,,,,,,,,,,,,,,,,,,,,,,
spelad,SE3S,2025/26,2025-09-06,,Ängelholm,Rosengård,1,1,D,,,,,,,,,,,,,,,,,,,,,,,,,,,,,,,,,,,,,,,,,,,,,,,,,,,,,,,,
spelad,SE3S,2025/26,2025-09-07,,Ariana,Skövde AIK,1,1,D,,,,,,,,,,,,,,,,,,,,,,,,,,,,,,,,,,,,,,,,,,,,,,,,,,,,,,,,
spelad,SE3S,2025/26,2025-09-07,,BK Olympic,Joenkoeping S.,1,1,D,,,,,,,,,,,,,,,,,,,,,,,,,,,,,,,,,,,,,,,,,,,,,,,,,,,,,,,,
spelad,SE3S,2025/26,2025-09-08,,Norrby,Ljungskile,4,2,H,,,,,,,,,,,,,,,,,,,,,,,,,,,,,,,,,,,,,,,,,,,,,,,,,,,,,,,,
spelad,SE3S,2025/26,2025-09-12,,Skövde AIK,Trollhättan,1,2,A,,,,,,,,,,,,,,,,,,,,,,,,,,,,,,,,,,,,,,,,,,,,,,,,,,,,,,,,
spelad,SE3S,2025/26,2025-09-13,,Ariana,IFK Skövde,2,1,H,,,,,,,,,,,,,,,,,,,,,,,,,,,,,,,,,,,,,,,,,,,,,,,,,,,,,,,,
spelad,SE3S,2025/26,2025-09-13,,Husqvarna FF,Ängelholm,0,1,A,,,,,,,,,,,,,,,,,,,,,,,,,,,,,,,,,,,,,,,,,,,,,,,,,,,,,,,,
spelad,SE3S,2025/26,2025-09-13,,Ljungskile,Hässleholm,3,0,H,,,,,,,,,,,,,,,,,,,,,,,,,,,,,,,,,,,,,,,,,,,,,,,,,,,,,,,,
spelad,SE3S,2025/26,2025-09-13,,Rosengård,Oskarshamns,0,1,A,,,,,,,,,,,,,,,,,,,,,,,,,,,,,,,,,,,,,,,,,,,,,,,,,,,,,,,,
spelad,SE3S,2025/26,2025-09-13,,Torslanda,BK Olympic,1,5,A,,,,,,,,,,,,,,,,,,,,,,,,,,,,,,,,,,,,,,,,,,,,,,,,,,,,,,,,
spelad,SE3S,2025/26,2025-09-14,,Eskilsminne,Norrby,2,3,A,,,,,,,,,,,,,,,,,,,,,,,,,,,,,,,,,,,,,,,,,,,,,,,,,,,,,,,,
spelad,SE3S,2025/26,2025-09-14,,Lund,Joenkoeping S.,1,2,A,,,,,,,,,,,,,,,,,,,,,,,,,,,,,,,,,,,,,,,,,,,,,,,,,,,,,,,,
spelad,SE3S,2025/26,2025-09-19,,Joenkoeping S.,Husqvarna FF,0,0,D,,,,,,,,,,,,,,,,,,,,,,,,,,,,,,,,,,,,,,,,,,,,,,,,,,,,,,,,
spelad,SE3S,2025/26,2025-09-20,,BK Olympic,Lund,3,2,H,,,,,,,,,,,,,,,,,,,,,,,,,,,,,,,,,,,,,,,,,,,,,,,,,,,,,,,,
spelad,SE3S,2025/26,2025-09-20,,IFK Skövde,Hässleholm,0,1,A,,,,,,,,,,,,,,,,,,,,,,,,,,,,,,,,,,,,,,,,,,,,,,,,,,,,,,,,
spelad,SE3S,2025/26,2025-09-20,,Oskarshamns,Trollhättan,2,0,H,,,,,,,,,,,,,,,,,,,,,,,,,,,,,,,,,,,,,,,,,,,,,,,,,,,,,,,,
spelad,SE3S,2025/26,2025-09-20,,Rosengård,Skövde AIK,3,1,H,,,,,,,,,,,,,,,,,,,,,,,,,,,,,,,,,,,,,,,,,,,,,,,,,,,,,,,,
spelad,SE3S,2025/26,2025-09-20,,Torslanda,Eskilsminne,2,1,H,,,,,,,,,,,,,,,,,,,,,,,,,,,,,,,,,,,,,,,,,,,,,,,,,,,,,,,,
spelad,SE3S,2025/26,2025-09-21,,Norrby,Ariana,2,1,H,,,,,,,,,,,,,,,,,,,,,,,,,,,,,,,,,,,,,,,,,,,,,,,,,,,,,,,,
spelad,SE3S,2025/26,2025-09-21,,Ängelholm,Ljungskile,1,2,A,,,,,,,,,,,,,,,,,,,,,,,,,,,,,,,,,,,,,,,,,,,,,,,,,,,,,,,,
spelad,SE3S,2025/26,2025-09-26,,Lund,Rosengård,1,0,H,,,,,,,,,,,,,,,,,,,,,,,,,,,,,,,,,,,,,,,,,,,,,,,,,,,,,,,,
spelad,SE3S,2025/26,2025-09-27,,BK Olympic,Norrby,0,2,A,,,,,,,,,,,,,,,,,,,,,,,,,,,,,,,,,,,,,,,,,,,,,,,,,,,,,,,,
spelad,SE3S,2025/26,2025-09-27,,Eskilsminne,Husqvarna FF,0,2,A,,,,,,,,,,,,,,,,,,,,,,,,,,,,,,,,,,,,,,,,,,,,,,,,,,,,,,,,
spelad,SE3S,2025/26,2025-09-27,,Hässleholm,Joenkoeping S.,1,2,A,,,,,,,,,,,,,,,,,,,,,,,,,,,,,,,,,,,,,,,,,,,,,,,,,,,,,,,,
spelad,SE3S,2025/26,2025-09-27,,Ljungskile,Torslanda,3,0,H,,,,,,,,,,,,,,,,,,,,,,,,,,,,,,,,,,,,,,,,,,,,,,,,,,,,,,,,
spelad,SE3S,2025/26,2025-09-27,,Oskarshamns,IFK Skövde,1,0,H,,,,,,,,,,,,,,,,,,,,,,,,,,,,,,,,,,,,,,,,,,,,,,,,,,,,,,,,
spelad,SE3S,2025/26,2025-09-27,,Skövde AIK,Ängelholm,0,0,D,,,,,,,,,,,,,,,,,,,,,,,,,,,,,,,,,,,,,,,,,,,,,,,,,,,,,,,,
spelad,SE3S,2025/26,2025-09-28,,Trollhättan,Ariana,2,1,H,,,,,,,,,,,,,,,,,,,,,,,,,,,,,,,,,,,,,,,,,,,,,,,,,,,,,,,,
spelad,SE3S,2025/26,2025-10-03,,Ariana,Lund,0,1,A,,,,,,,,,,,,,,,,,,,,,,,,,,,,,,,,,,,,,,,,,,,,,,,,,,,,,,,,
spelad,SE3S,2025/26,2025-10-04,,Husqvarna FF,Ljungskile,2,0,H,,,,,,,,,,,,,,,,,,,,,,,,,,,,,,,,,,,,,,,,,,,,,,,,,,,,,,,,
spelad,SE3S,2025/26,2025-10-04,,IFK Skövde,BK Olympic,3,1,H,,,,,,,,,,,,,,,,,,,,,,,,,,,,,,,,,,,,,,,,,,,,,,,,,,,,,,,,
spelad,SE3S,2025/26,2025-10-04,,Torslanda,Hässleholm,0,5,A,,,,,,,,,,,,,,,,,,,,,,,,,,,,,,,,,,,,,,,,,,,,,,,,,,,,,,,,
spelad,SE3S,2025/26,2025-10-04,,Ängelholm,Trollhättan,1,2,A,,,,,,,,,,,,,,,,,,,,,,,,,,,,,,,,,,,,,,,,,,,,,,,,,,,,,,,,
spelad,SE3S,2025/26,2025-10-05,,Eskilsminne,Oskarshamns,3,1,H,,,,,,,,,,,,,,,,,,,,,,,,,,,,,,,,,,,,,,,,,,,,,,,,,,,,,,,,
spelad,SE3S,2025/26,2025-10-05,,Norrby,Rosengård,2,1,H,,,,,,,,,,,,,,,,,,,,,,,,,,,,,,,,,,,,,,,,,,,,,,,,,,,,,,,,
spelad,SE3S,2025/26,2025-10-06,,Joenkoeping S.,Skövde AIK,1,0,H,,,,,,,,,,,,,,,,,,,,,,,,,,,,,,,,,,,,,,,,,,,,,,,,,,,,,,,,
spelad,SE3S,2025/26,2025-10-10,,Ariana,Ängelholm,1,3,A,,,,,,,,,,,,,,,,,,,,,,,,,,,,,,,,,,,,,,,,,,,,,,,,,,,,,,,,
spelad,SE3S,2025/26,2025-10-10,,Husqvarna FF,IFK Skövde,1,2,A,,,,,,,,,,,,,,,,,,,,,,,,,,,,,,,,,,,,,,,,,,,,,,,,,,,,,,,,
spelad,SE3S,2025/26,2025-10-11,,Ljungskile,Eskilsminne,3,0,H,,,,,,,,,,,,,,,,,,,,,,,,,,,,,,,,,,,,,,,,,,,,,,,,,,,,,,,,
spelad,SE3S,2025/26,2025-10-11,,Oskarshamns,Joenkoeping S.,0,0,D,,,,,,,,,,,,,,,,,,,,,,,,,,,,,,,,,,,,,,,,,,,,,,,,,,,,,,,,
spelad,SE3S,2025/26,2025-10-11,,Skövde AIK,Lund,1,0,H,,,,,,,,,,,,,,,,,,,,,,,,,,,,,,,,,,,,,,,,,,,,,,,,,,,,,,,,
spelad,SE3S,2025/26,2025-10-11,,Trollhättan,Torslanda,4,0,H,,,,,,,,,,,,,,,,,,,,,,,,,,,,,,,,,,,,,,,,,,,,,,,,,,,,,,,,
spelad,SE3S,2025/26,2025-10-12,,Hässleholm,Norrby,1,0,H,,,,,,,,,,,,,,,,,,,,,,,,,,,,,,,,,,,,,,,,,,,,,,,,,,,,,,,,
spelad,SE3S,2025/26,2025-10-12,,Rosengård,BK Olympic,1,3,A,,,,,,,,,,,,,,,,,,,,,,,,,,,,,,,,,,,,,,,,,,,,,,,,,,,,,,,,
spelad,SE3S,2025/26,2025-10-17,,IFK Skövde,Trollhättan,1,4,A,,,,,,,,,,,,,,,,,,,,,,,,,,,,,,,,,,,,,,,,,,,,,,,,,,,,,,,,
spelad,SE3S,2025/26,2025-10-17,,Lund,Ängelholm,1,2,A,,,,,,,,,,,,,,,,,,,,,,,,,,,,,,,,,,,,,,,,,,,,,,,,,,,,,,,,
spelad,SE3S,2025/26,2025-10-18,,BK Olympic,Oskarshamns,2,2,D,,,,,,,,,,,,,,,,,,,,,,,,,,,,,,,,,,,,,,,,,,,,,,,,,,,,,,,,
spelad,SE3S,2025/26,2025-10-18,,Eskilsminne,Skövde AIK,4,0,H,,,,,,,,,,,,,,,,,,,,,,,,,,,,,,,,,,,,,,,,,,,,,,,,,,,,,,,,
spelad,SE3S,2025/26,2025-10-18,,Hässleholm,Husqvarna FF,1,0,H,,,,,,,,,,,,,,,,,,,,,,,,,,,,,,,,,,,,,,,,,,,,,,,,,,,,,,,,
spelad,SE3S,2025/26,2025-10-18,,Rosengård,Ariana,1,3,A,,,,,,,,,,,,,,,,,,,,,,,,,,,,,,,,,,,,,,,,,,,,,,,,,,,,,,,,
spelad,SE3S,2025/26,2025-10-18,,Torslanda,Norrby,1,3,A,,,,,,,,,,,,,,,,,,,,,,,,,,,,,,,,,,,,,,,,,,,,,,,,,,,,,,,,
spelad,SE3S,2025/26,2025-10-19,,Joenkoeping S.,Ljungskile,1,3,A,,,,,,,,,,,,,,,,,,,,,,,,,,,,,,,,,,,,,,,,,,,,,,,,,,,,,,,,
spelad,SE3S,2025/26,2025-10-25,,Ariana,BK Olympic,4,2,H,,,,,,,,,,,,,,,,,,,,,,,,,,,,,,,,,,,,,,,,,,,,,,,,,,,,,,,,
spelad,SE3S,2025/26,2025-10-25,,Husqvarna FF,Torslanda,5,0,H,,,,,,,,,,,,,,,,,,,,,,,,,,,,,,,,,,,,,,,,,,,,,,,,,,,,,,,,
spelad,SE3S,2025/26,2025-10-25,,Ljungskile,Rosengård,2,0,H,,,,,,,,,,,,,,,,,,,,,,,,,,,,,,,,,,,,,,,,,,,,,,,,,,,,,,,,
spelad,SE3S,2025/26,2025-10-25,,Oskarshamns,Lund,2,2,D,,,,,,,,,,,,,,,,,,,,,,,,,,,,,,,,,,,,,,,,,,,,,,,,,,,,,,,,
spelad,SE3S,2025/26,2025-10-25,,Skövde AIK,Hässleholm,0,1,A,,,,,,,,,,,,,,,,,,,,,,,,,,,,,,,,,,,,,,,,,,,,,,,,,,,,,,,,
spelad,SE3S,2025/26,2025-10-25,,Trollhättan,Joenkoeping S.,0,1,A,,,,,,,,,,,,,,,,,,,,,,,,,,,,,,,,,,,,,,,,,,,,,,,,,,,,,,,,
spelad,SE3S,2025/26,2025-10-26,,Norrby,IFK Skövde,4,0,H,,,,,,,,,,,,,,,,,,,,,,,,,,,,,,,,,,,,,,,,,,,,,,,,,,,,,,,,
spelad,SE3S,2025/26,2025-10-26,,Ängelholm,Eskilsminne,2,2,D,,,,,,,,,,,,,,,,,,,,,,,,,,,,,,,,,,,,,,,,,,,,,,,,,,,,,,,,
spelad,SE3S,2025/26,2025-11-01,,IFK Skövde,Eskilsminne,1,3,A,,,,,,,,,,,,,,,,,,,,,,,,,,,,,,,,,,,,,,,,,,,,,,,,,,,,,,,,
spelad,SE3S,2025/26,2025-11-01,,Joenkoeping S.,Ariana,1,0,H,,,,,,,,,,,,,,,,,,,,,,,,,,,,,,,,,,,,,,,,,,,,,,,,,,,,,,,,
spelad,SE3S,2025/26,2025-11-01,,Ljungskile,Skövde AIK,5,1,H,,,,,,,,,,,,,,,,,,,,,,,,,,,,,,,,,,,,,,,,,,,,,,,,,,,,,,,,
spelad,SE3S,2025/26,2025-11-01,,Norrby,Husqvarna FF,4,1,H,,,,,,,,,,,,,,,,,,,,,,,,,,,,,,,,,,,,,,,,,,,,,,,,,,,,,,,,
spelad,SE3S,2025/26,2025-11-01,,Rosengård,Hässleholm,1,2,A,,,,,,,,,,,,,,,,,,,,,,,,,,,,,,,,,,,,,,,,,,,,,,,,,,,,,,,,
spelad,SE3S,2025/26,2025-11-01,,Ängelholm,Oskarshamns,1,2,A,,,,,,,,,,,,,,,,,,,,,,,,,,,,,,,,,,,,,,,,,,,,,,,,,,,,,,,,
spelad,SE3S,2025/26,2025-11-02,,BK Olympic,Trollhättan,2,3,A,,,,,,,,,,,,,,,,,,,,,,,,,,,,,,,,,,,,,,,,,,,,,,,,,,,,,,,,
spelad,SE3S,2025/26,2025-11-02,,Torslanda,Lund,3,1,H,,,,,,,,,,,,,,,,,,,,,,,,,,,,,,,,,,,,,,,,,,,,,,,,,,,,,,,,
spelad,SE3S,2025/26,2025-11-08,,Ariana,Torslanda,1,4,A,,,,,,,,,,,,,,,,,,,,,,,,,,,,,,,,,,,,,,,,,,,,,,,,,,,,,,,,
spelad,SE3S,2025/26,2025-11-08,,Eskilsminne,Joenkoeping S.,4,2,H,,,,,,,,,,,,,,,,,,,,,,,,,,,,,,,,,,,,,,,,,,,,,,,,,,,,,,,,
spelad,SE3S,2025/26,2025-11-08,,Husqvarna FF,Rosengård,5,0,H,,,,,,,,,,,,,,,,,,,,,,,,,,,,,,,,,,,,,,,,,,,,,,,,,,,,,,,,
spelad,SE3S,2025/26,2025-11-08,,Hässleholm,Ängelholm,3,0,H,,,,,,,,,,,,,,,,,,,,,,,,,,,,,,,,,,,,,,,,,,,,,,,,,,,,,,,,
spelad,SE3S,2025/26,2025-11-08,,Lund,IFK Skövde,1,0,H,,,,,,,,,,,,,,,,,,,,,,,,,,,,,,,,,,,,,,,,,,,,,,,,,,,,,,,,
spelad,SE3S,2025/26,2025-11-08,,Oskarshamns,Ljungskile,2,1,H,,,,,,,,,,,,,,,,,,,,,,,,,,,,,,,,,,,,,,,,,,,,,,,,,,,,,,,,
spelad,SE3S,2025/26,2025-11-08,,Skövde AIK,BK Olympic,3,2,H,,,,,,,,,,,,,,,,,,,,,,,,,,,,,,,,,,,,,,,,,,,,,,,,,,,,,,,,
spelad,SE3S,2025/26,2025-11-08,,Trollhättan,Norrby,2,3,A,,,,,,,,,,,,,,,,,,,,,,,,,,,,,,,,,,,,,,,,,,,,,,,,,,,,,,,,
spelad,SE3S,2026/27,2026-04-03,,AFC Malmö,Kristianstad,2,2,D,,,,,,,,,,,,,,,,,,,,,,,,,,,,,,,,,,,,,,,,,,,,,,,,,,,,,,,,
spelad,SE3S,2026/27,2026-04-03,,Trollhättan,Hässleholm,3,4,A,,,,,,,,,,,,,,,,,,,,,,,,,,,,,,,,,,,,,,,,,,,,,,,,,,,,,,,,
spelad,SE3S,2026/27,2026-04-03,,Utsikten,BK Olympic,1,3,A,,,,,,,,,,,,,,,,,,,,,,,,,,,,,,,,,,,,,,,,,,,,,,,,,,,,,,,,
spelad,SE3S,2026/27,2026-04-03,,Ängelholm,Trelleborg,1,5,A,,,,,,,,,,,,,,,,,,,,,,,,,,,,,,,,,,,,,,,,,,,,,,,,,,,,,,,,
spelad,SE3S,2026/27,2026-04-04,,Eskilsminne,Laholm,1,0,H,,,,,,,,,,,,,,,,,,,,,,,,,,,,,,,,,,,,,,,,,,,,,,,,,,,,,,,,
spelad,SE3S,2026/27,2026-04-04,,Rosengård,Lund,2,2,D,,,,,,,,,,,,,,,,,,,,,,,,,,,,,,,,,,,,,,,,,,,,,,,,,,,,,,,,
spelad,SE3S,2026/27,2026-04-05,,Åtvidaberg,Jönköping Södra,1,0,H,,,,,,,,,,,,,,,,,,,,,,,,,,,,,,,,,,,,,,,,,,,,,,,,,,,,,,,,
spelad,SE3S,2026/27,2026-04-06,,Skövde AIK,Tvååker,0,0,D,,,,,,,,,,,,,,,,,,,,,,,,,,,,,,,,,,,,,,,,,,,,,,,,,,,,,,,,
spelad,SE3S,2026/27,2026-04-10,,Hässleholm,Rosengård,1,1,D,,,,,,,,,,,,,,,,,,,,,,,,,,,,,,,,,,,,,,,,,,,,,,,,,,,,,,,,
spelad,SE3S,2026/27,2026-04-11,,BK Olympic,Trollhättan,1,2,A,,,,,,,,,,,,,,,,,,,,,,,,,,,,,,,,,,,,,,,,,,,,,,,,,,,,,,,,
spelad,SE3S,2026/27,2026-04-11,,Kristianstad,Skövde AIK,0,0,D,,,,,,,,,,,,,,,,,,,,,,,,,,,,,,,,,,,,,,,,,,,,,,,,,,,,,,,,
spelad,SE3S,2026/27,2026-04-11,,Laholm,Ängelholm,1,1,D,,,,,,,,,,,,,,,,,,,,,,,,,,,,,,,,,,,,,,,,,,,,,,,,,,,,,,,,
spelad,SE3S,2026/27,2026-04-11,,Lund,Åtvidaberg,2,0,H,,,,,,,,,,,,,,,,,,,,,,,,,,,,,,,,,,,,,,,,,,,,,,,,,,,,,,,,
spelad,SE3S,2026/27,2026-04-11,,Trelleborg,AFC Malmö,1,1,D,,,,,,,,,,,,,,,,,,,,,,,,,,,,,,,,,,,,,,,,,,,,,,,,,,,,,,,,
spelad,SE3S,2026/27,2026-04-11,,Tvååker,Eskilsminne,1,0,H,,,,,,,,,,,,,,,,,,,,,,,,,,,,,,,,,,,,,,,,,,,,,,,,,,,,,,,,
spelad,SE3S,2026/27,2026-04-12,,Jönköping Södra,Utsikten,1,2,A,,,,,,,,,,,,,,,,,,,,,,,,,,,,,,,,,,,,,,,,,,,,,,,,,,,,,,,,
spelad,SE3S,2026/27,2026-04-17,,Hässleholm,BK Olympic,4,0,H,,,,,,,,,,,,,,,,,,,,,,,,,,,,,,,,,,,,,,,,,,,,,,,,,,,,,,,,
spelad,SE3S,2026/27,2026-04-18,,AFC Malmö,Rosengård,1,1,D,,,,,,,,,,,,,,,,,,,,,,,,,,,,,,,,,,,,,,,,,,,,,,,,,,,,,,,,
spelad,SE3S,2026/27,2026-04-18,,Eskilsminne,Jönköping Södra,2,2,D,,,,,,,,,,,,,,,,,,,,,,,,,,,,,,,,,,,,,,,,,,,,,,,,,,,,,,,,
spelad,SE3S,2026/27,2026-04-18,,Skövde AIK,Laholm,1,0,H,,,,,,,,,,,,,,,,,,,,,,,,,,,,,,,,,,,,,,,,,,,,,,,,,,,,,,,,
spelad,SE3S,2026/27,2026-04-18,,Trelleborg,Tvååker,4,1,H,,,,,,,,,,,,,,,,,,,,,,,,,,,,,,,,,,,,,,,,,,,,,,,,,,,,,,,,
spelad,SE3S,2026/27,2026-04-18,,Utsikten,Trollhättan,1,2,A,,,,,,,,,,,,,,,,,,,,,,,,,,,,,,,,,,,,,,,,,,,,,,,,,,,,,,,,
spelad,SE3S,2026/27,2026-04-19,,Åtvidaberg,Kristianstad,2,1,H,,,,,,,,,,,,,,,,,,,,,,,,,,,,,,,,,,,,,,,,,,,,,,,,,,,,,,,,
spelad,SE3S,2026/27,2026-04-19,,Ängelholm,Lund,0,0,D,,,,,,,,,,,,,,,,,,,,,,,,,,,,,,,,,,,,,,,,,,,,,,,,,,,,,,,,
spelad,SE3S,2026/27,2026-04-24,,Trollhättan,Skövde AIK,1,1,D,,,,,,,,,,,,,,,,,,,,,,,,,,,,,,,,,,,,,,,,,,,,,,,,,,,,,,,,
spelad,SE3S,2026/27,2026-04-25,,Laholm,Trelleborg,0,4,A,,,,,,,,,,,,,,,,,,,,,,,,,,,,,,,,,,,,,,,,,,,,,,,,,,,,,,,,
spelad,SE3S,2026/27,2026-04-25,,Lund,Tvååker,1,0,H,,,,,,,,,,,,,,,,,,,,,,,,,,,,,,,,,,,,,,,,,,,,,,,,,,,,,,,,
spelad,SE3S,2026/27,2026-04-25,,Rosengård,Eskilsminne,0,3,A,,,,,,,,,,,,,,,,,,,,,,,,,,,,,,,,,,,,,,,,,,,,,,,,,,,,,,,,
spelad,SE3S,2026/27,2026-04-25,,Åtvidaberg,AFC Malmö,3,0,H,,,,,,,,,,,,,,,,,,,,,,,,,,,,,,,,,,,,,,,,,,,,,,,,,,,,,,,,
spelad,SE3S,2026/27,2026-04-25,,Ängelholm,Hässleholm,1,1,D,,,,,,,,,,,,,,,,,,,,,,,,,,,,,,,,,,,,,,,,,,,,,,,,,,,,,,,,
spelad,SE3S,2026/27,2026-04-26,,BK Olympic,Jönköping Södra,3,1,H,,,,,,,,,,,,,,,,,,,,,,,,,,,,,,,,,,,,,,,,,,,,,,,,,,,,,,,,
spelad,SE3S,2026/27,2026-04-26,,Kristianstad,Utsikten,4,1,H,,,,,,,,,,,,,,,,,,,,,,,,,,,,,,,,,,,,,,,,,,,,,,,,,,,,,,,,
spelad,SE3S,2026/27,2026-05-01,,Eskilsminne,Ängelholm,0,6,A,,,,,,,,,,,,,,,,,,,,,,,,,,,,,,,,,,,,,,,,,,,,,,,,,,,,,,,,
spelad,SE3S,2026/27,2026-05-01,,Hässleholm,Lund,0,1,A,,,,,,,,,,,,,,,,,,,,,,,,,,,,,,,,,,,,,,,,,,,,,,,,,,,,,,,,
spelad,SE3S,2026/27,2026-05-02,,Jönköping Södra,Kristianstad,3,0,H,,,,,,,,,,,,,,,,,,,,,,,,,,,,,,,,,,,,,,,,,,,,,,,,,,,,,,,,
spelad,SE3S,2026/27,2026-05-02,,Skövde AIK,Åtvidaberg,0,0,D,,,,,,,,,,,,,,,,,,,,,,,,,,,,,,,,,,,,,,,,,,,,,,,,,,,,,,,,
spelad,SE3S,2026/27,2026-05-02,,Trelleborg,BK Olympic,2,1,H,,,,,,,,,,,,,,,,,,,,,,,,,,,,,,,,,,,,,,,,,,,,,,,,,,,,,,,,
spelad,SE3S,2026/27,2026-05-02,,Trollhättan,Rosengård,0,2,A,,,,,,,,,,,,,,,,,,,,,,,,,,,,,,,,,,,,,,,,,,,,,,,,,,,,,,,,
spelad,SE3S,2026/27,2026-05-02,,Tvååker,Laholm,1,2,A,,,,,,,,,,,,,,,,,,,,,,,,,,,,,,,,,,,,,,,,,,,,,,,,,,,,,,,,
spelad,SE3S,2026/27,2026-05-02,,Utsikten,AFC Malmö,0,3,A,,,,,,,,,,,,,,,,,,,,,,,,,,,,,,,,,,,,,,,,,,,,,,,,,,,,,,,,
spelad,SE3S,2026/27,2026-05-08,,AFC Malmö,Hässleholm,3,2,H,,,,,,,,,,,,,,,,,,,,,,,,,,,,,,,,,,,,,,,,,,,,,,,,,,,,,,,,
spelad,SE3S,2026/27,2026-05-09,,BK Olympic,Kristianstad,2,0,H,,,,,,,,,,,,,,,,,,,,,,,,,,,,,,,,,,,,,,,,,,,,,,,,,,,,,,,,
spelad,SE3S,2026/27,2026-05-09,,Eskilsminne,Utsikten,4,0,H,,,,,,,,,,,,,,,,,,,,,,,,,,,,,,,,,,,,,,,,,,,,,,,,,,,,,,,,
spelad,SE3S,2026/27,2026-05-09,,Rosengård,Tvååker,0,1,A,,,,,,,,,,,,,,,,,,,,,,,,,,,,,,,,,,,,,,,,,,,,,,,,,,,,,,,,
spelad,SE3S,2026/27,2026-05-09,,Skövde AIK,Ängelholm,1,1,D,,,,,,,,,,,,,,,,,,,,,,,,,,,,,,,,,,,,,,,,,,,,,,,,,,,,,,,,
spelad,SE3S,2026/27,2026-05-09,,Trollhättan,Lund,1,1,D,,,,,,,,,,,,,,,,,,,,,,,,,,,,,,,,,,,,,,,,,,,,,,,,,,,,,,,,
spelad,SE3S,2026/27,2026-05-10,,Jönköping Södra,Laholm,2,1,H,,,,,,,,,,,,,,,,,,,,,,,,,,,,,,,,,,,,,,,,,,,,,,,,,,,,,,,,
spelad,SE3S,2026/27,2026-05-10,,Åtvidaberg,Trelleborg,1,2,A,,,,,,,,,,,,,,,,,,,,,,,,,,,,,,,,,,,,,,,,,,,,,,,,,,,,,,,,
spelad,SE3S,2026/27,2026-05-13,,Hässleholm,Eskilsminne,1,3,A,,,,,,,,,,,,,,,,,,,,,,,,,,,,,,,,,,,,,,,,,,,,,,,,,,,,,,,,
spelad,SE3S,2026/27,2026-05-13,,Kristianstad,Rosengård,1,2,A,,,,,,,,,,,,,,,,,,,,,,,,,,,,,,,,,,,,,,,,,,,,,,,,,,,,,,,,
spelad,SE3S,2026/27,2026-05-13,,Laholm,Lund,4,3,H,,,,,,,,,,,,,,,,,,,,,,,,,,,,,,,,,,,,,,,,,,,,,,,,,,,,,,,,
spelad,SE3S,2026/27,2026-05-13,,Utsikten,Skövde AIK,2,3,A,,,,,,,,,,,,,,,,,,,,,,,,,,,,,,,,,,,,,,,,,,,,,,,,,,,,,,,,
spelad,SE3S,2026/27,2026-05-14,,Trelleborg,Jönköping Södra,1,1,D,,,,,,,,,,,,,,,,,,,,,,,,,,,,,,,,,,,,,,,,,,,,,,,,,,,,,,,,
spelad,SE3S,2026/27,2026-05-14,,Trollhättan,AFC Malmö,0,2,A,,,,,,,,,,,,,,,,,,,,,,,,,,,,,,,,,,,,,,,,,,,,,,,,,,,,,,,,
spelad,SE3S,2026/27,2026-05-14,,Tvååker,BK Olympic,1,0,H,,,,,,,,,,,,,,,,,,,,,,,,,,,,,,,,,,,,,,,,,,,,,,,,,,,,,,,,
spelad,SE3S,2026/27,2026-05-14,,Ängelholm,Åtvidaberg,2,2,D,,,,,,,,,,,,,,,,,,,,,,,,,,,,,,,,,,,,,,,,,,,,,,,,,,,,,,,,
spelad,SE3S,2026/27,2026-05-17,,BK Olympic,Åtvidaberg,2,3,A,,,,,,,,,,,,,,,,,,,,,,,,,,,,,,,,,,,,,,,,,,,,,,,,,,,,,,,,
spelad,SE3S,2026/27,2026-05-17,,Eskilsminne,Skövde AIK,1,1,D,,,,,,,,,,,,,,,,,,,,,,,,,,,,,,,,,,,,,,,,,,,,,,,,,,,,,,,,
spelad,SE3S,2026/27,2026-05-17,,Jönköping Södra,Hässleholm,2,0,H,,,,,,,,,,,,,,,,,,,,,,,,,,,,,,,,,,,,,,,,,,,,,,,,,,,,,,,,
spelad,SE3S,2026/27,2026-05-17,,Lund,Utsikten,5,0,H,,,,,,,,,,,,,,,,,,,,,,,,,,,,,,,,,,,,,,,,,,,,,,,,,,,,,,,,
spelad,SE3S,2026/27,2026-05-17,,Trelleborg,Trollhättan,2,2,D,,,,,,,,,,,,,,,,,,,,,,,,,,,,,,,,,,,,,,,,,,,,,,,,,,,,,,,,
spelad,SE3S,2026/27,2026-05-18,,AFC Malmö,Tvååker,0,1,A,,,,,,,,,,,,,,,,,,,,,,,,,,,,,,,,,,,,,,,,,,,,,,,,,,,,,,,,
spelad,SE3S,2026/27,2026-05-18,,Laholm,Rosengård,1,3,A,,,,,,,,,,,,,,,,,,,,,,,,,,,,,,,,,,,,,,,,,,,,,,,,,,,,,,,,
spelad,SE3S,2026/27,2026-05-18,,Ängelholm,Kristianstad,0,1,A,,,,,,,,,,,,,,,,,,,,,,,,,,,,,,,,,,,,,,,,,,,,,,,,,,,,,,,,
spelad,SE3S,2026/27,2026-05-22,,Kristianstad,Hässleholm,1,3,A,,,,,,,,,,,,,,,,,,,,,,,,,,,,,,,,,,,,,,,,,,,,,,,,,,,,,,,,
spelad,SE3S,2026/27,2026-05-22,,Lund,Eskilsminne,4,2,H,,,,,,,,,,,,,,,,,,,,,,,,,,,,,,,,,,,,,,,,,,,,,,,,,,,,,,,,
spelad,SE3S,2026/27,2026-05-23,,Rosengård,BK Olympic,2,1,H,,,,,,,,,,,,,,,,,,,,,,,,,,,,,,,,,,,,,,,,,,,,,,,,,,,,,,,,
spelad,SE3S,2026/27,2026-05-23,,Skövde AIK,AFC Malmö,0,4,A,,,,,,,,,,,,,,,,,,,,,,,,,,,,,,,,,,,,,,,,,,,,,,,,,,,,,,,,
spelad,SE3S,2026/27,2026-05-23,,Tvååker,Trollhättan,1,1,D,,,,,,,,,,,,,,,,,,,,,,,,,,,,,,,,,,,,,,,,,,,,,,,,,,,,,,,,
spelad,SE3S,2026/27,2026-05-23,,Utsikten,Trelleborg,0,0,D,,,,,,,,,,,,,,,,,,,,,,,,,,,,,,,,,,,,,,,,,,,,,,,,,,,,,,,,
spelad,SE3S,2026/27,2026-05-24,,Jönköping Södra,Ängelholm,3,0,H,,,,,,,,,,,,,,,,,,,,,,,,,,,,,,,,,,,,,,,,,,,,,,,,,,,,,,,,
spelad,SE3S,2026/27,2026-05-24,,Åtvidaberg,Laholm,3,1,H,,,,,,,,,,,,,,,,,,,,,,,,,,,,,,,,,,,,,,,,,,,,,,,,,,,,,,,,
spelad,SE3S,2026/27,2026-05-30,,AFC Malmö,Laholm,4,2,H,,,,,,,,,,,,,,,,,,,,,,,,,,,,,,,,,,,,,,,,,,,,,,,,,,,,,,,,
spelad,SE3S,2026/27,2026-05-30,,Eskilsminne,Trelleborg,2,3,A,,,,,,,,,,,,,,,,,,,,,,,,,,,,,,,,,,,,,,,,,,,,,,,,,,,,,,,,
spelad,SE3S,2026/27,2026-05-30,,Hässleholm,Utsikten,3,0,H,,,,,,,,,,,,,,,,,,,,,,,,,,,,,,,,,,,,,,,,,,,,,,,,,,,,,,,,
spelad,SE3S,2026/27,2026-05-30,,Trollhättan,Åtvidaberg,3,3,D,,,,,,,,,,,,,,,,,,,,,,,,,,,,,,,,,,,,,,,,,,,,,,,,,,,,,,,,
spelad,SE3S,2026/27,2026-05-30,,Tvååker,Kristianstad,1,2,A,,,,,,,,,,,,,,,,,,,,,,,,,,,,,,,,,,,,,,,,,,,,,,,,,,,,,,,,
spelad,SE3S,2026/27,2026-06-01,,Skövde AIK,Jönköping Södra,1,0,H,,,,,,,,,,,,,,,,,,,,,,,,,,,,,,,,,,,,,,,,,,,,,,,,,,,,,,,,
spelad,SE3S,2026/27,2026-06-02,,Rosengård,Ängelholm,1,2,A,,,,,,,,,,,,,,,,,,,,,,,,,,,,,,,,,,,,,,,,,,,,,,,,,,,,,,,,
spelad,SE3S,2026/27,2026-06-03,,BK Olympic,Lund,1,3,A,,,,,,,,,,,,,,,,,,,,,,,,,,,,,,,,,,,,,,,,,,,,,,,,,,,,,,,,
spelad,SE3S,2026/27,2026-06-04,,Laholm,Hässleholm,1,2,A,,,,,,,,,,,,,,,,,,,,,,,,,,,,,,,,,,,,,,,,,,,,,,,,,,,,,,,,
spelad,SE3S,2026/27,2026-06-06,,Jönköping Södra,Trollhättan,4,1,H,,,,,,,,,,,,,,,,,,,,,,,,,,,,,,,,,,,,,,,,,,,,,,,,,,,,,,,,
spelad,SE3S,2026/27,2026-06-07,,AFC Malmö,Eskilsminne,2,1,H,,,,,,,,,,,,,,,,,,,,,,,,,,,,,,,,,,,,,,,,,,,,,,,,,,,,,,,,
spelad,SE3S,2026/27,2026-06-07,,Kristianstad,Lund,1,1,D,,,,,,,,,,,,,,,,,,,,,,,,,,,,,,,,,,,,,,,,,,,,,,,,,,,,,,,,
spelad,SE3S,2026/27,2026-06-07,,Trelleborg,Skövde AIK,4,0,H,,,,,,,,,,,,,,,,,,,,,,,,,,,,,,,,,,,,,,,,,,,,,,,,,,,,,,,,
spelad,SE3S,2026/27,2026-06-07,,Åtvidaberg,Tvååker,2,2,D,,,,,,,,,,,,,,,,,,,,,,,,,,,,,,,,,,,,,,,,,,,,,,,,,,,,,,,,
spelad,SE3S,2026/27,2026-06-08,,Utsikten,Rosengård,0,1,A,,,,,,,,,,,,,,,,,,,,,,,,,,,,,,,,,,,,,,,,,,,,,,,,,,,,,,,,
spelad,SE3S,2026/27,2026-06-08,,Ängelholm,BK Olympic,1,1,D,,,,,,,,,,,,,,,,,,,,,,,,,,,,,,,,,,,,,,,,,,,,,,,,,,,,,,,,
spelad,SE3S,2026/27,2026-06-12,,Lund,AFC Malmö,1,4,A,,,,,,,,,,,,,,,,,,,,,,,,,,,,,,,,,,,,,,,,,,,,,,,,,,,,,,,,
spelad,SE3S,2026/27,2026-06-13,,BK Olympic,Laholm,3,2,H,,,,,,,,,,,,,,,,,,,,,,,,,,,,,,,,,,,,,,,,,,,,,,,,,,,,,,,,
spelad,SE3S,2026/27,2026-06-13,,Trollhättan,Kristianstad,1,1,D,,,,,,,,,,,,,,,,,,,,,,,,,,,,,,,,,,,,,,,,,,,,,,,,,,,,,,,,
spelad,SE3S,2026/27,2026-06-13,,Tvååker,Jönköping Södra,2,1,H,,,,,,,,,,,,,,,,,,,,,,,,,,,,,,,,,,,,,,,,,,,,,,,,,,,,,,,,
spelad,SE3S,2026/27,2026-06-13,,Åtvidaberg,Eskilsminne,4,0,H,,,,,,,,,,,,,,,,,,,,,,,,,,,,,,,,,,,,,,,,,,,,,,,,,,,,,,,,
spelad,SE3S,2026/27,2026-06-13,,Ängelholm,Utsikten,4,2,H,,,,,,,,,,,,,,,,,,,,,,,,,,,,,,,,,,,,,,,,,,,,,,,,,,,,,,,,
spelad,SE3S,2026/27,2026-06-14,,Hässleholm,Trelleborg,0,2,A,,,,,,,,,,,,,,,,,,,,,,,,,,,,,,,,,,,,,,,,,,,,,,,,,,,,,,,,
spelad,SE3S,2026/27,2026-06-14,,Rosengård,Skövde AIK,3,0,H,,,,,,,,,,,,,,,,,,,,,,,,,,,,,,,,,,,,,,,,,,,,,,,,,,,,,,,,
spelad,SE3S,2026/27,2026-06-17,,Utsikten,Åtvidaberg,0,3,A,,,,,,,,,,,,,,,,,,,,,,,,,,,,,,,,,,,,,,,,,,,,,,,,,,,,,,,,
spelad,SE3S,2026/27,2026-06-18,,Eskilsminne,Trollhättan,2,0,H,,,,,,,,,,,,,,,,,,,,,,,,,,,,,,,,,,,,,,,,,,,,,,,,,,,,,,,,
spelad,SE3S,2026/27,2026-06-18,,Jönköping Södra,Lund,0,0,D,,,,,,,,,,,,,,,,,,,,,,,,,,,,,,,,,,,,,,,,,,,,,,,,,,,,,,,,
spelad,SE3S,2026/27,2026-06-18,,Skövde AIK,Hässleholm,2,2,D,,,,,,,,,,,,,,,,,,,,,,,,,,,,,,,,,,,,,,,,,,,,,,,,,,,,,,,,
spelad,SE3S,2026/27,2026-06-18,,Trelleborg,Rosengård,3,2,H,,,,,,,,,,,,,,,,,,,,,,,,,,,,,,,,,,,,,,,,,,,,,,,,,,,,,,,,
spelad,SE3S,2026/27,2026-06-18,,Tvååker,Ängelholm,3,2,H,,,,,,,,,,,,,,,,,,,,,,,,,,,,,,,,,,,,,,,,,,,,,,,,,,,,,,,,
spelad,SE3S,2026/27,2026-06-21,,AFC Malmö,BK Olympic,1,2,A,,,,,,,,,,,,,,,,,,,,,,,,,,,,,,,,,,,,,,,,,,,,,,,,,,,,,,,,
spelad,SE3S,2026/27,2026-06-21,,Kristianstad,Laholm,0,3,A,,,,,,,,,,,,,,,,,,,,,,,,,,,,,,,,,,,,,,,,,,,,,,,,,,,,,,,,
spelad,SE3S,2026/27,2026-06-26,,Hässleholm,Tvååker,4,2,H,,,,,,,,,,,,,,,,,,,,,,,,,,,,,,,,,,,,,,,,,,,,,,,,,,,,,,,,
spelad,SE3S,2026/27,2026-06-26,,Kristianstad,Trelleborg,0,0,D,,,,,,,,,,,,,,,,,,,,,,,,,,,,,,,,,,,,,,,,,,,,,,,,,,,,,,,,
spelad,SE3S,2026/27,2026-06-27,,AFC Malmö,Jönköping Södra,1,0,H,,,,,,,,,,,,,,,,,,,,,,,,,,,,,,,,,,,,,,,,,,,,,,,,,,,,,,,,
spelad,SE3S,2026/27,2026-06-27,,Laholm,Utsikten,3,1,H,,,,,,,,,,,,,,,,,,,,,,,,,,,,,,,,,,,,,,,,,,,,,,,,,,,,,,,,
spelad,SE3S,2026/27,2026-06-27,,Lund,Skövde AIK,2,1,H,,,,,,,,,,,,,,,,,,,,,,,,,,,,,,,,,,,,,,,,,,,,,,,,,,,,,,,,
spelad,SE3S,2026/27,2026-06-27,,Trollhättan,Ängelholm,1,1,D,,,,,,,,,,,,,,,,,,,,,,,,,,,,,,,,,,,,,,,,,,,,,,,,,,,,,,,,
spelad,SE3S,2026/27,2026-06-27,,Åtvidaberg,Rosengård,3,3,D,,,,,,,,,,,,,,,,,,,,,,,,,,,,,,,,,,,,,,,,,,,,,,,,,,,,,,,,
spelad,SE3S,2026/27,2026-06-28,,BK Olympic,Eskilsminne,2,1,H,,,,,,,,,,,,,,,,,,,,,,,,,,,,,,,,,,,,,,,,,,,,,,,,,,,,,,,,
spelad,SE3S,2026/27,2026-07-01,,Eskilsminne,Kristianstad,3,2,H,,,,,,,,,,,,,,,,,,,,,,,,,,,,,,,,,,,,,,,,,,,,,,,,,,,,,,,,
spelad,SE3S,2026/27,2026-08-01,,BK Olympic,Skövde AIK,3,1,H,,,,,,,,,,,,,,,,,,,,,,,,,,,,,,,,,,,,,,,,,,,,,,,,,,,,,,,,
spelad,SE3S,2026/27,2026-08-01,,Hässleholm,Åtvidaberg,2,0,H,,,,,,,,,,,,,,,,,,,,,,,,,,,,,,,,,,,,,,,,,,,,,,,,,,,,,,,,
spelad,SE3S,2026/27,2026-08-01,,Laholm,Trollhättan,0,1,A,,,,,,,,,,,,,,,,,,,,,,,,,,,,,,,,,,,,,,,,,,,,,,,,,,,,,,,,
spelad,SE3S,2026/27,2026-08-01,,Tvååker,Utsikten,2,2,D,,,,,,,,,,,,,,,,,,,,,,,,,,,,,,,,,,,,,,,,,,,,,,,,,,,,,,,,
spelad,SE3S,2026/27,2026-08-01,,Ängelholm,AFC Malmö,2,2,D,,,,,,,,,,,,,,,,,,,,,,,,,,,,,,,,,,,,,,,,,,,,,,,,,,,,,,,,
spelad,SE3S,2026/27,2026-08-02,,Rosengård,Jönköping Södra,4,2,H,,,,,,,,,,,,,,,,,,,,,,,,,,,,,,,,,,,,,,,,,,,,,,,,,,,,,,,,
spelad,SE3S,2026/27,2026-08-02,,Trelleborg,Lund,2,2,D,,,,,,,,,,,,,,,,,,,,,,,,,,,,,,,,,,,,,,,,,,,,,,,,,,,,,,,,
spelad,SE3S,2026/27,2026-08-07,,Kristianstad,Ängelholm,1,0,H,,,,,,,,,,,,,,,,,,,,,,,,,,,,,,,,,,,,,,,,,,,,,,,,,,,,,,,,
spelad,SE3S,2026/27,2026-08-08,,AFC Malmö,Trelleborg,1,2,A,,,,,,,,,,,,,,,,,,,,,,,,,,,,,,,,,,,,,,,,,,,,,,,,,,,,,,,,
spelad,SE3S,2026/27,2026-08-08,,Eskilsminne,Rosengård,0,0,D,,,,,,,,,,,,,,,,,,,,,,,,,,,,,,,,,,,,,,,,,,,,,,,,,,,,,,,,
spelad,SE3S,2026/27,2026-08-08,,Skövde AIK,Lund,1,1,D,,,,,,,,,,,,,,,,,,,,,,,,,,,,,,,,,,,,,,,,,,,,,,,,,,,,,,,,
spelad,SE3S,2026/27,2026-08-08,,Trollhättan,Laholm,0,1,A,,,,,,,,,,,,,,,,,,,,,,,,,,,,,,,,,,,,,,,,,,,,,,,,,,,,,,,,
spelad,SE3S,2026/27,2026-08-08,,Tvååker,Åtvidaberg,1,2,A,,,,,,,,,,,,,,,,,,,,,,,,,,,,,,,,,,,,,,,,,,,,,,,,,,,,,,,,
spelad,SE3S,2026/27,2026-08-08,,Utsikten,Hässleholm,0,2,A,,,,,,,,,,,,,,,,,,,,,,,,,,,,,,,,,,,,,,,,,,,,,,,,,,,,,,,,
spelad,SE3S,2026/27,2026-08-09,,Jönköping Södra,BK Olympic,2,0,H,,,,,,,,,,,,,,,,,,,,,,,,,,,,,,,,,,,,,,,,,,,,,,,,,,,,,,,,
spelad,SE3S,2026/27,2026-08-14,,Lund,Hässleholm,0,3,A,,,,,,,,,,,,,,,,,,,,,,,,,,,,,,,,,,,,,,,,,,,,,,,,,,,,,,,,
spelad,SE3S,2026/27,2026-08-15,,BK Olympic,AFC Malmö,2,2,D,,,,,,,,,,,,,,,,,,,,,,,,,,,,,,,,,,,,,,,,,,,,,,,,,,,,,,,,
spelad,SE3S,2026/27,2026-08-15,,Kristianstad,Tvååker,1,2,A,,,,,,,,,,,,,,,,,,,,,,,,,,,,,,,,,,,,,,,,,,,,,,,,,,,,,,,,
spelad,SE3S,2026/27,2026-08-15,,Laholm,Jönköping Södra,0,0,D,,,,,,,,,,,,,,,,,,,,,,,,,,,,,,,,,,,,,,,,,,,,,,,,,,,,,,,,
spelad,SE3S,2026/27,2026-08-15,,Ängelholm,Trollhättan,0,1,A,,,,,,,,,,,,,,,,,,,,,,,,,,,,,,,,,,,,,,,,,,,,,,,,,,,,,,,,
spelad,SE3S,2026/27,2026-08-16,,Rosengård,Utsikten,1,1,D,,,,,,,,,,,,,,,,,,,,,,,,,,,,,,,,,,,,,,,,,,,,,,,,,,,,,,,,
spelad,SE3S,2026/27,2026-08-16,,Trelleborg,Eskilsminne,1,3,A,,,,,,,,,,,,,,,,,,,,,,,,,,,,,,,,,,,,,,,,,,,,,,,,,,,,,,,,
spelad,SE3S,2026/27,2026-08-16,,Åtvidaberg,Skövde AIK,2,1,H,,,,,,,,,,,,,,,,,,,,,,,,,,,,,,,,,,,,,,,,,,,,,,,,,,,,,,,,
spelad,SE3S,2026/27,2026-08-22,,AFC Malmö,Lund,2,5,A,,,,,,,,,,,,,,,,,,,,,,,,,,,,,,,,,,,,,,,,,,,,,,,,,,,,,,,,
spelad,SE3S,2026/27,2026-08-22,,BK Olympic,Tvååker,3,4,A,,,,,,,,,,,,,,,,,,,,,,,,,,,,,,,,,,,,,,,,,,,,,,,,,,,,,,,,
spelad,SE3S,2026/27,2026-08-22,,Jönköping Södra,Rosengård,0,0,D,,,,,,,,,,,,,,,,,,,,,,,,,,,,,,,,,,,,,,,,,,,,,,,,,,,,,,,,
spelad,SE3S,2026/27,2026-08-22,,Trollhättan,Trelleborg,2,1,H,,,,,,,,,,,,,,,,,,,,,,,,,,,,,,,,,,,,,,,,,,,,,,,,,,,,,,,,
spelad,SE3S,2026/27,2026-08-22,,Utsikten,Eskilsminne,2,2,D,,,,,,,,,,,,,,,,,,,,,,,,,,,,,,,,,,,,,,,,,,,,,,,,,,,,,,,,
spelad,SE3S,2026/27,2026-08-22,,Åtvidaberg,Ängelholm,4,1,H,,,,,,,,,,,,,,,,,,,,,,,,,,,,,,,,,,,,,,,,,,,,,,,,,,,,,,,,
spelad,SE3S,2026/27,2026-08-23,,Skövde AIK,Kristianstad,3,1,H,,,,,,,,,,,,,,,,,,,,,,,,,,,,,,,,,,,,,,,,,,,,,,,,,,,,,,,,
spelad,SE3S,2026/27,2026-08-24,,Hässleholm,Laholm,2,1,H,,,,,,,,,,,,,,,,,,,,,,,,,,,,,,,,,,,,,,,,,,,,,,,,,,,,,,,,
spelad,SE3S,2026/27,2026-08-28,,Lund,BK Olympic,7,1,H,,,,,,,,,,,,,,,,,,,,,,,,,,,,,,,,,,,,,,,,,,,,,,,,,,,,,,,,
spelad,SE3S,2026/27,2026-08-29,,Eskilsminne,Hässleholm,0,2,A,,,,,,,,,,,,,,,,,,,,,,,,,,,,,,,,,,,,,,,,,,,,,,,,,,,,,,,,
spelad,SE3S,2026/27,2026-08-29,,Kristianstad,Åtvidaberg,5,2,H,,,,,,,,,,,,,,,,,,,,,,,,,,,,,,,,,,,,,,,,,,,,,,,,,,,,,,,,
spelad,SE3S,2026/27,2026-08-29,,Rosengård,Trollhättan,3,2,H,,,,,,,,,,,,,,,,,,,,,,,,,,,,,,,,,,,,,,,,,,,,,,,,,,,,,,,,
spelad,SE3S,2026/27,2026-08-29,,Tvååker,Skövde AIK,1,1,D,,,,,,,,,,,,,,,,,,,,,,,,,,,,,,,,,,,,,,,,,,,,,,,,,,,,,,,,
spelad,SE3S,2026/27,2026-08-29,,Ängelholm,Jönköping Södra,0,1,A,,,,,,,,,,,,,,,,,,,,,,,,,,,,,,,,,,,,,,,,,,,,,,,,,,,,,,,,
spelad,SE3S,2026/27,2026-08-30,,Laholm,AFC Malmö,2,2,D,,,,,,,,,,,,,,,,,,,,,,,,,,,,,,,,,,,,,,,,,,,,,,,,,,,,,,,,
spelad,SE3S,2026/27,2026-08-30,,Trelleborg,Utsikten,2,1,H,,,,,,,,,,,,,,,,,,,,,,,,,,,,,,,,,,,,,,,,,,,,,,,,,,,,,,,,
spelad,SE3S,2026/27,2026-09-04,,Rosengård,Laholm,4,2,H,,,,,,,,,,,,,,,,,,,,,,,,,,,,,,,,,,,,,,,,,,,,,,,,,,,,,,,,
spelad,SE3S,2026/27,2026-09-05,,AFC Malmö,Åtvidaberg,2,2,D,,,,,,,,,,,,,,,,,,,,,,,,,,,,,,,,,,,,,,,,,,,,,,,,,,,,,,,,
spelad,SE3S,2026/27,2026-09-05,,BK Olympic,Ängelholm,5,0,H,,,,,,,,,,,,,,,,,,,,,,,,,,,,,,,,,,,,,,,,,,,,,,,,,,,,,,,,
spelad,SE3S,2026/27,2026-09-05,,Hässleholm,Kristianstad,2,1,H,,,,,,,,,,,,,,,,,,,,,,,,,,,,,,,,,,,,,,,,,,,,,,,,,,,,,,,,
spelad,SE3S,2026/27,2026-09-05,,Trollhättan,Eskilsminne,4,2,H,,,,,,,,,,,,,,,,,,,,,,,,,,,,,,,,,,,,,,,,,,,,,,,,,,,,,,,,
spelad,SE3S,2026/27,2026-09-05,,Utsikten,Lund,1,1,D,,,,,,,,,,,,,,,,,,,,,,,,,,,,,,,,,,,,,,,,,,,,,,,,,,,,,,,,
spelad,SE3S,2026/27,2026-09-06,,Jönköping Södra,Tvååker,0,1,A,,,,,,,,,,,,,,,,,,,,,,,,,,,,,,,,,,,,,,,,,,,,,,,,,,,,,,,,
spelad,SE3S,2026/27,2026-09-06,,Skövde AIK,Trelleborg,2,1,H,,,,,,,,,,,,,,,,,,,,,,,,,,,,,,,,,,,,,,,,,,,,,,,,,,,,,,,,
spelad,SE3S,2026/27,2026-09-11,,Lund,Rosengård,2,0,H,,,,,,,,,,,,,,,,,,,,,,,,,,,,,,,,,,,,,,,,,,,,,,,,,,,,,,,,
spelad,SE3S,2026/27,2026-09-11,,Trollhättan,Utsikten,5,0,H,,,,,,,,,,,,,,,,,,,,,,,,,,,,,,,,,,,,,,,,,,,,,,,,,,,,,,,,
spelad,SE3S,2026/27,2026-09-12,,Laholm,Eskilsminne,1,0,H,,,,,,,,,,,,,,,,,,,,,,,,,,,,,,,,,,,,,,,,,,,,,,,,,,,,,,,,
spelad,SE3S,2026/27,2026-09-12,,Trelleborg,Hässleholm,2,1,H,,,,,,,,,,,,,,,,,,,,,,,,,,,,,,,,,,,,,,,,,,,,,,,,,,,,,,,,
spelad,SE3S,2026/27,2026-09-12,,Tvååker,AFC Malmö,0,0,D,,,,,,,,,,,,,,,,,,,,,,,,,,,,,,,,,,,,,,,,,,,,,,,,,,,,,,,,
spelad,SE3S,2026/27,2026-09-12,,Åtvidaberg,BK Olympic,3,2,H,,,,,,,,,,,,,,,,,,,,,,,,,,,,,,,,,,,,,,,,,,,,,,,,,,,,,,,,
spelad,SE3S,2026/27,2026-09-12,,Ängelholm,Skövde AIK,0,3,A,,,,,,,,,,,,,,,,,,,,,,,,,,,,,,,,,,,,,,,,,,,,,,,,,,,,,,,,
spelad,SE3S,2026/27,2026-09-13,,Kristianstad,Jönköping Södra,0,0,D,,,,,,,,,,,,,,,,,,,,,,,,,,,,,,,,,,,,,,,,,,,,,,,,,,,,,,,,
spelad,SE3S,2026/27,2026-09-16,,Hässleholm,AFC Malmö,2,0,H,,,,,,,,,,,,,,,,,,,,,,,,,,,,,,,,,,,,,,,,,,,,,,,,,,,,,,,,
spelad,SE3S,2026/27,2026-09-16,,Jönköping Södra,Åtvidaberg,1,0,H,,,,,,,,,,,,,,,,,,,,,,,,,,,,,,,,,,,,,,,,,,,,,,,,,,,,,,,,
spelad,SE3S,2026/27,2026-09-16,,Lund,Ängelholm,2,0,H,,,,,,,,,,,,,,,,,,,,,,,,,,,,,,,,,,,,,,,,,,,,,,,,,,,,,,,,
spelad,SE3S,2026/27,2026-09-16,,Utsikten,Laholm,0,0,D,,,,,,,,,,,,,,,,,,,,,,,,,,,,,,,,,,,,,,,,,,,,,,,,,,,,,,,,
spelad,SE3S,2026/27,2026-09-17,,Eskilsminne,Tvååker,4,2,H,,,,,,,,,,,,,,,,,,,,,,,,,,,,,,,,,,,,,,,,,,,,,,,,,,,,,,,,
spelad,SE3S,2026/27,2026-09-17,,Kristianstad,BK Olympic,0,1,A,,,,,,,,,,,,,,,,,,,,,,,,,,,,,,,,,,,,,,,,,,,,,,,,,,,,,,,,
spelad,SE3S,2026/27,2026-09-17,,Rosengård,Trelleborg,3,4,A,,,,,,,,,,,,,,,,,,,,,,,,,,,,,,,,,,,,,,,,,,,,,,,,,,,,,,,,
spelad,SE3S,2026/27,2026-09-17,,Skövde AIK,Trollhättan,1,3,A,,,,,,,,,,,,,,,,,,,,,,,,,,,,,,,,,,,,,,,,,,,,,,,,,,,,,,,,
spelad,SE3S,2026/27,2026-09-19,,AFC Malmö,Utsikten,3,1,H,,,,,,,,,,,,,,,,,,,,,,,,,,,,,,,,,,,,,,,,,,,,,,,,,,,,,,,,
spelad,SE3S,2026/27,2026-09-19,,Åtvidaberg,Lund,1,0,H,,,,,,,,,,,,,,,,,,,,,,,,,,,,,,,,,,,,,,,,,,,,,,,,,,,,,,,,
spelad,SE3S,2026/27,2026-09-20,,BK Olympic,Rosengård,1,1,D,,,,,,,,,,,,,,,,,,,,,,,,,,,,,,,,,,,,,,,,,,,,,,,,,,,,,,,,
spelad,SE3S,2026/27,2026-09-20,,Hässleholm,Trollhättan,0,1,A,,,,,,,,,,,,,,,,,,,,,,,,,,,,,,,,,,,,,,,,,,,,,,,,,,,,,,,,
spelad,SE3S,2026/27,2026-09-20,,Laholm,Kristianstad,2,3,A,,,,,,,,,,,,,,,,,,,,,,,,,,,,,,,,,,,,,,,,,,,,,,,,,,,,,,,,
spelad,SE3S,2026/27,2026-09-20,,Tvååker,Trelleborg,0,1,A,,,,,,,,,,,,,,,,,,,,,,,,,,,,,,,,,,,,,,,,,,,,,,,,,,,,,,,,
spelad,SE3S,2026/27,2026-09-21,,Jönköping Södra,Skövde AIK,3,2,H,,,,,,,,,,,,,,,,,,,,,,,,,,,,,,,,,,,,,,,,,,,,,,,,,,,,,,,,
spelad,SE3S,2026/27,2026-09-21,,Ängelholm,Eskilsminne,2,2,D,,,,,,,,,,,,,,,,,,,,,,,,,,,,,,,,,,,,,,,,,,,,,,,,,,,,,,,,
spelad,SE3S,2026/27,2026-09-25,,Lund,Kristianstad,0,1,A,,,,,,,,,,,,,,,,,,,,,,,,,,,,,,,,,,,,,,,,,,,,,,,,,,,,,,,,
spelad,SE3S,2026/27,2026-09-26,,Laholm,Åtvidaberg,1,2,A,,,,,,,,,,,,,,,,,,,,,,,,,,,,,,,,,,,,,,,,,,,,,,,,,,,,,,,,
spelad,SE3S,2026/27,2026-09-26,,Rosengård,Hässleholm,2,1,H,,,,,,,,,,,,,,,,,,,,,,,,,,,,,,,,,,,,,,,,,,,,,,,,,,,,,,,,
spelad,SE3S,2026/27,2026-09-26,,Skövde AIK,BK Olympic,2,1,H,,,,,,,,,,,,,,,,,,,,,,,,,,,,,,,,,,,,,,,,,,,,,,,,,,,,,,,,
spelad,SE3S,2026/27,2026-09-26,,Trollhättan,Tvååker,4,2,H,,,,,,,,,,,,,,,,,,,,,,,,,,,,,,,,,,,,,,,,,,,,,,,,,,,,,,,,
spelad,SE3S,2026/27,2026-09-26,,Utsikten,Jönköping Södra,3,0,H,,,,,,,,,,,,,,,,,,,,,,,,,,,,,,,,,,,,,,,,,,,,,,,,,,,,,,,,
spelad,SE3S,2026/27,2026-09-27,,Eskilsminne,AFC Malmö,0,1,A,,,,,,,,,,,,,,,,,,,,,,,,,,,,,,,,,,,,,,,,,,,,,,,,,,,,,,,,
spelad,SE3S,2026/27,2026-09-27,,Trelleborg,Ängelholm,1,0,H,,,,,,,,,,,,,,,,,,,,,,,,,,,,,,,,,,,,,,,,,,,,,,,,,,,,,,,,
spelad,SE3S,2026/27,2026-10-02,,Kristianstad,AFC Malmö,0,1,A,,,,,,,,,,,,,,,,,,,,,,,,,,,,,,,,,,,,,,,,,,,,,,,,,,,,,,,,
spelad,SE3S,2026/27,2026-10-02,,Lund,Laholm,0,1,A,,,,,,,,,,,,,,,,,,,,,,,,,,,,,,,,,,,,,,,,,,,,,,,,,,,,,,,,
spelad,SE3S,2026/27,2026-10-03,,Jönköping Södra,Eskilsminne,0,1,A,,,,,,,,,,,,,,,,,,,,,,,,,,,,,,,,,,,,,,,,,,,,,,,,,,,,,,,,
spelad,SE3S,2026/27,2026-10-03,,Skövde AIK,Utsikten,3,2,H,,,,,,,,,,,,,,,,,,,,,,,,,,,,,,,,,,,,,,,,,,,,,,,,,,,,,,,,
spelad,SE3S,2026/27,2026-10-03,,Tvååker,Hässleholm,1,2,A,,,,,,,,,,,,,,,,,,,,,,,,,,,,,,,,,,,,,,,,,,,,,,,,,,,,,,,,
spelad,SE3S,2026/27,2026-10-03,,Åtvidaberg,Trollhättan,1,1,D,,,,,,,,,,,,,,,,,,,,,,,,,,,,,,,,,,,,,,,,,,,,,,,,,,,,,,,,
spelad,SE3S,2026/27,2026-10-03,,Ängelholm,Rosengård,3,0,H,,,,,,,,,,,,,,,,,,,,,,,,,,,,,,,,,,,,,,,,,,,,,,,,,,,,,,,,
spelad,SE3S,2026/27,2026-10-04,,BK Olympic,Trelleborg,0,2,A,,,,,,,,,,,,,,,,,,,,,,,,,,,,,,,,,,,,,,,,,,,,,,,,,,,,,,,,
kommande,SE3S,,2026-10-10,2026-10-10T14:00:00Z,AFC Malmö,Skövde AIK,,,,,,,,,,,,,,,,,,,,,,,,,,,,,,,,,,,,,,,,,,,,,,,,,,,,,,,,,,,
kommande,SE3S,,2026-10-10,2026-10-10T11:00:00Z,Eskilsminne,BK Olympic,,,,,,,,,,,,,,,,,,,,,,,,,,,,,,,,,,,,,,,,,,,,,,,,,,,,,,,,,,,
kommande,SE3S,,2026-10-10,2026-10-10T11:00:00Z,Hässleholm,Jönköping Södra,,,,,,,,,,,,,,,,,,,,,,,,,,,,,,,,,,,,,,,,,,,,,,,,,,,,,,,,,,,
kommande,SE3S,,2026-10-10,2026-10-10T14:00:00Z,Lund,Trollhättan,,,,,,,,,,,,,,,,,,,,,,,,,,,,,,,,,,,,,,,,,,,,,,,,,,,,,,,,,,,
kommande,SE3S,,2026-10-10,2026-10-10T14:00:00Z,Rosengård,Åtvidaberg,,,,,,,,,,,,,,,,,,,,,,,,,,,,,,,,,,,,,,,,,,,,,,,,,,,,,,,,,,,
kommande,SE3S,,2026-10-10,2026-10-10T11:00:00Z,Trelleborg,Kristianstad,,,,,,,,,,,,,,,,,,,,,,,,,,,,,,,,,,,,,,,,,,,,,,,,,,,,,,,,,,,
kommande,SE3S,,2026-10-11,2026-10-11T11:00:00Z,Utsikten,Ängelholm,,,,,,,,,,,,,,,,,,,,,,,,,,,,,,,,,,,,,,,,,,,,,,,,,,,,,,,,,,,
kommande,SE3S,,2026-10-12,2026-10-12T17:00:00Z,Laholm,Tvååker,,,,,,,,,,,,,,,,,,,,,,,,,,,,,,,,,,,,,,,,,,,,,,,,,,,,,,,,,,,
kommande,SE3S,,2026-10-16,2026-10-16T17:00:00Z,Lund,Trelleborg,,,,,,,,,,,,,,,,,,,,,,,,,,,,,,,,,,,,,,,,,,,,,,,,,,,,,,,,,,,
kommande,SE3S,,2026-10-17,2026-10-17T14:00:00Z,Jönköping Södra,AFC Malmö,,,,,,,,,,,,,,,,,,,,,,,,,,,,,,,,,,,,,,,,,,,,,,,,,,,,,,,,,,,
kommande,SE3S,,2026-10-17,2026-10-17T14:00:00Z,Skövde AIK,Eskilsminne,,,,,,,,,,,,,,,,,,,,,,,,,,,,,,,,,,,,,,,,,,,,,,,,,,,,,,,,,,,
kommande,SE3S,,2026-10-17,2026-10-17T11:00:00Z,Tvååker,Rosengård,,,,,,,,,,,,,,,,,,,,,,,,,,,,,,,,,,,,,,,,,,,,,,,,,,,,,,,,,,,
kommande,SE3S,,2026-10-17,2026-10-17T14:00:00Z,Åtvidaberg,Hässleholm,,,,,,,,,,,,,,,,,,,,,,,,,,,,,,,,,,,,,,,,,,,,,,,,,,,,,,,,,,,
kommande,SE3S,,2026-10-17,2026-10-17T11:00:00Z,Ängelholm,Laholm,,,,,,,,,,,,,,,,,,,,,,,,,,,,,,,,,,,,,,,,,,,,,,,,,,,,,,,,,,,
kommande,SE3S,,2026-10-18,2026-10-18T11:00:00Z,BK Olympic,Utsikten,,,,,,,,,,,,,,,,,,,,,,,,,,,,,,,,,,,,,,,,,,,,,,,,,,,,,,,,,,,
kommande,SE3S,,2026-10-18,2026-10-18T14:00:00Z,Kristianstad,Trollhättan,,,,,,,,,,,,,,,,,,,,,,,,,,,,,,,,,,,,,,,,,,,,,,,,,,,,,,,,,,,
kommande,SE3S,,2026-10-23,2026-10-23T17:00:00Z,Utsikten,Tvååker,,,,,,,,,,,,,,,,,,,,,,,,,,,,,,,,,,,,,,,,,,,,,,,,,,,,,,,,,,,
kommande,SE3S,,2026-10-24,2026-10-24T11:00:00Z,AFC Malmö,Ängelholm,,,,,,,,,,,,,,,,,,,,,,,,,,,,,,,,,,,,,,,,,,,,,,,,,,,,,,,,,,,
kommande,SE3S,,2026-10-24,2026-10-24T11:00:00Z,Eskilsminne,Lund,,,,,,,,,,,,,,,,,,,,,,,,,,,,,,,,,,,,,,,,,,,,,,,,,,,,,,,,,,,
kommande,SE3S,,2026-10-24,2026-10-24T14:00:00Z,Hässleholm,Skövde AIK,,,,,,,,,,,,,,,,,,,,,,,,,,,,,,,,,,,,,,,,,,,,,,,,,,,,,,,,,,,
kommande,SE3S,,2026-10-24,2026-10-24T11:00:00Z,Laholm,BK Olympic,,,,,,,,,,,,,,,,,,,,,,,,,,,,,,,,,,,,,,,,,,,,,,,,,,,,,,,,,,,
kommande,SE3S,,2026-10-24,2026-10-24T11:00:00Z,Rosengård,Kristianstad,,,,,,,,,,,,,,,,,,,,,,,,,,,,,,,,,,,,,,,,,,,,,,,,,,,,,,,,,,,
kommande,SE3S,,2026-10-24,2026-10-24T14:00:00Z,Trollhättan,Jönköping Södra,,,,,,,,,,,,,,,,,,,,,,,,,,,,,,,,,,,,,,,,,,,,,,,,,,,,,,,,,,,
kommande,SE3S,,2026-10-25,2026-10-25T12:00:00Z,Trelleborg,Åtvidaberg,,,,,,,,,,,,,,,,,,,,,,,,,,,,,,,,,,,,,,,,,,,,,,,,,,,,,,,,,,,
